"","coc_num","coc_name","CoC Category","Count Types","fips_state","state_full","state_abv","Overall Homeless","Overall Homeless - Under 18","Overall Homeless - Age 18 to 24","Overall Homeless - Age 25 to 34","Overall Homeless - Age 35 to 44","Overall Homeless - Age 45 to 54","Overall Homeless - Age 55 to 64","Overall Homeless - Over 64","Overall Homeless - Woman","Overall Homeless - Man","Overall Homeless - Transgender","Overall Homeless - Non Binary","Overall Homeless - More Than One Gender","Overall Homeless - Gender Questioning","Overall Homeless - Culturally Specific Identity","Overall Homeless - Different Identity","Overall Homeless - Non-Hispanic/Latina/e/o","Overall Homeless - Hispanic/Latina/e/o","Overall Homeless - American Indian, Alaska Native, or Indigenous","Overall Homeless - Asian or Asian American","Overall Homeless - Black, African American, or African","Overall Homeless - Middle Eastern or North African","Overall Homeless - White","Overall Homeless - Native Hawaiian or Other Pacific Islander","Overall Homeless - Multi-Racial","Overall Homeless Veterans","Overall Chronically Homeless","Overall Homeless People in Families","Overall Homeless Individuals","Overall Homeless Unaccompanied Youth (Under 25)","Overall Homeless Parenting Youth (Under 25)","Sheltered Total Homeless","Sheltered ES Homeless","Sheltered TH Homeless","Sheltered SH Homeless","Unsheltered Homeless","Total Year-Round Beds (ES, TH, SH)","Total Year-Round Beds (ES)","Total Year-Round Beds (TH)","Total Year-Round Beds (SH)","Total Year-Round Beds (OPH)","Total Year-Round Beds (PSH)","Total Year-Round Beds (RRH)","total_population","AWATER","ALAND","disadvantaged_county","persistent_poverty_county","percent_rural","percent_urban","percent_poc","acs_popest","pct_amer_indian_ak_native","pct_asian","pct_black","pct_multi_racial","pct_native_hi_other_pi","pct_other_race","pct_white","pct_male","pct_female","pct_hispanic_latinx","pct_non_hispanic_latinx","est_amer_indian_ak_native","est_asian","est_black","est_multi_racial","est_native_hi_other_pi","est_other_race","est_white","est_male","est_female","est_hispanic_latinx","est_non_hispanic_latinx","poverty_rate","pop_density","med_hh_income","employment_access_index","housing_cost_burden","overcrowded_housing","vacancy_rate","incomplete_plumbing","incomplete_kitchen","housing_units","permits","ind_hud_202","ind_hud_hcv","ind_hud_pbs8","ind_hud_ph","ind_hud_housing","ind_hud_all","capacity_housing","capacity_environment","capacity_transport","cnw_500","contaminated_sites","stations_elevated","stations_subway","airports_primary","docks","transport_trade_jobs","rail_transit_km","highway_miles","pct_under_18","pct_18_to_24","pct_25_to_34","pct_35_to_44","pct_45_to_54","pct_55_to_64","pct_over_64","est_under_18","est_18_to_24","est_25_to_34","est_35_to_44","est_45_to_54","est_55_to_64","est_over_64","median_age","fnd_per_impov","fnd_per_person","fnd_per_hmls","homeless_rate","coc","cdbg_entitlement","elderly","hcv","home","hud_disability","hud_esg","hud_hopwa","public_hsg","public_hsg_cap","s8_project","funding_tot"
"1","AK-500","Anchorage CoC","Other Largely Urban CoC","Sheltered and Unsheltered Count","02","Alaska","AK",1709,241,169,305,407,254,241,92,649,1047,6,1,2,1,0,3,1612,97,690,28,169,0,463,125,207,70,384,388,1321,141,8,1363,1107,256,0,346,921,617,304,0,288,723,268,292090,621079537,4420814008,0,0,0.935919918,0.957307715,0.432616659,289069,0.0727784715759905,0.0981461173629825,0.0528593519194379,0.130795761565578,0.0311344350310825,0.0311102193593917,0.583175643185537,0.510673922143156,0.489326077856844,0.093240714154752,0.906759285845248,21038,28371,15280,37809,9000,8993,168578,147620,141449,26953,262116,0.08848853,6.60715423610737e-05,84813,22028,0.456706282,0.004907918,0.09571995,0.011784298,0.008360596,0.404988189,0.00266685,0.000612825,0.008428909,0.001595399,0.001660447,0.010089356,0.01229758,0.001547468,0.002225342,0.001982266,0,0.000109555,0,0,3.4236e-06,8.05049324946605e-09,NA,0,0.11013662376,0.237500389180438,0.0965859362297583,0.166776790316499,0.142249774275346,0.116079551940886,0.11649121835963,0.124316339697442,68654,27920,48210,41120,33555,33674,0.124316339697442,34.9,2124.1362003652,187.961689890102,32125.0614394383,0.00585093635523298,7236937,3767125,2175033,1.1e+08,1552291,596528,330308,924965,20591074,7004695,10722774,54901730
"2","AK-501","Alaska Balance of State CoC","Largely Rural CoC","Sheltered and Unsheltered Count","02","Alaska","AK",977,202,59,190,217,136,127,46,445,523,3,4,2,0,0,0,920,57,517,11,31,6,304,4,101,36,267,279,698,56,2,844,635,209,0,133,1118,821,297,0,86,409,115,444900,244756652020,1474522847639,0.482758620689655,0.103448275862069,28.97265468,5.004620682,0.383564846149458,444902,0.180237445549806,0.0420946635438816,0.0168441589383729,0.116868433947251,0.00534724501126091,0.0160732026378843,0.622534850371543,0.534272716238632,0.465727283761368,0.0573609469051611,0.942639053094839,80188,18728,7494,51995,2379,7151,276967,237699,207203,25520,419382,0.112875520219506,3.01724724518424e-07,73053.0648505282,1886.15972802877,0.431824593173221,0.0104758953339075,0.25927018083361,0.15366275228944,0.126916557851767,0.449712294983844,NA,0.000146100346826253,0.00450663075255114,0.00160260737344797,0.00163857061168802,0.00614520136423915,0.00789390908451337,0.00285457387457856,0.00439874115961115,0.00336255335128343,0.02460984788,0.000512474793021353,0,0,0.00012587099235581,7.92624122794618e-10,NA,0,0.33509706164956,0.246804914340686,0.089210657627972,0.148405716315054,0.135753491780212,0.11398690048595,0.126753757007161,0.139084562442965,109804,39690,66026,60397,50713,56393,0.139084562442965,36.3715050573162,234.728645790705,26.4951180040459,12065.1770726714,0.00219599910092156,668896,0,1488421,1708344,0,2837540,0,0,0,0,6792821,11787678
"3","AL-500","Birmingham/Jefferson, St. Clair, Shelby Counties CoC","Largely Suburban CoC","Sheltered and Unsheltered Count","01","Alabama","AL",911,89,50,151,174,192,170,85,309,585,13,1,3,0,0,0,886,25,3,1,569,0,308,3,19,80,228,126,785,48,6,516,436,70,10,395,563,473,80,10,0,1376,164,1278404,327352206,12950322388,0.571428571428571,0,6.209462647,3.288897517,0.364063316250023,1306121,0.00313600347900386,0.0146517818793205,0.280503873683985,0.0412419676278078,0.000761797720119346,0.0275778430941697,0.632126732515594,0.481640674945124,0.518359325054876,0.0590986593125752,0.940901340687425,4096,19137,366372,53867,995,36020,825634,629081,677040,77190,1228931,0.141372952927805,9.87159980808348e-05,57401.72127121,13174.8337309645,0.455778349099451,0.000396304058283744,0.146738785910054,0.0325193279940426,0.0417324480802407,0.456412057723049,0.00252050959340631,0.000491237635267099,0.00746477632954997,0.00396666438980713,0.00735057175606694,0.0148153480856169,0.0192732501106911,0.00133995201452123,0.00356303663393575,0.00218866644823702,0.005101935,0.000147840551934991,0,0,7.82226509851346e-07,1.2219252954263e-08,0.03856449126287,0,1.882523632245,0.227111423826736,0.0882697697992759,0.132273349865748,0.128298986081688,0.125084888766048,0.128055517061589,0.170906064598915,296635,115291,172765,167574,163376,167256,0.170906064598915,39.119712391388,1620.79311137825,229.136308240587,321546.402854007,0.000712607282204999,18486616,20902921,5662199,164408484,5837417,1249069,1449779,7021825,108462469,62448496,61407982,292928773
"4","AL-501","Mobile City & County/Baldwin County CoC","Other Largely Urban CoC","Sheltered and Unsheltered Count","01","Alabama","AL",675,155,20,96,113,112,127,52,290,383,1,1,0,0,0,0,648,27,10,6,398,0,222,8,19,83,120,234,441,11,4,324,167,157,0,351,445,246,199,0,10,242,120,632266,2206898517,7301789038,0.5,0,1.734211357,1.400172128,0.343749308152376,653107,0.00397637753078745,0.0166511766065897,0.257299339924392,0.0461517025540991,0.000404221666587558,0.0161458995233553,0.659371282194189,0.482443152500279,0.517556847499721,0.0416026776623126,0.958397322337687,2597,10875,168044,30142,264,10545,430640,315087,338020,27171,625936,0.148657757561291,8.65905597531726e-05,53813.2117004552,8585.03945174974,0.509503153313004,0.00134658256772614,0.197510196720557,0.027990080791303,0.0440101523165298,0.476173003564794,0.0048478193150889,0.00100274221683595,0.0100052826060203,0.00463570706755068,0.00447912730649916,0.0144844099125194,0.020122859196906,0.00124156637049122,0.00323597967556693,0.00247364244272031,0.012634142,0.000117039603267296,0,0,1.58161074837173e-06,2.4921847009479e-08,0.0315974609136091,0,0.463276021286,0.226309012152679,0.0812531484121285,0.12759471265811,0.123051812337029,0.120683134616533,0.135175400049303,0.185932779774218,147804,53067,83333,80366,78819,88284,0.185932779774218,40.2298179879987,980.18897688245,145.712695289641,136487.678518519,0.0010675886414895,7128370,8054879,4642542,116334797,3253864,1914568,563344,0,19714253,19441168,27416195,92129183
"5","AL-502","Florence/Northwest Alabama CoC","Largely Rural CoC","Sheltered and Unsheltered Count","01","Alabama","AL",210,50,13,47,42,32,20,6,108,102,0,0,0,0,0,0,192,18,0,2,42,0,165,0,1,6,0,74,136,17,4,156,97,59,0,54,211,125,86,0,0,0,35,265913,366041044,10207020632,0.666666666666667,0,5.902453718,1.3849723993,0.173752317388958,270672,0.00856387066264704,0.00421912868711947,0.08945882839747,0.0472121238990365,0.000192114441094757,0.0288245551811787,0.821529378731454,0.486795826683218,0.513204173316782,0.0519152331973754,0.948084766802625,2318,1142,24214,12779,52,7802,222365,131762,138910,14052,256620,0.15665438554267,2.60519704610312e-05,45809.8846352002,3671.39462530978,0.409337898119088,0.000487276131625877,0.18940770637007,0.0796724042484948,0.075587643642996,0.4883852992875,0.00141903178338968,0.000146664561491917,0.00391481407616401,0.00688195021921832,0.00897285943820723,0.0128876735143712,0.0199162882950815,0.00121092219123924,0.00490761997018574,0.00206458516611448,0.022746732,0.000229398405457424,0,0,3.76061934542501e-06,2.45874138130805e-08,0.0190776683947118,0,1.02254772032,0.210941656322043,0.0935449547792162,0.118058018561211,0.113986670213395,0.125727818171071,0.138902435419992,0.198838446533073,57096,25320,31955,30853,34031,37597,0.198838446533073,41.7993986755067,1299.61235500269,203.589974916608,257796.29047619,0.000789731980008499,813711,690980,451483,11692831,0,673090,0,0,17897466,13987254,19623237,54137221
"6","AL-503","Huntsville/North Alabama CoC","Other Largely Urban CoC","Sheltered and Unsheltered Count","01","Alabama","AL",621,86,45,105,111,119,119,36,211,405,0,0,5,0,0,0,586,35,7,4,257,2,308,2,10,22,71,113,508,59,0,376,364,12,0,245,407,377,30,0,0,153,4,583959,192380403,5036681653,0,0,2.573255775,1.934473387,0.314820047244142,628454,0.00670375238283152,0.020521788388649,0.201050514437015,0.0625216801866167,0.000652394606446932,0.025406791905215,0.683143078093226,0.493942277398187,0.506057722601813,0.0737667355128617,0.926233264487138,4213,12897,126351,39292,410,15967,429324,310420,318034,46359,582095,0.123450090208319,0.000115941216902636,63598.6294380256,10116.5880669705,0.426327437958783,0.00139431215160314,0.0866300383037332,0.0175500153491701,0.0244113085540475,0.432609138325615,0.00523384628553888,0.000352764338777209,0.00388554690282194,0.00244023946238691,0.00439585654174351,0.00828140344456546,0.0110744072457296,0.00102404490630507,0.00342489802919554,0.00200699042837254,0.014827696,7.02103833986633e-05,0,0,1.71244777640211e-06,5.19802971459624e-08,0.0221693647398036,0,0.605155317792,0.221481604063305,0.0891346065105799,0.135397340139453,0.13020523379595,0.125538225550319,0.139022108221127,0.159220881719267,139191,56017,85091,81828,78895,87369,0.159220881719267,39.0109430627835,871.066095911303,107.533188117659,101119.119162641,0.00106343082305436,1534203,3623065,1033200,40686095,1706163,317130,0,0,21599617,17748783,15232812,62794973
"7","AL-504","Montgomery City & County CoC","Other Largely Urban CoC","Sheltered and Unsheltered Count","01","Alabama","AL",340,62,10,41,64,65,46,52,129,209,1,1,0,0,0,0,326,14,2,0,221,0,104,0,7,38,60,94,246,8,0,199,145,54,0,141,228,169,59,0,0,154,24,383725,192460420,8643375119,0.4,0.4,4.79382829,1.757223306,0.529532868367592,395316,0.00156836556071598,0.0219520586062795,0.452526586325876,0.0421865039613879,4.5533193698206e-05,0.0122889030547714,0.469432049297271,0.47852351030568,0.52147648969432,0.0417514089993828,0.958248591000617,620,8678,178891,16677,18,4858,185574,189168,206148,16505,378811,0.168897607976353,4.43952732256743e-05,54082.6541846374,9233.31729233175,0.502759032508695,0.0008777698625534,0.141256201425604,0.0428110934067731,0.0417227708004561,0.450671705398056,0.00242397418833592,0.000377874707316438,0.00992377356130562,0.00227506656923578,0.00361717368644733,0.0135409472477529,0.0161938885243052,0.000964232004292136,0.00370317310889048,0.00196755472599127,0.023848596,0.000174604021048928,0,0,2.60603510970096e-06,5.19587779383418e-09,0.0269672291016066,0,1.04919248355,0.233213429256595,0.0897130396948264,0.137629137196572,0.127002195711785,0.1230989891631,0.128702101609851,0.160641107367271,92193,35465,54407,50206,48663,50878,0.160641107367271,37.9013838035051,1612.02943657589,272.267915825135,307282.370588235,0.000886051208547788,3992053,3334005,1511158,51964335,1956825,257655,293015,8112463,12778905,8847650,63392277,104476006
"8","AL-506","Tuscaloosa City & County CoC","Other Largely Urban CoC","Sheltered-Only Count","01","Alabama","AL",86,13,8,15,15,18,6,11,25,61,0,0,0,0,0,0,85,1,0,0,53,0,15,0,0,7,5,18,68,7,0,69,56,13,0,17,73,65,8,0,0,285,29,208854,78703449,3420980041,0,0,0.933255464,0.689097764,0.389516121,234036,0.00217060623151994,0.0164547334598096,0.319502127877762,0.0388059956587875,0.000192278111059837,0.0141602146678289,0.608714043993232,0.483070980532909,0.516929019467091,0.0538079611683673,0.946192038831633,508,3851,74775,9082,45,3314,142461,113056,120980,12593,221443,0.172146282,6.10509261956843e-05,54283,10544,0.507376396,0.000682612,0.185414145,0.022001984,0.013486846,0.439153667,0.005117657,0.000201097,0.008168386,0.005420054,0.006262748,0.014431134,0.020052285,0.001086884,0.003011673,0.002097159,0.011090279,9.57607e-05,0,0,0,2.54118535997069e-08,0.022537275,0,0.195247370754,0.206886974653472,0.180912338272744,0.137884769864465,0.120618195491292,0.108671315524107,0.10757319386761,0.137453212326309,48419,42340,32270,28229,25433,25176,0.137453212326309,33,1134.29703737572,195.265017667845,474207.906976744,0.000411770902161318,365846,1644018,239026,27008879,1052427,708,0,0,11325670,10216033,15938152,40781880
"9","AL-507","Alabama Balance of State CoC","Largely Rural CoC","Sheltered and Unsheltered Count","01","Alabama","AL",1291,280,109,222,220,223,170,67,661,621,4,0,0,4,1,0,1171,120,11,2,651,0,530,0,82,35,284,473,818,12,8,153,34,69,50,1138,166,135,31,0,0,0,7,1540065,1218497142,83624873679,0.86046511627907,0.418604651162791,42.31145415,8.829028304,0.327055026884505,1566547,0.00519550323099147,0.00982351630688387,0.242482351311515,0.042265568795574,0.000497910372302906,0.0183818295908134,0.681353320391919,0.488236229107713,0.511763770892287,0.0496442175051243,0.950355782494876,8139,15389,379860,66211,780,28796,1067372,764845,801702,77770,1488777,0.190889202408428,1.84163506890503e-05,45035.54573281,3257.77947164568,0.464878920144928,0.00253770812271613,0.2015611123907,0.0616222340176057,0.0594898855950288,0.479657676916553,0.00184921451731187,0.000217523216490213,0.00518030082786636,0.00463811591893005,0.00692957768403087,0.0121098785118972,0.0169655176473175,0.00133111264386373,0.00360114673284504,0.00240249597351086,0.160533721,0.000167525395313945,0,0,6.49324646492194e-07,4.92409519471815e-09,0.0216627219704136,0,7.9459591954,0.221291158196977,0.0960392506576566,0.122253593412773,0.118375637628491,0.122449565828539,0.134472824626392,0.185117969649171,346663,150450,191516,185441,191823,210658,0.185117969649171,40.2305804625129,803.482455259668,153.376125033684,182966.07436096,0.00083827630651953,0,2920594,1972879,120767840,0,231073,0,0,82513853,70086292,78484511,236209202
"10","AR-500","Little Rock/Central Arkansas CoC","Other Largely Urban CoC","Sheltered-Only Count","05","Arkansas","AR",1016,160,88,201,200,147,125,95,446,563,3,4,0,0,0,0,986,30,2,3,248,0,242,0,27,75,694,481,535,42,9,552,410,142,0,464,705,469,236,0,0,402,0,595369,300301974,7513163983,0.25,0,3.631276496,1.999397808,0.373363410022131,607582,0.00291483289498372,0.0177523363101606,0.267563884381038,0.0615538314169939,0.000477301829218114,0.0296750068303538,0.620062806337252,0.483098577640549,0.516901422359451,0.0749660128180229,0.925033987181977,1771,10786,162567,37399,290,18030,376739,293522,314060,45548,562034,0.137344216898989,7.92434454175549e-05,56405.0767607988,13786.5639175033,0.434759706438463,0.00133293152611018,0.115929578858585,0.0341265903939372,0.0300941562183973,0.45164595386724,0.00399613722683915,0.000297294677512601,0.00980736298013501,0.00438719543689544,0.00137729743318681,0.0111846604133218,0.0158691505277299,0.00100945762682975,0.00343316500868873,0.00215664587699057,0.024298324,0.000193157780496465,0,0,1.67962774944614e-06,9.98994036402838e-09,NA,6.13722991995555e-10,0.97587672028,0.235627454401217,0.0832513142258987,0.138389550710851,0.133284067006593,0.120263602279199,0.124030994993268,0.165153016382974,143163,50582,84083,80981,73070,75359,0.165153016382974,38.1782076325774,829.166460545245,113.881218202493,66733.6092519685,0.00170650470548517,5387549,4804506,3265484,89120062,2468998,2131037,0,5669747,5961246,6544732,31568048,67801347
"11","AR-501","Fayetteville/Northwest Arkansas CoC","Other Largely Urban CoC","Sheltered and Unsheltered Count","05","Arkansas","AR",412,55,28,64,78,79,80,28,173,237,0,1,0,0,1,0,386,26,13,2,36,0,284,10,41,50,150,81,331,16,5,219,176,43,0,193,237,195,42,0,0,180,68,554163,152950853,8426125325,0.5,0,3.751351364,1.698890982,0.291527943899272,591962,0.0109263770309581,0.0327892668786172,0.022739635314429,0.202987691777513,0.0158236508424527,0.0435923251830354,0.671141052972995,0.502358259482872,0.497641740517128,0.17747929765762,0.82252070234238,6468,19410,13461,120161,9367,25805,397290,297377,294585,105061,486901,0.123221999693583,6.57672392262929e-05,61311.7810391527,9771.23867706794,0.363826910334044,0.00407474623197263,0.0867397408782997,0.025531665561075,0.0381092579351833,0.406799082360419,0.00716651753429948,0.000494439268431851,0.00207881109352663,0.00185144088044312,0.000813839849842014,0.00289265094336865,0.00523853109224362,0.000784967297571292,0.00272482977550107,0.00191279466937526,0,1.26316537406864e-05,0,0,1.80452151569123e-06,0,NA,0,0.813048656798,0.246571570472429,0.109376953250378,0.144740709707718,0.139399150621155,0.116401052770279,0.107370067673263,0.136140495504779,145961,64747,85681,82519,68905,63559,0.136140495504779,35.0038815294417,277.266013840385,34.1652726724808,45954.1990291262,0.000743463565773969,870240,4511169,941274,13439000,1039815,55690,0,0,2591808,1923036,7000098,18933130
"12","AR-503","Arkansas Balance of State CoC","Largely Rural CoC","Sheltered-Only Count","05","Arkansas","AR",820,63,92,142,192,163,129,39,267,547,2,0,0,4,0,0,811,9,3,8,60,0,253,0,14,60,130,115,705,60,2,338,272,66,0,482,668,564,104,0,0,0,200,1306808,1765207344,78671757563,0.91304347826087,0.260869565217391,45.4314562,11.769408703,0.221495430003365,1293562,0.00422090321144251,0.00692661039826464,0.127953665924014,0.0550039348713088,0.00135749194858847,0.0220963510059819,0.782441042640399,0.49320790190188,0.50679209809812,0.0578858995548725,0.942114100445127,5460,8960,165516,71151,1756,28583,1012136,637995,655567,74879,1218683,0.177279195599416,1.6610891131465e-05,44984.8984594523,3634.57516253344,0.455891929433282,0.00230454828749765,0.178508359861078,0.0515378241793163,0.0515713824605451,0.474060458727662,NA,0.000613709071850647,0.00797592304804302,0.00369679403842569,0.00531524132224015,0.0132911643702832,0.0176016674805595,0.00115778286818951,0.00306701512651591,0.00228113075086547,0.176656062,6.65744248067811e-05,0,0,3.06089219135481e-06,7.36457620272624e-09,NA,0,7.4022706608,0.227201324714239,0.0930778733450735,0.120607284382194,0.120281826460579,0.117295498785524,0.132535587780099,0.189000604532291,293899,120402,156013,155592,151729,171443,0.189000604532291,40.2668985038353,590.008365717525,104.596208471329,166691.66097561,0.000627483149781758,159291,4242134,5152693,118057081,0,4546260,0,0,40884253,44009394,37693137,136687162
"13","AR-505","Southeast Arkansas CoC","Largely Rural CoC","Sheltered and Unsheltered Count","05","Arkansas","AR",102,3,8,28,25,16,14,8,50,52,0,0,0,0,0,0,102,0,0,0,26,0,74,0,2,1,0,7,95,0,0,70,55,15,0,32,118,95,23,0,0,12,0,295073,732358066,29186720267,0.933333333333333,0.333333333333333,14.856728875,4.516516261,0.425596377865352,282658,0.00360506336279178,0.00443291893383524,0.360644312207686,0.0386969411798003,0.00147528108173128,0.0112114286522936,0.579934054581862,0.496221582265494,0.503778417734506,0.0425390401120789,0.957460959887921,1019,1253,101939,10938,417,3169,163923,140261,142397,12024,270634,0.195946966728498,1.0109837532298e-05,42781.4441883873,2553.74437512073,0.435701281709055,0.00583928931781374,0.22652924939798,0.0489365776523877,0.0659718449398589,0.502448546723807,0.000708097973464194,0.000850637069589559,0.00743205904851681,0.006374693607043,0.00493098314645528,0.0123630421949721,0.0195883728716047,0.00145048843520756,0.00280947413937907,0.0027450832014349,0.086622044,0.000311787246564071,0,0,3.38898595059528e-06,1.22891035637204e-08,NA,0,2.14577770376,0.220786250521832,0.09339555222212,0.120856299839382,0.118500095521797,0.120350388101522,0.135506513171394,0.190604900621953,62407,26399,34161,33495,34018,38302,0.190604900621953,40.4686555530326,655.406843568343,128.424982970316,371517.107843137,0.00034567717141182,455960,1315613,1345460,24853266,510971,396328,0,0,8801598,7888055,17180760,37894745
"14","AR-508","Fort Smith CoC","Largely Rural CoC","Sheltered and Unsheltered Count","05","Arkansas","AR",433,47,9,78,108,78,89,24,178,251,3,1,0,0,0,0,405,28,19,16,56,0,286,6,24,40,120,64,369,7,0,270,201,69,0,163,308,256,52,0,8,0,40,260460,171156490,10862975929,0.833333333333333,0,5.847368132,1.597079702,0.222287491502346,256887,0.00846675775730185,0.02686005909213,0.0336490363467205,0.0929435899831443,0.000817480059325696,0.0633897394574268,0.773873337303951,0.493613923631791,0.506386076368209,0.110246917905538,0.889753082094462,2175,6900,8644,23876,210,16284,198798,126803,130084,28321,228566,0.177874236923639,2.39768551180042e-05,46255.9994778469,6371.18771404438,0.439394450788286,0.00274327843921989,0.121809251977277,0.0474819589459879,0.0450016603154342,0.451831375255636,0.0020095381637142,0,0.00794747774484758,0.00341703151690087,0.00231513468721493,0.0102626124320625,0.0136796439489634,0.00101359140496429,0.00308300697252553,0.00203486119030177,0.024630804,0.000130538159163019,0,0,3.83935933463872e-06,5.84259124150069e-09,NA,0,1.04373083786,0.235313581457995,0.0812146975129142,0.125237945088697,0.121668282162974,0.121648818352038,0.134487148045639,0.180429527379743,60449,20863,32172,31255,31250,34548,0.180429527379743,39.7133195116333,462.547643163701,82.275309068571,49490.5935334873,0.00166244336942333,50000,1661982,0,21290451,941280,0,0,0,3841013,3670343,11264809,21429427
"15","AZ-500","Arizona Balance of State CoC","Largely Rural CoC","Sheltered and Unsheltered Count","04","Arizona","AZ",3160,386,160,482,603,596,599,334,1186,1947,11,10,0,2,3,1,2470,690,425,12,181,5,2117,22,148,373,907,687,2473,107,11,1226,962,244,20,1934,1644,1327,295,22,125,1728,611,1722809,786754409,246734164025,0.692307692307692,0.153846153846154,12.916286035,6.725351662,0.451372728830874,1726241,0.102675118943415,0.0126181686102925,0.0232760083904855,0.154769235581822,0.00204722283852602,0.0670207694058941,0.637593476229565,0.507532262297095,0.492467737702905,0.282985979362094,0.717014020637906,177242,21782,40180,267169,3534,115694,1100640,876123,850118,488502,1237739,0.166784352546974,6.98245014754195e-06,52317.448151246,3837.4082913428,0.444500280023958,0.00613089120995877,0.21661065785583,0.0389506788049511,0.0353072115191643,0.471020873457478,0.00435141714292995,0.000138146506017208,0.00232295053717679,0.000874153647131516,0.00048351273380218,0.00280646327097897,0.00381876342412769,0.000987341001670528,0.00228812371214685,0.00167342992815745,0,0.000290804108484342,0,0,1.74134240602992e-06,0,0.0109524618833237,0,0.759924445279,0.208844535612351,0.0863129771567238,0.120749651989496,0.112458225705449,0.104521906269171,0.129729278820281,0.237383424446529,360516,148997,208443,194130,180430,223944,0.237383424446529,42.9841481557155,135.977617361417,22.6789388725041,12364.3924050633,0.00183421377529372,0,8908809,1230648,79095973,2010983,0,154171,643013,6573310,4962837,14587709,39071480
"16","AZ-501","Tucson/Pima County CoC","Major City CoC","Sheltered and Unsheltered Count","04","Arizona","AZ",2142,194,167,433,543,356,317,132,685,1424,8,8,9,1,1,6,1333,809,144,9,248,4,1163,14,125,181,798,321,1821,140,17,861,660,185,16,1281,1051,742,290,19,0,1468,374,1038476,5112015,23798578892,0,0,0.957756481,0.911580331,0.488535123,1049947,0.031037757143932,0.0295795883030286,0.0359913405152832,0.170295262522775,0.0015467447404488,0.099101192726871,0.632448114047661,0.494308760346951,0.505691239653049,0.361492532480211,0.638507467519789,32588,31057,37789,178801,1624,104051,664037,518998,530949,379548,670399,0.159437086,4.36360509050853e-05,55023,16398,0.510438505,0.002961488,0.112888463,0.010864872,0.018154893,0.446072899,0.003285669,0.000617251,0.004577862,0.001099688,0.001614866,0.006192728,0.007909667,0.001245094,0.002675074,0.001794938,0,0.000323551,0,0,9.6295e-07,0,0.016102442,3.0716114408904e-10,0.0764848997236,0.198661456244934,0.115208672437752,0.129453200971097,0.116119194587917,0.107632099525024,0.121415652409122,0.211509723824155,208584,120963,135919,121919,113008,127480,0.211509723824155,39.7,519.270820502236,82.7910264657055,40138.4192343604,0.00206263794252347,20728807,16296071,4399125,1e+08,7664604,590651,1450679,3393984,15865504,7199208,8387861,85976494
"17","AZ-502","Phoenix, Mesa/Maricopa County CoC","Major City CoC","Sheltered and Unsheltered Count","04","Arizona","AZ",9435,1324,690,1874,2024,1561,1383,579,3413,5954,30,13,19,0,5,1,6880,2555,565,58,2707,29,4577,69,296,440,2135,2089,7346,574,21,5359,4174,1151,34,4076,6189,4898,1246,45,1145,6164,1663,4412779,62124304,23833110968,0,0,0.866974996,0.976953414,0.454448546,4491987,0.0193598066957896,0.0438507502359201,0.0576497661279964,0.163577276603873,0.00206501042856981,0.0837146233949475,0.629782766512904,0.497234965283737,0.502765034716263,0.30893232772045,0.69106767227955,86964,196977,258962,734787,9276,376045,2828976,2233573,2258414,1387720,3104267,0.127186641,0.000185153293916388,67799,37785,0.474288515,0.0029478,0.095757356,0.006360002,0.011625932,0.400174131,0.005028472,0.000227748,0.002621251,0.001422006,0.000381846,0.003003097,0.004652851,0.00074035,0.00337973,0.001353795,0,4.48697e-05,0,0,2.26615e-07,0,0.038838564,2.3331351719698e-09,0.1879733534525,0.228335478263851,0.0918974164439924,0.145660483879406,0.132865923254008,0.123774178331326,0.117608755323646,0.159857764503771,1025680,412802,654305,596832,555992,528297,0.159857764503771,37.5,595.777552414668,75.7749456748231,35440.1790143084,0.00213810843461683,75018464,65777807,10865494,3.61e+08,26797655,3672544,4747996,11385347,17469390,10643392,1.08e+08,334378089
"18","CA-500","San Jose/Santa Clara City & County CoC","Major City CoC","Sheltered-Only Count","06","California","CA",10394,868,1074,1432,2035,2362,1705,918,3776,6414,105,65,13,21,0,0,5747,4647,201,162,402,4,1577,42,170,450,4137,1375,9019,772,49,2993,2691,298,4,7401,3337,2938,379,20,1964,5000,1675,1924379,33595850,3343892723,0,0,0.756275338,0.986811165,0.693592582,1903297,0.00765986601145276,0.394942565453526,0.0238139397056791,0.13202563761725,0.00394368298799399,0.105577321878824,0.332036986345274,0.509641952884915,0.490358047115085,0.250949799216833,0.749050200783167,14579,751693,45325,251284,7506,200945,631965,970000,933297,477632,1425665,0.071701641,0.000575490650990002,130890,60144,0.452764679,0.007237366,0.050205114,0.004797457,0.012876441,0.347590573,0.003290326,0.000104449,0.008933791,0.002799864,0,0.008933791,0.011838104,0.00130016,0.002980702,0.002985379,0.000759581,2.59824e-05,2.07859e-06,5.19648e-07,5.19648e-07,0,0.025187346,4.94680829268637e-08,0.455179138007,0.209506451173937,0.0874051711319883,0.159332463614454,0.144623776530936,0.134005360172375,0.121207567710137,0.143919209666174,398753,166358,303257,275262,255052,230694,0.143919209666174,37.9,2063.34303428586,147.945081504215,27391.0340581105,0.0054012229399718,63175580,27843185,6260420,9.65e+08,10874827,1225786,1490412,4776371,38565,17262,1.69e+08,284702408
"19","CA-501","San Francisco CoC","Major City CoC","Sheltered and Unsheltered Count","06","California","CA",8323,618,1137,1676,2201,1435,850,406,2700,4878,208,199,167,31,79,61,5500,2823,363,373,2104,102,3061,242,671,587,2989,1103,7220,1118,39,3969,3644,325,0,4354,4370,3922,448,0,9253,5758,1372,874784,479608103,121045788,0,0,0.004485862,1,0.601674242,836321,0.00660511932619174,0.349718588915022,0.0508740065118537,0.106631305443723,0.00375573493909635,0.0774989507617291,0.404916294102384,0.513961744354142,0.486038255645858,0.159347905887811,0.840652094112189,5524,292477,42547,89178,3141,64814,338640,429837,406484,133266,703055,0.101188008,0.00722688508583215,119136,237819,0.367147478,0.009598471,0.091497267,0.028250458,0.046859987,0.4556702,0.003709054,0.001172861,0.014764788,0.009067381,0.000378379,0.015143167,0.025383409,0.001297463,0.004979515,0.0109387,0.000103335,2.62922e-05,0,1.71471e-05,0,4.17007375607247e-08,0.049403053,7.32076232309711e-07,2.95467918624,0.137181775897054,0.062601560883919,0.212575075838105,0.163357132010317,0.132385770535476,0.1201883009036,0.171710383931529,114728,52355,177781,136619,110717,100516,0.171710383931529,39.7,7599.37076994451,768.965190264111,80821.6322239577,0.00951434868493251,97023019,37040938,18428488,7.99e+08,10832928,2773389,3190089,23459597,19243063,15686934,4.45e+08,672678445
"20","CA-502","Oakland, Berkeley/Alameda County CoC","Major City CoC","Sheltered and Unsheltered Count","06","California","CA",9450,425,429,1696,2439,2069,1733,659,2897,6298,33,31,114,34,9,34,7321,2129,258,453,3912,46,2810,129,382,524,3832,699,8751,397,30,3107,2271,825,11,6343,3472,2440,1018,14,166,5129,1196,1661584,216909647,1910010507,0,0,0.624743382,0.995094371,0.693916769,1651949,0.00893732191490173,0.322376780396974,0.099191318860328,0.113130611175042,0.00745119855395052,0.129050594176939,0.319862174921865,0.496092797053662,0.503907202946338,0.233206352012078,0.766793647987922,14764,532550,163859,186886,12309,213185,528396,819520,832429,385245,1266704,0.092989465,0.000869934481465133,104888,54445,0.483595357,0.006118561,0.053804516,0.007768664,0.015814661,0.364571999,0.002880533,0.000627714,0.013076077,0.003617632,0.000947891,0.014023968,0.018269314,0.001210893,0.003728972,0.005086111,0.001594006,9.68955e-05,5.41652e-06,3.61101e-06,6.01835e-07,6.45429647163642e-08,0.040734624,8.73562108252842e-08,0.562673821008,0.200390568958243,0.0793075331018088,0.157908022584232,0.157365632958402,0.133588869874312,0.122015268025829,0.149424104497173,331035,131012,260856,259960,220682,201563,0.149424104497173,38.7,3032.12801473172,281.955961901415,49576.0333333333,0.00568734412464251,80630064,37560159,13444959,1.14e+09,14410179,3666124,2447697,8675629,22979771,12678933,2.72e+08,468493515
"21","CA-503","Sacramento City & County CoC","Major City CoC","Sheltered and Unsheltered Count","06","California","CA",6615,665,438,1181,1693,1331,997,310,2249,4037,8,23,107,13,4,174,5626,989,167,141,2293,27,3030,76,422,318,1574,1080,5535,360,54,2671,2174,497,0,3944,3261,2490,771,0,657,4323,930,1537948,75323438,2500063008,0,0,0.669979765,0.976007773,0.563076905,1584047,0.0087598410905737,0.174879280728413,0.0952894705775776,0.134703073835562,0.0113891822654252,0.10338834643164,0.471590805070809,0.492304836914561,0.507695163085439,0.239723947584889,0.760276052415111,13876,277017,150943,213376,18041,163772,747022,779834,804213,379734,1204313,0.138526181,0.000615163695906339,70684,35813,0.545999775,0.003528645,0.044329361,0.00435666,0.014120744,0.372519747,0.002108767,8.06269e-05,0.007327296,0.003004653,0.00125882,0.008586116,0.0116713959,0.001030594,0.004336297,0.002160671,0.014409329,5.3968e-05,0,0,6.50217e-07,2.65520768932507e-08,0.022862281,2.80669051420963e-08,0.67297528584,0.230843529263968,0.082880116562198,0.153141289368308,0.141549461600571,0.122247635329002,0.120057675056359,0.149280292819594,365667,131286,242583,224221,193646,190177,0.149280292819594,37.2,1043.19933376425,144.510419728105,33597.8096749811,0.00430118573579861,59232328,25120609,1881571,3.24e+08,12959543,1061848,1822443,14902784,19846715,20342645,65079025,222249511
"22","CA-504","Santa Rosa, Petaluma/Sonoma County CoC","Other Largely Urban CoC","Sheltered and Unsheltered Count","06","California","CA",2522,131,150,359,528,526,524,304,923,1565,9,4,8,1,4,8,1749,773,244,63,208,15,1347,34,233,162,606,198,2324,151,5,945,748,197,0,1577,1244,1001,243,0,152,1518,410,496801,497303747,4080091725,0,0,0.915584243,0.863677554,0.37478588,485642,0.0127377780340251,0.0443516005617307,0.0155381948019323,0.136998035590003,0.00369202004768945,0.141184246832029,0.645498124132591,0.491755243574485,0.508244756425515,0.294426758805869,0.705573241194131,6186,21539,7546,66532,1793,68565,313481,238817,246825,142986,342656,0.087967235,0.000121762213568863,86173,14586,0.546872965,0.004307836,0.08494029,0.010731339,0.019467501,0.415655363,0.002424886,0.000658211,0.008796279,0.002504021,0,0.008796279,0.011958511,0.001501607,0.003113923,0.001952492,0.000536059,0.000102657,0,0,2.01288e-06,0,0.022540212,1.04754954626418e-08,0.198580798919,0.193430551723286,0.0782531164932193,0.123656932472892,0.131506335942937,0.12403581238855,0.139487523731473,0.209629727247643,93938,38003,60053,63865,60237,67741,0.209629727247643,42.7,1206.51119519277,106.133453837653,20906.901665345,0.00507647931465516,7520447,6790369,3501637,1.41e+08,3311548,222478,306553,1000007,0,0,30074167,52727206
"23","CA-505","Contra Costa County CoC","Largely Suburban CoC","Sheltered and Unsheltered Count","06","California","CA",2843,190,210,345,641,618,608,231,1092,1721,18,6,2,0,0,4,2240,603,93,30,949,5,1203,29,105,146,1627,328,2515,155,16,884,685,199,0,1959,1036,763,273,0,422,1569,344,1147788,225364427,1856752855,0,0,0.575352948,0.989998516,0.573845519,1161458,0.00855906972098862,0.185075999304323,0.0846746072608738,0.145177871261811,0.00481549913987419,0.136724702916507,0.434972250395623,0.49176982723439,0.50823017276561,0.272759755410871,0.727240244589129,9941,214958,98346,168618,5593,158800,505202,571170,590288,316799,844659,0.081718082,0.000618169508617775,103997,26193,0.524506486,0.003991976,0.040398297,0.006483291,0.012884667,0.361623401,0.001983773,0.000649075,0.008042426,0.002226892,0.00118663,0.009229056,0.012105023,0.000766692,0.001777332,0.001253716,0.005524871,9.32228e-05,4.35621e-06,0,8.71241e-07,8.43079970061113e-08,0.014077513,3.14920892639748e-08,0.464031176004,0.222213803684679,0.0795362380731804,0.122916196711375,0.140204811538601,0.136687680484357,0.131568253006135,0.166873016501673,258092,92378,142762,162842,158757,152811,0.166873016501673,40.3,2057.27419641796,168.116501479367,67872.7059444249,0.00247693824992072,30354767,16087852,11217632,4.4e+08,7744635,619754,797277,0,18163703,10711996,97264487,192962103
"24","CA-506","Salinas/Monterey, San Benito Counties CoC","Largely Rural CoC","Sheltered and Unsheltered Count","06","California","CA",3057,259,266,561,655,616,542,158,1119,1865,39,13,1,6,0,14,1286,1771,106,97,311,35,1000,52,205,167,1099,435,2622,257,3,678,533,145,0,2379,875,677,198,0,0,494,120,494524,1272526150,12096200782,0,0,1.964788338,1.630115639,0.700319903315028,501890,0.00944230807547471,0.0547729582179362,0.020355057881209,0.160039052381996,0.00473809001972544,0.374233397756481,0.376419135667178,0.507995775966845,0.492004224033155,0.610753352328199,0.389246647671801,4739,27490,10216,80322,2378,187824,188921,254958,246932,306531,195359,0.117001448481572,4.08825885840029e-05,78046.3117806214,11986.9264120649,0.546270340250859,0.0174545564555163,0.0914383246986869,0.00672240924703958,0.00817134562818185,0.325818362573533,0.00163383421259231,0,0.00710177853538959,0.00198574753154549,0,0.00710177853538959,0.00908752606693507,0.00126586336745638,0.00289369142789228,0.00249532896809457,1.20833e-06,2.4265719612395e-05,0,0,2.02214523345682e-06,0,0.0193964301595858,0,0.235150884389,0.259062742832095,0.0979198629181693,0.136729163760983,0.133439598318357,0.118053756799299,0.111074139751738,0.143720735619359,130021,49145,68623,66972,59250,55747,0.143720735619359,35.374674232191,532.551919361357,62.3093459569202,10079.642459928,0.00618170200030737,8480231,7689032,0,1.48e+08,1723248,931216,361167,0,0,0,11628573,30813467
"25","CA-507","Marin County CoC","Largely Suburban CoC","Sheltered and Unsheltered Count","06","California","CA",1090,111,124,201,211,190,181,72,411,660,5,5,2,2,2,3,774,316,33,36,200,11,515,19,48,44,217,204,886,108,3,302,186,116,0,788,312,205,107,0,248,751,176,259441,797077336,1347890152,0,0,0.836484426,0.939871379,0.293639016,258765,0.00591270071300215,0.0619906092400441,0.0234575773385118,0.107077850559388,0.00161150078256333,0.0955770679960582,0.704372693370433,0.491179255308871,0.508820744691129,0.189855660541418,0.810144339458582,1530,16041,6070,27708,417,24732,182267,127100,131665,49128,209637,0.069035077,0.000192479334918384,121671,21252,0.505370157,0.002793136,0.066052939,0.007701279,0.018135845,0.432926947,0.000936676,0.000235121,0.008263921,0.00275978,0.001904094,0.010168015,0.013162916,0.001746062,0.003842878,0.002443716,0.000206886,2.31266e-05,0,0,0,1.25458311618586e-09,0.013949222,2.20893134339036e-08,0.30050013266,0.197136397889977,0.0687882828048616,0.0848105423840164,0.117519757308755,0.149201012501691,0.149931404942709,0.23261260216799,51012,17800,21946,30410,38608,38797,0.23261260216799,47.3,4571.61427876818,315.60174374906,75119.295412844,0.00420134057454296,10112769,3219742,2035011,1.27e+08,1701123,1465634,0,0,8812731,3310742,51222280,81880032
"26","CA-508","Watsonville/Santa Cruz City & County CoC","Largely Suburban CoC","Sheltered and Unsheltered Count","06","California","CA",1850,96,208,316,471,278,294,187,608,1187,15,10,16,9,5,0,1106,744,68,48,99,9,1023,15,43,72,710,171,1679,194,5,365,300,65,0,1485,430,338,92,0,1132,650,444,273170,419720203,1152818088,0,0,0.833099563,0.867068349,0.43109053,266021,0.00992778765586176,0.0473947545494529,0.00956691389025678,0.137395168050643,0.00171790948834866,0.165731276854083,0.628266189511354,0.499028272204074,0.500971727795926,0.350032516229922,0.649967483770078,2641,12608,2545,36550,457,44088,167132,132752,133269,93116,172905,0.119132842,0.000236958461047325,89986,14985,0.55476343,0.01012724,0.090191743,0.006860772,0.015044557,0.387374163,0.001178273,0.000131786,0.01638174,0.004118315,0,0.01638174,0.020631841,0.001039646,0.004067064,0.002412417,0,2.19643e-05,0,0,0,0,0.016850313,0,0.3414461098,0.187586694283534,0.136951594047087,0.120212314065431,0.120133372929205,0.121843764214103,0.129888241905714,0.183384018554926,49902,36432,31979,31958,32413,34553,0.183384018554926,39.6,1864.07023244296,222.07198447853,32791.0291891892,0.0067723395687667,10071253,2521827,4051983,2.33e+08,914269,1127583,0,0,0,0,41976489,60663404
"27","CA-509","Mendocino County CoC","Largely Rural CoC","Sheltered and Unsheltered Count","06","California","CA",774,51,62,104,194,181,121,61,275,471,7,2,19,0,0,0,719,55,291,0,7,0,438,4,15,19,154,92,682,54,8,222,147,75,0,552,257,140,117,0,56,594,7,87110,961786019,9082586851,1,0,0.992193636,0.515354636,0.358891057,90709,0.0352225247770343,0.0222028685135984,0.00945881886031155,0.167778279994267,0.000892965416882559,0.0813590713159664,0.683085471121939,0.495904485773187,0.504095514226813,0.269433022081602,0.730566977918398,3195,2014,858,15219,81,7380,61962,44983,45726,24440,66269,0.162685852,9.59087993641471e-06,52915,3088,0.576468671,0.001697693,0.164163038,0.024563292,0.030092479,0.469222822,0.001479471,0.000252554,0.010136609,0.005131443,0,0.010136609,0.015520606,0.001492366,0.002858455,0.002858455,0,0.000160716,0,0,0,0,0.013546091,0,0.0939115488,0.211026469258839,0.0702907098523851,0.108445688961404,0.121641733455335,0.114663374086364,0.133283356668026,0.240648667717647,19142,6376,9837,11034,10401,12090,0.240648667717647,43.9,734.60470438903,119.509792216737,13450.2558139535,0.00888531741476294,3820512,0,231767,18011911,0,113264,0,0,0,0,6244955,10410498
"28","CA-510","Turlock, Modesto/Stanislaus County CoC","Largely Suburban CoC","Sheltered and Unsheltered Count","06","California","CA",2052,153,115,340,503,411,409,121,721,1308,1,10,9,1,0,2,1440,612,70,30,223,4,1045,26,195,79,554,265,1787,89,14,1072,880,192,0,980,1309,1076,233,0,424,730,124,546235,46378767,3875010966,1,0,0.931095825,0.918294814,0.59182037,552250,0.0116541421457673,0.0598134902670892,0.0283820733363513,0.243717519239475,0.00607333635129018,0.149473970122227,0.5008854685378,0.498352195563603,0.501647804436397,0.492144861928474,0.507855138071526,6436,33032,15674,134593,3354,82547,276614,275215,277035,271787,280463,0.134874681,0.00014096347205021,62873,16696,0.520581042,0.006080331,0.040677352,0.007687707,0.017948957,0.333627468,0.000883126,0.000144626,0.007851932,0.001942387,0.001349236,0.009201168,0.011288181,0.001012385,0.003569892,0.001351067,0,2.19686e-05,0,0,0,0,0.025873479,0,0.195668478055,0.26856496152105,0.0929832503395202,0.142176550475328,0.132708012675419,0.116215482118606,0.111715708465369,0.135636034404708,148315,51350,78517,73288,64180,61695,0.135636034404708,34.8,648.52426270217,87.4695030527154,23284.0662768031,0.00375662489587815,8031286,9566756,859896,96909785,5382138,0,736162,0,4516050,5335204,13351412,47778904
"29","CA-511","Stockton/San Joaquin County CoC","Largely Suburban CoC","Sheltered and Unsheltered Count","06","California","CA",4732,313,303,664,1201,952,921,378,1798,2830,37,7,33,1,10,16,3092,1640,195,111,947,5,2027,89,273,249,1087,454,4278,305,13,1263,1044,219,0,3469,1772,1412,360,0,532,807,412,751615,89000661,3605878834,1,0,0.88327343,0.922486599,0.692852059,787416,0.0121727269956414,0.178618417710588,0.0699096792546761,0.197713787883406,0.00602603960295447,0.164647403659565,0.37091194489317,0.500979152061934,0.499020847938066,0.422321873063286,0.577678126936714,9585,140647,55048,155683,4745,129646,292062,394479,392937,332543,454873,0.137065684,0.000208441557412575,68628,17094,0.541302613,0.004418154,0.057505955,0.007483931,0.019437828,0.326220206,0.002832721,0.00022618,0.005469556,0.001981067,0.001319825,0.006789381,0.008996628,0.00088077,0.002134071,0.001692356,0.013051002,8.515e-05,0,0,1.33047e-06,2.24717703849413e-08,0.057315248,1.34846471412245e-08,0.35756129426,0.265336239040101,0.0935223566704258,0.138264906986904,0.138065520639662,0.120134719131945,0.111987818383167,0.132688439147795,208930,73641,108872,108715,94596,88181,0.132688439147795,35.2,949.870968790999,130.194714049081,20679.6914623838,0.00629577642809151,13403726,13279082,353301,1.06e+08,6149545,0,1046148,0,10225241,9282693,44116564,97856300
"30","CA-512","Daly City/San Mateo County CoC","Largely Suburban CoC","Sheltered and Unsheltered Count","06","California","CA",2130,325,107,345,430,367,378,178,667,1432,21,0,10,0,0,0,952,1178,56,56,265,9,809,106,41,42,712,563,1567,71,17,985,837,148,0,1145,1112,954,158,0,671,1232,439,765623,757162988,1161882953,0,0,0.685512432,0.982948347,0.614468217,745100,0.0107207086297141,0.307902294993961,0.0221903100254999,0.125073144544356,0.0114212857334586,0.115788484767145,0.406903771305865,0.498206952086968,0.501793047913032,0.248796134747014,0.751203865252986,7988,229418,16534,93192,8510,86274,303184,371214,373886,185378,559722,0.061797546,0.000658950196337032,128091,48020,0.481168959,0.008133632,0.055263384,0.004419636,0.012218571,0.36409042,0.001566049,0.000237715,0.005554953,0.001910862,0.00010449,0.005659443,0.00780802,0.000990043,0.0024307,0.002139434,0.00066319,3.91838e-05,6.53063e-06,2.61225e-06,1.30613e-06,6.60359871221016e-09,0.050545765,4.76579798948991e-08,0.524212880624,0.198716950744866,0.0723164675882432,0.143692121862837,0.145941484364515,0.135571064286673,0.130774392698967,0.172987518453899,148064,53883,107065,108741,101014,97440,0.172987518453899,40.6,2971.96199293852,183.65995796887,66016.0976525822,0.00278204808371744,28293094,10942528,16449310,2.5e+08,4446253,566182,455083,0,32885,826827,78602126,140614288
"31","CA-513","Visalia/Kings, Tulare Counties CoC","Largely Suburban CoC","Sheltered and Unsheltered Count","06","California","CA",1672,145,101,266,450,350,264,96,623,1033,4,1,5,0,0,6,856,816,74,13,153,4,802,11,66,82,468,232,1440,83,9,331,223,108,0,1341,462,313,149,0,419,315,188,615045,40425153,16096442781,1,0,1.953121845,1.690300729,0.71308115667882,628604,0.0160657584107005,0.035222493016271,0.0269136053859027,0.21078294124759,0.00179922494925263,0.2745925892931,0.434623387697183,0.513625430318611,0.486374569681389,0.639687307112268,0.360312692887732,10099,22141,16918,132499,1131,172610,273206,322867,305737,402110,226494,0.203495167114333,3.82099951130811e-05,54750.315846808,9206.7942345682,0.501769388775846,0.00619521994406992,0.0697645992161686,0.0140416115375054,0.0275411878212163,0.31923842928402,0.00266641414435529,0.000260143542757034,0.00461592271854092,0.00122592704868749,0.0015901276272224,0.00620605034576332,0.00769212093720785,0.000959279434675512,0.00242583887260282,0.00123568174809973,0,0.000118690558887561,0,0,0,0,0.02111227671459,0,0.316008051845,0.293490019153553,0.101536102220158,0.146944658322251,0.135040502446691,0.109996118382957,0.0982939974928572,0.114698601981534,184489,63826,92370,84887,69144,61788,0.114698601981534,31.9982627287434,323.820859745145,65.8959799689454,24239.8283492823,0.0027185002723378,6808716,6424443,1839537,64935366,1085767,0,0,0,6332957,7514382,10523191,40528993
"32","CA-514","Fresno City & County/Madera County CoC","Major City CoC","Sheltered-Only Count","06","California","CA",4305,269,184,693,988,1074,818,279,1465,2812,12,3,7,6,0,0,2482,1823,54,49,286,1,769,6,65,212,1701,447,3858,163,23,1547,1376,171,0,2758,1716,1531,185,0,54,1433,599,1146129,178881729,20966730844,1,0,1.953923238,1.501275828,0.706596726542334,1170942,0.0145916706378283,0.0984737074936248,0.0414034170778741,0.205702758975252,0.0016465375740216,0.216843362011099,0.4213385462303,0.499831759386887,0.500168240613113,0.549560951780703,0.450439048219297,17086,115307,48481,240866,1928,253911,493363,585274,585668,643504,527438,0.205493406235296,5.46641728998007e-05,57764.0561716875,19718.884761663,0.551351217699091,0.0132536857679893,0.0762328801396248,0.0108890485076235,0.024325713221229,0.334898602006785,0.00258018168332099,0.000243427990252406,0.0105878138307102,0.00285831672359132,0.00102344543837474,0.0116112592690849,0.0147130039829286,0.000944047264292239,0.0021454824017977,0.00183399924546713,0,8.81226990472277e-05,0,0,8.72499620513921e-07,0,0.0278092607457145,0,0.243386802261,0.27949292108405,0.0958100401215432,0.148276345028191,0.132518946284274,0.110155754939186,0.104317720262831,0.129428272279925,327270,112188,173623,155172,128986,122150,0.129428272279925,33.3904628536578,512.521486320015,105.319785992676,28039.5031358885,0.00375612169310784,18151173,23277428,3971958,242101409,10074470,665847,1768159,2580393,11054479,9018589,40147565,120710061
"33","CA-515","Roseville, Rocklin/Placer County CoC","Largely Suburban CoC","Sheltered and Unsheltered Count","06","California","CA",702,70,33,100,142,153,132,72,266,424,7,4,0,0,0,1,606,96,14,14,45,3,499,8,49,45,261,115,587,29,0,336,238,98,0,366,354,251,103,0,20,180,86,391799,246435971,3644336873,0,0,0.903547375,0.854187513,0.284668925,412435,0.0049292615806127,0.0900117594287585,0.0165262404985028,0.122067719761902,0.00181846836471202,0.0396717058445573,0.724974844520955,0.491902966528059,0.508097033471941,0.153750287924158,0.846249712075842,2033,37124,6816,50345,750,16362,299005,202878,209557,63412,349023,0.071406144,0.000107508996465926,93677,17901,0.518667323,0.000679413,0.122643498,0.00399198,0.013041672,0.423898479,0.00522907,0.000676367,0.0023558,0.001087292,0,0.0023558,0.004119459,0.001135786,0.003578365,0.001661566,0,2.80756e-05,0,0,0,0,0.021717769,0,0.151411898947,0.219695224702074,0.0720695382302666,0.1075563422115,0.137236170548086,0.130030186574854,0.131596493992993,0.201816043740226,90610,29724,44360,56601,53629,54275,0.201816043740226,42.4,510.963172399411,36.4859098670492,20363.4515669516,0.00179173504781789,3041566,1990082,1561398,23811123,0,0,0,0,0,0,7702097,14295143
"34","CA-516","Redding/Shasta, Siskiyou, Lassen, Plumas, Del Norte, Modoc,
Sierra Counties CoC","Largely Rural CoC","Sheltered-Only Count","06","California","CA",2404,215,162,423,582,443,439,140,913,1473,6,7,3,2,0,0,2306,98,118,2,55,1,665,7,72,144,746,375,2029,137,9,970,591,378,1,1434,1453,1140,313,0,237,141,168,311670,2246917501,59715940471,0.428571428571429,0,6.96342826,1.803155894,0.242288317634103,314842,0.0250855984906715,0.0272168262175949,0.0193017450022551,0.10946760597379,0.00343346821580348,0.0319779444927932,0.783516811607092,0.512409399000133,0.487590600999867,0.134308637348257,0.865691362651743,7898,8569,6077,34465,1081,10068,246684,161328,153514,42286,272556,0.151974957398556,5.21920943623683e-06,54918.7342670132,4596.60980845125,0.517951146400067,0.00188811244650639,0.186730028042731,0.0166803699025444,0.0239251799354574,0.482077197101585,0.00144963143003176,0.00108127207528796,0.00925337679021722,0.00230692700214971,0.000308018109667276,0.00956139489988449,0.0129495939773222,0.00148233730967369,0.00377643008265473,0.00283954162280296,0.001665602,0.000295184040146629,0,0,3.20852096156191e-06,0,0.014698238814926,0,0.600614793235,0.206386060309616,0.0688726408801875,0.126943038095299,0.123928827792988,0.110487164990694,0.140025790714072,0.223356477217144,64979,21684,39967,39018,34786,44086,0.223356477217144,43.0020961273141,386.587456827803,58.7516122822216,7616.93635607321,0.00771328648891456,493988,1473559,5045460,48553275,908997,281942,0,0,676799,750450,8679920,18311115
"35","CA-517","Napa City & County CoC","Other Largely Urban CoC","Sheltered and Unsheltered Count","06","California","CA",414,25,15,66,108,79,88,33,140,242,0,32,0,0,0,0,278,136,33,4,13,1,279,4,10,16,211,45,369,11,0,211,184,27,0,203,266,230,36,0,143,90,97,138572,104444864,1947606240,0,0,0.955691003,0.852744912,0.481735127,136070,0.00934812963915632,0.0801058278827074,0.0192915411185419,0.139817740868671,0.00291026677445432,0.148019401778496,0.600507091937973,0.500426251194238,0.499573748805762,0.358646285000367,0.641353714999633,1272,10900,2625,19025,396,20141,81711,68093,67977,48801,87269,0.075131219,7.11499055373739e-05,92219,14952,0.525621891,0.005094464,0.123872856,0.010498925,0.027629701,0.399351961,0.002030745,0.000555668,0.007223682,0.002677309,0,0.007223682,0.010456659,0.001407211,0.002662876,0.002229888,0.002307111,4.32988e-05,0,0,0,0,0.029168952,0,0.14995430408,0.198596310722422,0.0823840670243257,0.121070037480708,0.129426030719483,0.127405012126112,0.135217167634306,0.205901374292643,27023,11210,16474,17611,17336,18399,0.205901374292643,42.8,1105.48793927323,83.056656467396,27800.306763285,0.00298761654591115,1604648,1188801,1113045,30785658,0,177892,0,0,0,0,7424941,11509327
"36","CA-518","Vallejo/Solano County CoC","Largely Suburban CoC","Sheltered and Unsheltered Count","06","California","CA",1725,41,69,311,564,373,274,93,466,1191,0,5,38,12,2,11,1409,316,40,31,458,7,845,31,61,86,504,72,1653,63,4,289,169,120,0,1436,339,183,156,0,15,384,82,444538,218615209,2128287124,0,0,0.873296784,0.955436822,0.628094786,450824,0.00768592621510833,0.159015491633098,0.128881780916721,0.144522030770323,0.00970223413127961,0.12274191258673,0.427450623746739,0.498518268770074,0.501481731229926,0.289753872908275,0.710246127091725,3465,71688,58103,65154,4374,55335,192705,224744,226080,130628,320196,0.090827962,0.000208871253782955,84638,15040,0.533569229,0.003498886,0.049442017,0.004966835,0.011555751,0.357798433,0.002060187,0.000267694,0.008363739,0.002676937,0.000168714,0.008532453,0.011477084,0.000798582,0.002388997,0.001349716,0.007842198,4.04915e-05,0,0,0,1.82969969997833e-08,0.019957799,0,0.323934396062,0.220538391922347,0.0830257484073607,0.141432133160613,0.135647170514436,0.119547761432399,0.130591982680603,0.169216811882242,99424,37430,63761,61153,53895,58874,0.169216811882242,39.1,1211.92697598493,110.076857321534,28367.1571014493,0.00388043316881796,2553497,4711957,942375,1.18e+08,1192344,118622,0,0,595945,266589,38552017,48933346
"37","CA-519","Chico, Paradise/Butte County CoC","Other Largely Urban CoC","Sheltered-Only Count","06","California","CA",1381,108,68,221,360,282,248,94,497,867,2,9,5,1,0,0,1215,166,34,12,50,0,618,5,57,79,513,174,1207,60,5,801,641,160,0,580,818,589,229,0,142,287,479,223344,105260548,4238488704,0,0,0.957224836,0.789833296,0.288433985,209470,0.0123454432615649,0.0541127607771996,0.0177209146894543,0.120742827135151,0.00307442593211438,0.0658041724351936,0.726199455769323,0.497579605671457,0.502420394328543,0.194915739724066,0.805084260275934,2586,11335,3712,25292,644,13784,152117,104228,105242,40829,168641,0.182210629,5.26942539186722e-05,54972,9269,0.578233238,0.001490242,0.107366337,0.009577729,0.015952239,0.420732144,0.003415661,0.000438785,0.009147324,0.002220789,0.001544702,0.010692026,0.0133516,0.000814886,0.002135719,0.001414858,0.002930915,0.000170141,0,0,0,0,0.012850133,0,0.139674424032,0.204969685396477,0.144598271828902,0.130854060247291,0.118026447701341,0.102792762686781,0.117090752852437,0.181668019286771,42935,30289,27410,24723,21532,24527,0.181668019286771,36.3,399.563607190579,72.8047361917043,11774.4395365677,0.00618328676839315,1004719,2009650,1420945,35822213,1188359,47095,0,0,2643897,2490074,5455762,16260501
"38","CA-520","Merced City & County CoC","Largely Suburban CoC","Sheltered and Unsheltered Count","06","California","CA",837,57,39,111,231,209,143,47,290,545,2,0,0,0,0,0,553,284,21,11,124,2,269,8,124,23,288,99,738,33,4,409,311,98,0,428,466,352,114,0,68,40,326,273661,105277636,5019407132,1,0,0.96908244,0.832010441,0.731101618,285597,0.0144259218409157,0.0713978088005126,0.0288868580552317,0.122784903202765,0.00310577492060491,0.399268899883402,0.360129833296568,0.507309250447309,0.492690749552691,0.626620727808766,0.373379272191235,4120,20391,8250,35067,887,114030,102852,144886,140711,178961,106636,0.187528761,5.4520582372237e-05,56330,7933,0.483279579,0.006248001,0.062117175,0.015826326,0.030106932,0.316782443,0.001609564,0,0.008057414,0.001198563,0.0015384,0.009595814,0.010794377,0.000884306,0.00313892,0.001132788,0,3.28874e-05,0,0,3.65416e-06,0,0.019451073,0,0.139312057948,0.291466647058618,0.108085869249327,0.145596767473048,0.128299667013309,0.110123705781223,0.100641813464427,0.115785529960049,83242,30869,41582,36642,31451,28743,0.115785529960049,31.8,346.104879446563,64.9046192186684,21220.8637992832,0.00305852861752314,1617589,2134284,0,45706104,1176392,0,0,0,3316368,2970202,6547028,17761863
"39","CA-521","Davis, Woodland/Yolo County CoC","Largely Suburban CoC","Sheltered and Unsheltered Count","06","California","CA",942,51,29,166,222,202,183,89,339,599,4,0,0,0,0,0,680,262,30,13,124,0,563,15,13,23,385,83,859,18,2,309,289,20,0,633,307,278,29,0,66,300,310,218774,22888380,2623627933,0,0,0.955093964,0.919520524,0.541727993,217782,0.00942226630300025,0.148979254483842,0.0269811095499169,0.161312688835625,0.00429328410979787,0.100990899156037,0.548020497561782,0.486840051060235,0.513159948939765,0.332199171648713,0.667800828351287,2052,32445,5876,35131,935,21994,119349,106025,111757,72347,145435,0.185921973,8.33860614335821e-05,73746,20512,0.522505883,0.003752647,0.050289569,0.006656908,0.012842869,0.359114886,0.002685726,0.000635359,0.006710121,0.00261457,0.00192436,0.008634481,0.01188441,0.000905044,0.002262609,0.00127986,0.008576003,0.00167753,0,0,0,0,0.064280947,0,0.25527425416,0.204966434324232,0.196825265632605,0.134441781230772,0.122539971163824,0.10630355125768,0.102152611326923,0.132770385063963,44638,42865,29279,26687,23151,22247,0.132770385063963,32.3,562.381186705662,104.559019810398,24283.2218683652,0.00430581330505453,1026417,3436440,1419139,36039552,876880,256317,0,0,2301316,2635048,10923238,22874795
"40","CA-522","Humboldt County CoC","Largely Rural CoC","Sheltered and Unsheltered Count","06","California","CA",1573,142,96,281,424,365,187,78,508,1043,2,2,18,0,0,0,1459,114,217,18,26,6,1143,10,80,87,551,223,1350,92,2,379,329,50,0,1194,426,350,76,0,60,436,293,136101,1254150035,9241141220,0,0,0.988669759,0.684654448,0.266272841,135418,0.0375799376744598,0.0313843063699065,0.0127087979441433,0.121069577161086,0.00268797353379905,0.0583895789333767,0.736179828383228,0.494816051041959,0.505183948958041,0.138415867905301,0.861584132094699,5089,4250,1721,16395,364,7907,99692,67007,68411,18744,116674,0.197302058,1.47277264528157e-05,49235,5118,0.619936403,0.002291205,0.140993286,0.031141374,0.026554291,0.462913572,0.001895494,0.00014695,0.006091065,0.003585572,0.001432759,0.007523824,0.011256346,0.001219682,0.002997774,0.002380585,4.95215e-05,0.000867003,0,0,7.34748e-06,7.97352268526628e-10,0.012564199,0,0.08270041164,0.189671978614364,0.119910203961069,0.132035623033866,0.129916259286062,0.113500420918932,0.122361872129259,0.192603642056447,25685,16238,17880,17593,15370,16570,0.192603642056447,39.6,448.701883642967,88.5298050712339,7659.88239033694,0.0115575932579481,1209974,0,418792,17122657,0,0,0,0,966237,1583532,7870460,12048995
"41","CA-523","Colusa, Glenn, Trinity Counties CoC","Largely Rural CoC","Sheltered and Unsheltered Count","06","California","CA",248,40,7,34,58,53,42,14,95,152,1,0,0,0,0,0,191,57,16,1,5,0,186,1,7,13,68,68,180,3,4,119,95,24,0,129,140,115,25,0,0,0,0,62092,121797458,14617670825,1,0,2.990180942,1.160855272,0.487003156855456,66404,0.0164297331486055,0.0197277272453467,0.00927654960544545,0.147385699656647,0.00180712005300885,0.186253840130113,0.619119330160834,0.508237455574965,0.491762544425035,0.409719294018433,0.590280705981567,1091,1310,616,9787,120,12368,41112,33749,32655,27207,39197,0.156595591339673,4.24773554852573e-06,52362.7127005089,1875.17887972686,0.467648065522161,0.00230218412519879,0.17046500112443,0.0276924988257908,0.0260587251683148,0.455098885678847,0.00162393385585905,0.0009502029520067,0.00215808805483798,0.00301166039908523,0,0.00215808805483798,0.00611995140592991,0.00215808818364685,0.00668363076555756,0.00383302213447787,0.008353795,0.000177156454519101,0,0,0,0,0.0267184179205695,0,0.25762813115,0.24697307391121,0.0769833142581772,0.116815252093247,0.118893440154208,0.108201313173905,0.13878682007108,0.193346786338172,16400,5112,7757,7895,7185,9216,0.193346786338172,39.6480947626103,394.384705284041,61.7589061392772,15462.6370967742,0.00399407331057141,50001,0,816520,0,0,0,0,0,0,0,2968213,3834734
"42","CA-524","Yuba City & County/Sutter County CoC","Largely Suburban CoC","Sheltered-Only Count","06","California","CA",928,89,32,167,233,196,161,50,342,580,0,3,0,3,0,0,857,71,7,3,31,0,150,1,36,51,403,166,762,17,3,246,238,8,0,682,307,284,23,0,66,179,347,173839,45895634,3197863370,0.5,0,1.945394128,1.55421992,0.508257640619752,182050,0.0161274375171656,0.129980774512497,0.0263059599011261,0.164899752815161,0.00351002471848393,0.109656687723153,0.549519362812414,0.504674539961549,0.495325460038451,0.312815160670146,0.687184839329854,2936,23663,4789,30020,639,19963,100040,91876,90174,56948,125102,0.139806881690231,5.43609841592451e-05,61683.4042188462,8219.80381272327,0.497049927868729,0.00369388782645467,0.0635610697056028,0.00997868825662826,0.0195544628731412,0.362553857408533,0.00187991159686837,0,0.00630468414822336,0.00334217281437422,0,0.00630468414822336,0.00964685696259758,0.00101818369723135,0.00210539630648474,0.00137483533530451,0.021810283,2.87622643422937e-05,0,0,0,0,0.0193052193108796,0,0.38858419465,0.262609173304037,0.088085690744301,0.145124965668772,0.132804174677286,0.108722878330129,0.115352925020599,0.147300192254875,47808,16036,26420,24177,19793,21000,0.147300192254875,35.2851178389199,423.388339581833,59.1926035009405,11088.34375,0.00533827276963167,50000,1196344,0,33188088,0,0,0,0,440491,1193007,7410141,10289983
"43","CA-525","El Dorado County CoC","Largely Rural CoC","Sheltered and Unsheltered Count","06","California","CA",284,30,19,41,59,53,59,23,95,186,2,1,0,0,0,0,240,44,18,4,26,1,190,3,14,12,60,32,252,27,0,149,91,58,0,135,198,117,81,0,139,29,50,190345,203364019,4423288012,0,0,0.960008257,0.633276669,0.228143634,192299,0.00618307947519228,0.0524287697803941,0.00854918642322633,0.091628141592,0.00125325664720045,0.0410350547844763,0.798922511297511,0.500111805053588,0.499888194946412,0.141602400428499,0.858397599571501,1189,10082,1644,17620,241,7891,153632,96171,96128,27230,165069,0.084914862,4.30324680381676e-05,83710,5473,0.515171269,0.002476806,0.201935153,0.005099979,0.008496325,0.481068586,0.002342869,0.000546376,0.001665397,0.00165489,0,0.001665397,0.003866663,0.001213586,0.002752896,0.002611048,0,4.20289e-05,0,0,0,0,0.00792771,0,0.16867726727,0.197177312414521,0.0652629498853348,0.100863759041909,0.123739593029605,0.124384422175882,0.160760066354999,0.227811897097749,37917,12550,19396,23795,23919,30914,0.227811897097749,46.1,457.975952130599,38.8889647744884,26064.5070422535,0.00149202763403294,273182,0,1765982,8884047,0,217545,0,0,0,0,5145611,7402320
"44","CA-526","Amador, Calaveras, Mariposa, Tuolumne Counties CoC","Largely Rural CoC","Sheltered and Unsheltered Count","06","California","CA",719,73,30,133,163,154,107,59,281,406,2,2,0,0,0,28,629,90,16,3,14,0,587,6,78,27,92,134,585,7,6,194,168,26,0,525,267,240,27,0,48,49,80,156317,248116311,13686414654,0.25,0,3.968875531,1.009585204,0.209644504244011,158957,0.015356354234164,0.0166145561378234,0.0159036720622558,0.105003239869902,0.00202570506489176,0.0400674396220361,0.805029033008927,0.517844448498651,0.482155551501349,0.140635517781538,0.859364482218462,2441,2641,2528,16691,322,6369,127965,82315,76642,22355,136602,0.108990333463545,1.14213257417504e-05,62537.6643359327,2423.12196370196,0.5515211636796,0.000694357039685761,0.292337091195667,0.0143193981468554,0.0255078914409181,0.56576699904171,0.00163261115899102,0,0.00243735520892801,0.00153534157557399,0,0.00243735520892801,0.00397269678450201,0.00141379372045267,0.00307708035955142,0.00227742353329452,0,0.000134342500388313,0,0,0,0,0.0052073673005943,0,0.5837279419,0.166246217530527,0.0567386148455243,0.107268003296489,0.114710267556635,0.114131494680951,0.160382996659474,0.280522405430399,26426,9019,17051,18234,18142,25494,0.280522405430399,50.3229827849818,124.210294572417,13.5377214250529,2943.22114047288,0.00459962767965097,832981,0,0,0,0,68874,0,0,0,0,1214321,2116176
"45","CA-527","Tehama County CoC","Largely Rural CoC","Sheltered-Only Count","06","California","CA",324,34,14,53,81,67,56,19,127,196,0,0,1,0,0,0,300,24,2,1,4,0,61,0,6,22,106,51,273,14,0,77,22,55,0,247,84,27,57,0,0,18,164,64176,33767224,7638229338,1,0,0.995576265,0.429673852,0.325713662,65520,0.0187118437118437,0.0182997557997558,0.00871489621489622,0.156822344322344,0.00141941391941392,0.102899877899878,0.693131868131868,0.498809523809524,0.501190476190476,0.281715506715507,0.718284493284493,1226,1199,571,10275,93,6742,45414,32682,32838,18458,47062,0.188183669,8.40194725245104e-06,48895,2155,0.577421095,0.001946393,0.107067854,0.020566297,0.020566297,0.430347794,0.001497515,0.000623286,0.005422588,0.004051359,0,0.005422588,0.010097233,0.000638868,0.001807529,0.001947769,0.003998206,1.55821e-05,0,0,0,0,0.026458489,0,0.08631543648,0.240888278388278,0.0733058608058608,0.121245421245421,0.118559218559219,0.109050671550672,0.137393162393162,0.199557387057387,15783,4803,7944,7768,7145,9002,0.199557387057387,40.1,135.733787156077,25.5428820742957,5059.38271604938,0.00504861630516081,160656,0,91967,0,0,49555,0,0,0,0,1337062,1639240
"46","CA-529","Lake County CoC","Largely Rural CoC","Sheltered and Unsheltered Count","06","California","CA",604,66,41,80,157,110,104,46,238,359,0,2,3,0,1,1,520,84,135,0,19,0,377,7,26,20,169,135,469,27,1,169,103,66,0,435,213,150,63,0,303,15,77,64276,189100323,3250647503,1,0,0.980218251,0.59212476,0.307828739,68139,0.0281189920603472,0.0110069123409501,0.0216909552532324,0.116585215515344,0.00341948076725517,0.126902361349594,0.692276082713277,0.501885850981083,0.498114149018917,0.237514492434582,0.762485507565418,1916,750,1478,7944,233,8647,47171,34198,33941,16184,51955,0.175438318,1.9773291302942e-05,49254,2198,0.530091349,0.007605457,0.260144444,0.017373901,0.025553267,0.536389943,0.001475064,0.000342274,0.002831539,0.003204929,0,0.002831539,0.006378742,0.000886801,0.002784865,0.001244633,0,0.000140021,0,0,0,0,0.003967266,0,0.10568645576,0.217613994922144,0.0642216645386636,0.111345925241051,0.1146920265927,0.108821673344193,0.146949617693245,0.236355097668002,14828,4376,7587,7815,7415,10013,0.236355097668002,44.2,203.615610418374,35.7219802103429,3801.43377483444,0.00939697554297094,97184,0,416934,3594851,0,97698,0,0,0,0,1684250,2296066
"47","CA-530","Alpine, Inyo, Mono Counties CoC","Largely Rural CoC","Sheltered and Unsheltered Count","06","California","CA",106,7,5,36,25,11,16,6,44,61,1,0,0,0,0,0,87,19,16,0,0,0,73,0,1,3,16,11,95,5,0,37,1,36,0,69,38,6,32,0,12,0,0,33484,304533384,36219700923,0.333333333333333,0,2.998228426,1.113058241,0.376328993171007,33667,0.0777319036445184,0.0191582261561767,0.00576231918495857,0.148275759645944,0.00499004960346927,0.0613657290521876,0.682716012712745,0.529004663320165,0.470995336679835,0.244482727893783,0.755517272106217,2617,645,194,4992,168,2066,22985,17810,15857,8231,25436,0.109330738809581,9.24469256971065e-07,62631.182355752,2071.03783896787,0.389236928583891,4.70916780119997e-05,0.466653543390881,0.02449018435399,0.0335838599308924,0.758571257974734,0.00162151770036435,0,0.000507705374507227,0,0,0.000507705374507227,0.000507705374507227,0.00415123602640067,0.00782463240819496,0.00803368770206666,0,0.000298650154700753,0,0,2.98650249970135e-05,0,0.00427069677472823,0,0.2891511314,0.196661419193869,0.0689399114860249,0.125523509668221,0.127662102355422,0.116612706804883,0.15290937713488,0.211690973356699,6621,2321,4226,4298,3926,5148,0.211690973356699,43.1657328873492,13.658376308205,1.49328037271533,471.707547169811,0.00316569107633497,50001,0,0,0,0,0,0,0,0,0,0,50001
"48","CA-531","Nevada County CoC","Largely Rural CoC","Sheltered and Unsheltered Count","06","California","CA",516,61,18,99,118,75,97,48,188,324,1,3,0,0,0,0,481,35,11,2,14,1,437,6,21,14,181,103,413,11,1,258,187,71,0,258,254,178,76,0,0,72,2,99417,41531993,2480587300,0,0,0.947543922,0.51795268,0.151885492,102452,0.00492913754733924,0.017774177175653,0.00306484988091985,0.0930582126264007,0.000624682778276656,0.023279194159216,0.857269745832195,0.493831257564518,0.506168742435482,0.104663647366572,0.895336352633428,505,1821,314,9534,64,2385,87829,50594,51858,10723,91729,0.095095146,4.00780089457041e-05,68333,3797,0.569413746,0.002346213,0.240942399,0.006121881,0.016677488,0.542211091,0.002885695,0,0.004878441,0,0,0.004878441,0.004878441,0.001046099,0.003379704,0.002162608,0,0.000502932,0,0,0,0,0.008429142,0,0.15884748843,0.170948346542771,0.055743177292781,0.095517901065865,0.120632100886269,0.112511224768672,0.155819310506383,0.288827938937258,17514,5711,9786,12359,11527,15964,0.288827938937258,50.3,45.9296165901144,4.36768359536095,841.515503875969,0.0051902592112013,434222,0,0,0,0,0,0,0,0,0,0,434222
"49","CA-600","Los Angeles City & County CoC","Other Largely Urban CoC","Sheltered and Unsheltered Count","06","California","CA",75308,6412,3167,14847,16431,15691,13652,5108,24397,49137,137,172,1379,31,19,36,43133,32175,1623,1247,23342,102,21777,369,2589,3411,31847,10983,64325,2485,375,22943,20401,2191,351,52365,28036,24130,3550,356,2194,29111,9728,10040682,1785003207,10515988166,0,0,0.664311169,0.991090481,0.740726775,9848406,0.0127238864847773,0.150292950960795,0.078097816032361,0.166810547818601,0.00220248840269177,0.235580864558183,0.35429144574259,0.495439160408293,0.504560839591707,0.482653639583908,0.517346360416092,125310,1480146,769139,1642818,21691,2320096,3489206,4879286,4969120,4753369,5095037,0.141808623,0.000954801568954143,71358,92382,0.571036972,0.01378573,0.063848148,0.008198517,0.02981159,0.354536674,0.001731312,0.000439412,0.008297245,0.003594377,0.00093908,0.009236325,0.013270114,0.001044152,0.003375169,0.002988542,0.00046429,4.77059e-05,1.79271e-06,2.48987e-06,2.98784e-07,5.43416483606351e-08,0.042065868,4.52744943561969e-08,0.7027302640206,0.208920712651367,0.0892429698775619,0.158704667537061,0.140311234122557,0.132104626880736,0.123628940561549,0.147086848369168,2057536,878901,1562988,1381842,1301020,1217548,0.147086848369168,37.9,1766.69913613563,250.533171750684,33403.1431985978,0.0075002873310797,3.52e+08,2.2e+08,52209912,2.87e+09,1.16e+08,15267642,14878128,50312187,71599267,73256772,1.55e+09,2515523908
"50","CA-601","San Diego City and County CoC","Major City CoC","Sheltered and Unsheltered Count","06","California","CA",10605,965,839,1614,2309,2000,1984,894,3555,6919,31,35,57,0,3,5,6826,3779,268,205,1990,51,5287,166,439,865,3760,1563,9042,735,70,4495,3177,1258,60,6110,5740,3746,1921,73,1988,7287,2383,3323970,817287145,10904539456,0,0,0.827776112,0.956053627,0.55108951,3282782,0.00944351467749001,0.12216985471469,0.0470929839386228,0.180954141944241,0.00420253309540506,0.106031713345571,0.53010525828398,0.505716188281768,0.494283811718232,0.343373699502434,0.656626300497566,31001,401057,154596,594033,13796,348079,1740220,1660156,1622626,1127221,2155561,0.109210354,0.000304824427791038,82426,36846,0.56331403,0.005070297,0.069784489,0.004675335,0.013164649,0.365685611,0.002456922,0.000176897,0.008734435,0.002473247,9.3262e-05,0.008827697,0.011477841,0.000689537,0.002302969,0.001512649,0.000439987,0.000105296,3.3093e-06,3.00845e-07,3.00845e-07,2.56947776506383e-08,0.022374751,2.13403009530089e-08,0.248927127345,0.211457538149046,0.097319285898363,0.160099269461085,0.141220464837446,0.121356824790681,0.1181141483047,0.15043246855868,694169,319478,525571,463596,398388,387743,0.15043246855868,37.1,1153.20306421761,125.94171487709,39474.4443187176,0.00319046200777985,61933270,52736341,12784236,1.01e+09,26017718,2316655,3235745,11860863,2023151,1718503,2.44e+08,418626482
"51","CA-602","Santa Ana, Anaheim/Orange County CoC","Largely Suburban CoC","Sheltered and Unsheltered Count","06","California","CA",7322,691,308,1344,1624,1450,1395,510,2534,4717,15,7,40,3,2,4,4089,3233,230,282,572,43,4372,115,162,328,2477,1128,6194,233,25,3149,2522,627,0,4173,3871,3030,841,0,2082,2990,808,3170345,406263283,2053491982,0,0,0.338961188,0.997501717,0.601734196,3164063,0.00755010251060108,0.219397970267975,0.0164193949361944,0.148746406124025,0.00314595505841698,0.140636264195751,0.464103906907037,0.495628563653758,0.504371436346242,0.341484983073978,0.658515016926022,23889,694189,51952,470643,9954,444982,1468454,1568200,1595863,1080480,2083583,0.101395585,0.00154387990203509,94441,66262,0.559014787,0.008371146,0.055612562,0.00340524,0.020420543,0.34735778,0.00253825,0,0.006406558,0.00138313,0,0.006406558,0.007789688,0.000569654,0.001694137,0.00130459,0.000583497,1.26169e-05,0,0,3.15423e-07,0,0.036183444,5.26649856062112e-08,1.16711812692,0.213280519382832,0.0897905635886517,0.142032254098607,0.131184492849858,0.135245094677318,0.130759406497279,0.157707668905455,674833,284103,449399,415076,427924,413731,0.157707668905455,39.1,1532.49446917667,155.388173211433,67281.360010926,0.00230952782741311,57904551,54468389,819725,7.76e+08,18896518,866466,2989493,9688976,0,0,3.47e+08,492634118
"52","CA-603","Santa Maria/Santa Barbara County CoC","Largely Suburban CoC","Sheltered and Unsheltered Count","06","California","CA",2119,220,93,315,421,353,401,316,715,1380,4,5,11,4,0,0,1233,886,65,49,118,6,1359,11,52,90,688,364,1755,78,12,787,696,91,0,1332,910,801,109,0,881,770,506,444895,2729215451,7080858282,0,0,0.963540694,0.944305255,0.560954832,443975,0.0178861422377386,0.0532890365448505,0.0168207669350752,0.232170730333915,0.00110591812602061,0.136095500872797,0.542631904949603,0.501557520130638,0.498442479869362,0.476179965088124,0.523820034911876,7941,23659,7468,103078,491,60423,240915,222679,221296,211412,232563,0.128651376,6.28306601095169e-05,78925,15411,0.559100387,0.010255615,0.069094949,0.007293635,0.020562777,0.358100226,0.001767708,0.000251745,0.013920138,0.001350881,0.000388856,0.014308994,0.01591162,0.001225008,0.002931029,0.002108363,7.00966e-05,1.34863e-05,0,0,4.49544e-06,3.66405440447582e-10,0.017298464,0,0.136140984265,0.224354974942283,0.148456557238583,0.132568275240723,0.116722788445295,0.104456332000676,0.111310321527113,0.162130750605327,99608,65911,58857,51822,46376,49419,0.162130750605327,34.5,515.74709036171,66.3515728430304,13930.8555922605,0.00476292158823992,3644456,8662858,1066073,2.28e+08,3836294,56630,0,0,1261794,1575485,9415893,29519483
"53","CA-604","Bakersfield/Kern County CoC","Major City CoC","Sheltered and Unsheltered Count","06","California","CA",2669,146,147,595,744,488,406,143,883,1776,3,2,3,0,1,1,1613,1056,64,25,421,4,1375,23,73,93,788,216,2453,61,3,1006,848,158,0,1663,1155,948,207,0,186,1335,451,892458,78332288,21068705437,1,0,0.976796245,0.866471264,0.667765878,910433,0.0120140636378514,0.0507659542217824,0.0515644753650186,0.213165603619377,0.00161681309882221,0.178749012832356,0.492124077224793,0.509494932630957,0.490505067369043,0.557378741763535,0.442621258236466,10938,46219,46946,194073,1472,162739,448046,463861,446572,507456,402977,0.204284704,4.23594132382098e-05,54851,13978,0.546530089,0.007344017,0.08564438,0.019988034,0.031095097,0.335230341,0.002441016,0.000142304,0.003902705,0.001120501,0.000963631,0.004866336,0.006129141,0.00069359,0.002007938,0.001177646,0,3.92175e-05,0,0,1.1205e-06,0,0.021914757,0,0.156149806428,0.288379265690062,0.0978358649126295,0.151513620442141,0.132728053574508,0.109562153392946,0.103934062144057,0.116046979843657,262550,89073,137943,120840,99749,94625,0.116046979843657,32.4,408.905756732126,83.5331914779183,27931.7590857999,0.00299061692539033,13293568,17954509,1786799,65107523,7668570,317942,1471097,2011733,8488948,5432063,16124636,74549865
"54","CA-608","Riverside City & County CoC","Largely Suburban CoC","Sheltered-Only Count","06","California","CA",4249,465,293,802,931,746,686,326,1539,2684,8,10,4,3,0,1,2749,1500,29,12,424,0,822,27,23,266,997,756,3493,282,7,1808,1426,382,0,2441,1915,1467,448,0,0,2063,830,2437864,242807981,18671846195,0,0,0.905461964,0.945265147,0.65631922,2449909,0.012029426399103,0.0704336365146624,0.0647644463529053,0.185128508854819,0.0033323686716527,0.24260941937027,0.421702193836587,0.501374132671867,0.498625867328133,0.506019611340666,0.493980388659334,29471,172556,158667,453548,8164,594371,1033132,1228321,1221588,1239702,1210207,0.125262576,0.000130563629034863,70732,18272,0.583518832,0.006572399,0.12857339,0.007960325,0.021386495,0.346641978,0.002846331,0.000419219,0.00330043,0.001035743,0,0.00330043,0.004755392,0.001465627,0.002895568,0.00191192,0,5.70171e-05,0,0,4.10195e-07,0,0.032215497,5.08728124171441e-09,0.1621335583296,0.244364586603013,0.0933353034745372,0.137829609181402,0.133922525285633,0.122086575460558,0.117008427659966,0.151452972334891,598671,228663,337670,328098,299101,286660,0.151452972334891,36.7,386.279356322334,48.3863472285575,27761.6695693104,0.00174291921124394,25350652,39619573,13475651,2.01e+08,10283329,795714,2106532,8520317,0,0,17807566,117959334
"55","CA-609","San Bernardino City & County CoC","Largely Suburban CoC","Sheltered and Unsheltered Count","06","California","CA",4255,311,165,773,1039,844,788,335,1514,2720,8,4,3,0,3,3,2760,1495,93,53,910,12,1828,20,136,246,1938,475,3780,166,10,1200,844,356,0,3055,1308,890,418,0,0,1649,1237,2162532,96418406,51976311092,1,0,0.970577389,0.946185325,0.724275988,2187816,0.0129421304168175,0.0812577474522538,0.0801027143050421,0.186412385685085,0.00341253560628499,0.24477241230524,0.391100074229277,0.500779315993667,0.499220684006333,0.545608497241084,0.454391502758916,28315,177777,175250,407836,7466,535517,855655,1095613,1092203,1193691,994125,0.14980888,4.16061077549778e-05,65761,26354,0.568514511,0.00585074,0.112681875,0.014702458,0.034985916,0.333579341,0.001818367,0.000514212,0.00447161,0.001399286,2.45083e-05,0.0044961183,0.0064096163,0.000724151,0.001992572,0.001304489,0,5.8265e-05,0,0,4.62421e-07,0,0.063018258,1.50822556672872e-09,0.0959379208884,0.257781733015939,0.0990019270359116,0.152192414718605,0.134776873375092,0.120192008834381,0.113100918907257,0.122954124112814,563979,216598,332969,294867,262958,247444,0.122954124112814,34.4,419.876068384437,62.9011635434759,31968.4556991774,0.0019676009418589,19708967,41064405,12928434,2.88e+08,15444292,387344,2469387,0,696838,1148281,42177831,136025779
"56","CA-611","Oxnard, San Buenaventura/Ventura County CoC","Other Largely Urban CoC","Sheltered and Unsheltered Count","06","California","CA",2358,210,104,345,437,477,523,262,828,1504,8,3,14,1,0,0,1270,1088,50,30,141,1,1314,18,114,107,1042,371,1987,75,9,927,689,229,9,1431,1308,1043,255,10,523,635,433,845599,947376202,4767585001,0,0,0.885336825,0.966331415,0.550648712,838259,0.0146422525734886,0.0722497462001601,0.0184334436015599,0.208576346928575,0.00187054359094266,0.0982822731399245,0.58594539396535,0.497436949677844,0.502563050322156,0.438427741306684,0.561572258693316,12274,60564,15452,174841,1568,82386,491174,416981,421278,367516,470743,0.089352775,0.000177364221051672,89295,19539,0.588223413,0.005459452,0.061452881,0.006229593,0.016460223,0.342272164,0.001455522,0.000130085,0.007136953,0.000611401,0.00139073,0.008527683,0.009269169,0.001195602,0.002944658,0.001908706,0.00024537,2.01041e-05,0,0,0,9.49988380297102e-09,0.020952012,1.30844068968913e-08,0.277684564412,0.221643907193361,0.0885979154414089,0.132337380213037,0.128052308415418,0.127709932133147,0.133077008418639,0.168581548184988,185795,74268,110933,107341,107054,111553,0.168581548184988,39.4,1799.62179438322,160.80120127862,57664.6882951654,0.00278855580482002,5088272,11738144,5771444,1.96e+08,5383847,929902,419357,0,4128302,9086163,93427904,135973335
"57","CA-613","Imperial County CoC","Largely Suburban CoC","Sheltered and Unsheltered Count","06","California","CA",1508,66,111,225,371,281,271,183,433,991,28,12,4,26,8,6,850,658,67,15,103,30,754,0,44,37,503,108,1400,78,4,133,79,54,0,1375,437,325,112,0,423,32,320,180580,790216760,10814595263,1,1,0.992263775,0.815945287,0.898144867,179319,0.0159325001812412,0.0150681188273412,0.0248718763767364,0.262147346349244,0.000172876270780007,0.377550622075742,0.304256659918915,0.513587517217919,0.486412482782081,0.855793306899994,0.144206693100006,2857,2702,4460,47008,31,67702,54559,92096,87223,153460,25859,0.225313114,1.66978047359589e-05,46222,6666,0.545338015,0.013044048,0.208918849,0.00884971,0.021830438,0.320384317,0.001613733,0.000210433,0.009574704,0.002087717,0.004247425,0.013822129,0.016120279,0.001395503,0.007077196,0.001661314,0,8.86034e-05,0,0,5.53771e-06,0,0.019681028,0,0.1126015619,0.285056240554542,0.0982662183036934,0.145600856574038,0.125513749240181,0.109140693401145,0.101918926605658,0.134503315320741,51116,17621,26109,22507,19571,18276,0.134503315320741,33,386.235670592322,87.0239616790342,10420.9462864721,0.00835086942075534,402958,1126700,0,24191208,0,0,0,0,4848172,5900843,3436114,15714787
"58","CA-614","San Luis Obispo County CoC","Largely Suburban CoC","Sheltered and Unsheltered Count","06","California","CA",1175,88,45,172,275,255,239,101,424,740,4,4,2,0,0,1,831,344,41,7,59,4,771,9,74,49,355,143,1032,28,6,375,337,38,0,800,363,317,46,0,313,363,346,282517,815630594,8549160509,0,0,0.974799683,0.80912033,0.317000393,281486,0.00930064017393405,0.037142166928373,0.0113291602424277,0.149648650376928,0.0017727347008377,0.0670122137513056,0.723794433826194,0.504767555047143,0.495232444952857,0.245056592512594,0.754943407487406,2618,10455,3189,42124,499,18863,203738,142085,139401,68980,212506,0.11086472,3.30461686504288e-05,77948,7117,0.543731116,0.003162532,0.130971077,0.00368898,0.013398115,0.432738561,0.00280924,0.000208837,0.008413653,0.001072502,0,0.008413653,0.009694992,0.001143294,0.00227243,0.002293667,0.000246816,1.06188e-05,0,0,3.53961e-06,1.22604522896305e-09,0.014869902,0,0.149783167958,0.176079805034709,0.14810328044734,0.111636102683615,0.116066163148434,0.104030040570401,0.128414912286934,0.215669695828567,49564,41689,31424,32671,29283,36147,0.215669695828567,40.2,543.629629185813,60.269346623389,14491.1617021277,0.00415904175677924,1944253,3479790,992708,73954109,1903333,102290,313155,0,0,289711,8001875,17027115
"59","CO-500","Colorado Balance of State CoC","Largely Rural CoC","Sheltered-Only Count","08","Colorado","CO",2395,263,136,433,560,476,390,137,816,1547,15,6,10,1,0,0,1941,454,74,4,66,0,708,2,38,197,767,440,1955,108,14,1053,675,378,0,1342,1387,919,468,0,83,1180,396,1185056,861189886,234343648408,0.381818181818182,0.0363636363636364,53.971411599,15.884438604,0.280103218780021,1200328,0.0156332269179758,0.0120125499030265,0.0115351803840284,0.117515379129705,0.00108137109190155,0.043575589338914,0.798646703234449,0.514409394765431,0.485590605234569,0.224655260895355,0.775344739104645,18765,14419,13846,141057,1298,52305,958638,617460,582868,269660,930668,0.122119424923292,5.05691538068392e-06,62507.0966891016,5223.09912864877,0.492862603163656,0.00182841129328861,0.230654850930411,0.0217712864710579,0.0257983773217122,0.508482299464845,0.00394578027897331,0.000520650638401898,0.00424790049504749,0.00365974278238159,0.00183620014470287,0.00608410063975036,0.0102644940605338,0.0017602543584742,0.00444620336174999,0.00406225529319121,0,0.000500398253116393,0,0,8.43841906308225e-06,0,NA,0,6.023107546359,0.201759852307036,0.0773030371698402,0.127869215747696,0.133680960537453,0.121820035856866,0.139640165021561,0.197926733359548,242178,92789,153485,160461,146224,167614,0.197926733359548,42.1384853542786,552.821649829334,67.5102619623039,33404.3594989562,0.00202100153916777,385347,4270107,3002265,67852313,2005536,358108,0,0,15867222,13621788,40493068,80003441
"60","CO-503","Metropolitan Denver CoC","Major City CoC","Sheltered and Unsheltered Count","08","Colorado","CO",14281,4110,965,2836,2847,1961,1201,361,5769,8281,17,119,73,7,5,10,10797,3484,621,87,3836,6,7059,190,903,647,3336,7405,6876,380,106,11362,9878,1443,41,2919,8479,6301,2115,63,4715,4896,1285,3123459,136130028,11523767988,0,0,4.518956988,5.683152404,0.357958276385054,3170166,0.00854813281071086,0.0438109550099269,0.052594722169123,0.134187294923988,0.00145039723471894,0.0619876056963579,0.697420892155174,0.503537354195332,0.496462645804668,0.232323796293317,0.767676203706683,27099,138888,166734,425396,4598,196511,2210940,1596297,1573869,736505,2433661,0.0870652032991731,0.000271044939749962,84152.9612500116,44404.0331373007,0.515955026685026,0.00150308618411176,0.0461405928818504,0.00446214196396751,0.00963944450511308,0.394315084620744,0.00562831440084278,0.000152715410077097,0.00644573846083877,0.00322559049422003,0.000990888635767014,0.00743662709660578,0.0108149330009029,0.00132097139945554,0.00348011613397423,0.0026169706457245,0,0.000104691627487731,1.28063268150791e-06,3.20158778911457e-07,3.20158778911457e-07,0,0.0447289366986703,1.51510664940246e-08,2.553017442417,0.211582926572299,0.0882124153750939,0.167298494779138,0.151719499862152,0.126744782449878,0.115696780547139,0.1387451004143,670753,279648,530364,480976,401802,366778,0.1387451004143,37.215700606283,2228.00968642581,193.98211630119,42426.6638890834,0.00457217463075392,60950458,36013484,5922063,647620033,17495122,1566345,1620631,6013759,41610069,21885244,412818012,605895187
"61","CO-504","Colorado Springs/El Paso County CoC","Major City CoC","Sheltered and Unsheltered Count","08","Colorado","CO",1146,269,113,173,206,179,153,53,445,668,6,7,3,0,3,14,992,154,32,6,152,2,614,7,276,89,282,451,695,74,12,887,537,350,0,259,984,582,402,0,441,577,110,710499,7070359,5507386922,0,0,0.901029467,0.897495191,0.315689396,736008,0.00972543776698079,0.0283692568559037,0.0594939185443637,0.129421147596222,0.00281926283409963,0.0437128400778252,0.726458136324605,0.508330072499212,0.491669927500788,0.183343115835697,0.816656884164303,7158,20880,43788,95255,2075,32173,534679,374135,361873,134942,601066,0.098385024,0.000129008368226648,71517,17670,0.526171641,0.000745871,0.049750848,0.005048131,0.008653422,0.389216593,0.005974604,0.000211119,0.003414502,0.001258271,0.001047151,0.004461653,0.005931043,0.000682619,0.003745255,0.001431388,0,8.44477e-05,0,0,1.40746e-06,0,0.014242103,0,0.263030282295,0.23426375800263,0.104542341931066,0.161237377854589,0.136177867631874,0.112125139944131,0.114913153117901,0.13674036151781,172420,76944,118672,100228,82525,84577,0.13674036151781,35,494.393779890641,48.6409438999914,30156.4938917976,0.00161295089789007,4642181,8314235,1145686,47712805,3530066,308561,536785,0,4685685,4193104,7203039,34559342
"62","CO-505","Fort Collins, Greeley, Loveland/Larimer, Weld Counties CoC","Other Largely Urban CoC","Sheltered and Unsheltered Count","08","Colorado","CO",893,139,50,135,191,177,146,55,313,569,5,4,1,0,1,0,633,260,36,6,67,0,586,20,43,45,254,223,670,29,11,622,530,92,0,271,542,413,129,0,28,604,244,665912,181388403,17043932874,0,0,1.931035503,1.697423045,0.26005388065483,704272,0.00788615762091919,0.0189514846536565,0.0122353295317718,0.109087114069564,0.000959856419110798,0.0493048140491174,0.80157524365586,0.503606561101393,0.496393438898607,0.212944714542109,0.787055285457891,5554,13347,8617,76827,676,34724,564527,354676,349596,149971,554301,0.107018026040872,3.90703251956494e-05,75402.6576574683,11861.0920031476,0.526367826966955,0.00159669494679313,0.0574399410087277,0.00809788225258443,0.0130420862872992,0.376366547146633,0.00805593932327094,0.000330373580856029,0.00480994462538894,0.002234529560951,0.000336380650180504,0.00514632527556945,0.00771122841737647,0.00158429338079206,0.0048459855151987,0.00251234426929384,0,0.000112627655234325,0,0,0,0,0.024214911684622,1.2467780383902e-10,0.250023402049,0.220839391598701,0.116399629688529,0.148902696685372,0.137655621691619,0.114329406820092,0.113503021559852,0.148370231955835,155531,81977,104868,96947,80519,79937,0.148370231955835,35.9369325075986,401.831876130031,43.003254183736,32067.6181410974,0.00134101803241269,2430910,6848076,682859,66138375,2343484,428242,0,0,1655672,1692725,12554415,28636383
"63","CT-503","Bridgeport, Stamford, Norwalk, Danbury/Fairfield County CoC","Other Largely Urban CoC","Sheltered and Unsheltered Count","09","Connecticut","CT",713,148,42,114,129,106,122,52,291,420,2,0,0,0,0,0,450,263,7,2,293,2,288,0,22,50,22,249,464,38,2,604,506,98,0,109,532,418,114,0,284,2026,321,933112,553975592,1741244241,0,0,0.825522595,1.869873262,0.381323899750677,947528,0.00334449219442592,0.0533335162654824,0.111052127219459,0.109125007387644,0.000503415202505889,0.099102084582197,0.623539357148285,0.490983907599564,0.509016092400436,0.220467363497438,0.779532636502562,3169,50535,105225,103399,477,93902,590821,465221,482307,208899,738629,0.0887314450749171,0.000535888060978804,95674.0921063054,28530.872277658,0.539477388848551,0.0021580888665059,0.0809923611574449,0.00931334687746916,0.0138782807184432,0.399259426128286,0.00187996599901191,0.00026285880022441,0.00841557132161841,0.00480625151341747,0.00449835085703002,0.0129139221786484,0.0179830324922903,0.000955941122332582,0.001560370056647,0.00176613331538122,0.004240019,0.000325611966936445,1.01916723308992e-06,0,0,1.71667703223105e-09,0.0244479171302587,5.61722304007896e-08,1.17843828587,0.220598230342533,0.0892005302217982,0.11505623052828,0.128438420817116,0.137396467439485,0.143424785336159,0.165885335314629,209023,84520,109019,121699,130187,135899,0.165885335314629,40.9834269626797,3038.53315346739,269.613437615206,352846.471248247,0.000764109774603692,25825893,14400555,1743750,168757924,3773506,549388,557696,985588,50603406,32932259,120207493,251579534
"64","CT-505","Connecticut Balance of State CoC","Largely Suburban CoC","Sheltered and Unsheltered Count","09","Connecticut","CT",2697,529,221,371,487,470,459,160,1103,1580,8,1,4,1,0,0,1840,857,25,18,895,4,1297,13,111,124,62,859,1838,136,32,2232,1961,251,20,465,1959,1623,308,28,682,5617,1149,2637463,1262472089,10800422757,0,0,4.907658789,5.199408025,0.324856017202196,2650820,0.00241434725858414,0.045427075395538,0.105449634452735,0.0904554062516504,0.000501354297915362,0.0614308025441184,0.694321379799458,0.490375053756951,0.509624946243049,0.162881297108065,0.837118702891935,6400,120419,279528,239781,1329,162842,1840521,1299896,1350924,431769,2219051,0.101096426156282,0.000244199978032397,76690.0885673081,21509.6101668352,0.505256558881728,0.00108755715538511,0.091924183874921,0.0126045879313886,0.0154760961059689,0.43551610907692,0.00119955110149716,0.000624359003298625,0.0118137504291074,0.00718312563273873,0.00323323402709649,0.0150469844562039,0.0228544690922413,0.000904278030545642,0.00175320003870121,0.00160760523930459,0.044535394,0.000215618875015877,1.85784476445736e-08,0,7.5830358696141e-07,1.58807517794003e-08,0.0344315278871814,2.1811318749437e-08,3.732868295745,0.198042492511751,0.093170037950521,0.128545883915166,0.124399996982066,0.125378562105311,0.144259889392716,0.186203137142469,524975,246977,340752,329762,332356,382407,0.186203137142469,41.3603379459731,2253.39625268333,227.810307860243,222781.334074898,0.0010225735868143,51983775,37708948,26935092,662144516,9624491,3592890,1974590,2769620,91751590,49677504,324822758,600841258
"65","DC-500","District of Columbia CoC","Major City CoC","Sheltered and Unsheltered Count","11","District of Columbia","DC",5616,1044,583,1018,947,708,870,446,2167,3350,38,27,24,3,1,6,5005,611,40,54,4633,8,634,21,144,213,1416,1656,3960,420,139,4716,3308,1404,4,900,5218,3505,1693,20,5842,11856,10156,701974,18709787,158316184,0,0,0,1,0.632761327,672079,0.00304130913181337,0.0408657315583436,0.432645566964598,0.0841165993878696,0.000562433880540829,0.0481163672722998,0.390651991804535,0.476135989965465,0.523864010034535,0.115700683996971,0.884299316003029,2044,27465,290772,56533,378,32338,262549,320001,352078,77760,594319,0.154525033,0.00443400025356852,90842,189361,0.455247071,0.002948246,0.096759944,0.011864332,0.014201484,0.4547063,0.006792129,0.000586916,0.016953619,0.013962056,0.010510361,0.02746398,0.042012952,0.004437486,0.007872086,0.021778584,0.00991208,0.000119663,4.27366e-06,4.84348e-05,0,1.06895986744264e-07,0.011353697,5.37125922716783e-07,2.4517494911,0.186994386076637,0.0922480839306093,0.223592762160401,0.164470248289264,0.107054379023895,0.0984214653336885,0.127218675185506,125675,61998,150272,110537,71949,66147,0.127218675185506,34.9,4696.31331704809,725.697970295196,90708.8865740741,0.00800029630727064,16811109,0,4576463,5.8e+08,0,2303529,0,22932070,1.29e+08,48797936,2.85e+08,509421107
"66","DE-500","Delaware Statewide CoC","Largely Suburban CoC","Sheltered and Unsheltered Count","10","Delaware","DE",1358,353,75,184,239,201,217,89,589,767,1,0,1,0,0,0,1258,100,7,6,818,3,409,2,59,89,238,555,803,29,27,1120,888,232,0,238,1166,849,317,0,311,728,295,967679,1399207462,5046703789,0,0,2.215842068,2.298522541,0.384882796937478,1005872,0.0037221435729397,0.0409236960567547,0.219356936071389,0.0764351726661046,0.000400647398476148,0.0409922932540124,0.618169110980324,0.48473861485358,0.51526138514642,0.107199524392766,0.892800475607234,3744,41164,220645,76884,403,41233,621799,487585,518287,107829,898043,0.114344687074664,0.000191744758650031,70001.7185481963,19175.0201502771,0.49758354590878,0.000882315935692097,0.153921421167805,0.00920177647191683,0.0125188490802043,0.453082065274704,0.00569468560912451,0.00043609475382229,0.00457589748317572,0.00485801552373256,0.00214430646725825,0.00672020395043398,0.0120143142279888,0.000766783439443245,0.0016245057764858,0.00113260688671347,0.020215147,0.000156043294210994,1.03339911869535e-06,0,0,6.43220209874067e-09,0.0258825498568926,6.61243690864853e-09,1.21548728146,0.209167766872922,0.0845375952407463,0.127596751873002,0.120394046160943,0.116825003578984,0.141398706793707,0.200080129479695,210396,85034,128346,121101,117511,142229,0.200080129479695,41.9732863893915,1756.40683176683,200.835789554181,143110.880706922,0.00140335793171083,7900472,9898989,5102957,105896710,3669063,3331185,804414,3358155,26060842,14528762,119689737,194344576
"67","FL-500","Sarasota, Bradenton/Manatee, Sarasota Counties CoC","Largely Suburban CoC","Sheltered and Unsheltered Count","12","Florida","FL",1157,104,48,183,231,215,265,111,425,721,1,2,8,0,0,0,1034,123,15,6,231,1,776,4,50,93,289,161,996,53,14,503,258,245,0,654,811,440,371,0,213,388,158,821613,1659702737,3363793695,0,0,1.357467245,1.928980329,0.229976886715755,865031,0.0035247291715557,0.0203102547769964,0.059442956379598,0.0890060587424035,0.000601134525814682,0.032265895673103,0.794848970730529,0.48214919465314,0.51785080534686,0.138955713725866,0.861044286274134,3049,17569,51420,76993,520,27911,687569,417074,447957,120201,744830,0.0976162088729828,0.000244251899639761,62400.1238600168,13244.2066301288,0.546967717935056,0.00116417796409822,0.22801509534285,0.00504311700464209,0.0134629561618073,0.535373709587121,0.00829205048613276,0.000466156181998094,0.00369273625678391,0.000733921957595608,0.000569611503576501,0.00426234776036041,0.00546242589995411,0.00126823680910842,0.00332516607189151,0.00229183321416409,0.002746451,0.000102238051128451,0,0,1.21711945139622e-06,3.61509517237122e-09,0.0174072220351601,0,0.595672132721,0.158087976037853,0.0601966865927348,0.0927573693890739,0.0960185241916186,0.110975213605062,0.15254713414895,0.329417096034709,136751,52072,80238,83059,95997,131958,0.329417096034709,53.5130695351704,571.753913186224,55.8124494135317,39633.7372515125,0.00140820556636762,2405460,8767562,4590962,74457388,3278545,1726305,616939,0,5697840,3627480,15145141,45856234
"68","FL-501","Tampa/Hillsborough County CoC","Major City CoC","Sheltered and Unsheltered Count","12","Florida","FL",1893,400,47,281,326,330,343,166,672,1216,0,5,0,0,0,0,1558,335,23,5,918,3,744,16,79,152,245,640,1253,31,11,871,828,43,0,1022,931,878,53,0,280,1156,732,1451358,790775123,2648267124,0,0,0.507990149,0.96327689,0.520741953,1489634,0.00342097454811048,0.0442457677523472,0.164031567485705,0.173465428420672,0.000847859272814665,0.0658537600511267,0.548134642469224,0.492323617747715,0.507676382252285,0.296630581740213,0.703369418259787,5096,65910,244347,258400,1263,98098,816520,733382,756252,441871,1047763,0.139940397,0.000548040636402206,60566,30018,0.527483292,0.003237523,0.085989159,0.008471104,0.015068206,0.407007782,0.006423295,0.000488508,0.007211177,0.001952654,0.000221172,0.007432349,0.009873511,0.000992174,0.002659578,0.002313006,0.001528543,0.000130912,0,0,6.8901e-07,4.80541617887997e-08,0.043271887,1.59273761913755e-09,0.475910447706,0.218190508541024,0.0906477698548771,0.149260153836446,0.141260873476304,0.130545489697469,0.12165538649091,0.14843981810297,325024,135032,222343,210427,194465,181222,0.14843981810297,37.8,988.748695032343,138.365884916058,106084.75118859,0.00130429570099176,11387766,20819714,8969278,2.65e+08,10251261,2022626,1823925,12214115,5799601,4530148,1.23e+08,200818434
"69","FL-502","St. Petersburg, Clearwater, Largo/Pinellas County CoC","Other Largely Urban CoC","Sheltered and Unsheltered Count","12","Florida","FL",2110,351,89,247,370,370,475,208,767,1332,3,2,3,1,0,2,1942,168,25,11,822,0,1111,8,95,231,576,515,1595,53,21,1389,1060,259,70,721,1919,1480,354,85,187,1649,691,970985,1535985874,709087754,0,0,0.072839656,0.998095103,0.265045289,960565,0.0026078401773956,0.0361703788915898,0.0971417863444952,0.0863033735353672,0.00073290198997465,0.0263823895311613,0.750661329530016,0.48286060807962,0.51713939192038,0.109066018437066,0.890933981562934,2505,34744,93311,82900,704,25342,721059,463819,496746,104765,855800,0.11587663,0.00136934391339101,56419,26438,0.541362687,0.001393867,0.190993309,0.012960113,0.021114022,0.52606168,0.002123584,0.000415042,0.008056767,0.002501583,0.000677662,0.008734429,0.011651054,0.001622064,0.004672575,0.002328563,0.005143911,0.00017405,0,0,1.02988e-06,3.25523818512018e-09,0.023586358,0,0.65685775871,0.156635938223858,0.0637905815847964,0.121135998084461,0.114114089103809,0.124344526398526,0.161318598949577,0.258660267654974,150459,61275,116359,109614,119441,154957,0.258660267654974,48.9,970.161023794842,112.418989994696,51733.2478672986,0.00217305107699913,13078348,12275641,4833899,1.83e+08,5543353,5619866,746725,0,8152644,4558552,54348125,109157153
"70","FL-503","Lakeland/Polk County CoC","Largely Suburban CoC","Sheltered and Unsheltered Count","12","Florida","FL",1207,319,61,155,215,170,200,87,498,704,2,3,0,0,0,0,1031,176,5,2,446,2,643,5,38,45,53,457,750,76,0,549,311,238,0,658,813,469,344,0,72,71,283,705735,549789492,4657154151,1,0,0.790041333,0.891153113,0.424218722,760961,0.00369401322801037,0.0177078720197224,0.147773670398352,0.117786588274563,0.000402123104863456,0.114200333525634,0.598435399448855,0.492933277789532,0.507066722210468,0.277283592720258,0.722716407279742,2811,13475,112450,89631,306,86902,455386,375103,385858,211002,549959,0.151100553,0.000151537822695532,51535,10328,0.502839733,0.004450367,0.198661992,0.008825799,0.010046707,0.425933247,0.005862147,0.000194124,0.002546282,0.001987998,0.001010294,0.003556576,0.005738698,0.001204418,0.003637343,0.001588415,0.000679924,0.00011194,0,0,0,0,0.050127881,0,0.26193072231,0.220734045502989,0.0861029671691453,0.132477222880016,0.126513710952335,0.117674887412101,0.119862910188564,0.196634255894849,167970,65521,100810,96272,89546,91211,0.196634255894849,39.6,378.861459048185,57.2461759725676,33471.9386909693,0.00171027368629868,3272257,9775212,1336191,40681985,4044424,0,692285,0,7178880,3631124,10470257,40400630
"71","FL-504","Deltona, Daytona Beach/Volusia, Flagler Counties CoC","Largely Suburban CoC","Sheltered and Unsheltered Count","12","Florida","FL",1164,212,61,149,229,189,226,98,497,666,0,0,1,0,0,0,1051,113,12,1,337,1,710,0,21,75,184,359,805,38,6,378,174,188,16,786,502,250,232,20,41,114,100,658961,1077327124,4111106255,0.5,0,1.626867271,1.838098884,0.285693690573139,689939,0.0020088732482147,0.0194480961360352,0.104474453538646,0.070677262772506,0.000489898382320756,0.0685422914199661,0.734359124502311,0.488682332785942,0.511317667214058,0.148813155945671,0.851186844054329,1386,13418,72081,48763,338,47290,506663,337161,352778,102672,587267,0.128434553182375,0.000160288000145596,53285.3951796844,8348.762128563,0.553990887630904,0.000445721874260498,0.161228723109817,0.0078999603141931,0.0137968848457208,0.47841071038565,0.00426422690149948,0.000505341304716061,0.0039865784300907,0.00133695320111357,0.00136123424688259,0.0053478126769733,0.00719010718280293,0.00124134798453475,0.00358139565931671,0.00183015406123428,0.014740733,0.000165412106252115,0,0,1.5175380211879e-06,0,0.0106076081425532,5.07649859125327e-10,0.668187056816,0.172968914643179,0.0763400822391545,0.11120113517282,0.107510953866936,0.116663936956745,0.153817946224231,0.261497030896934,119338,52670,76722,74176,80491,106125,0.261497030896934,47.6275630879521,478.560537292733,61.4637087779095,34795.6932989691,0.00176641713242514,4083761,7305893,3298503,62465393,2433580,0,145833,0,10449471,5758646,7026500,40502187
"72","FL-505","Fort Walton Beach/Okaloosa, Walton Counties CoC","Largely Suburban CoC","Sheltered and Unsheltered Count","12","Florida","FL",391,45,15,54,76,83,84,34,152,235,2,0,2,0,0,0,375,16,7,1,72,0,276,0,22,29,120,70,321,17,0,141,141,0,0,250,150,150,0,0,0,158,63,278479,1781854585,5097510501,0.5,0,1.846492278,1.33211141,0.242941119461022,294127,0.0065039931730171,0.0273181312834252,0.0785613017506043,0.0889173724275568,0.00197533718427754,0.0368106294219844,0.759913234759135,0.50796084684507,0.49203915315493,0.101292978883272,0.898707021116729,1913,8035,23107,26153,581,10827,223511,149405,144722,29793,264334,0.10948400249784,5.46303926093668e-05,65142.7342815796,6136.65513018935,0.531456719088272,0.00168202889183074,0.287699998425703,0.012016868069463,0.0139875357073352,0.543807611978799,0.00828640003414261,0.00019031964507198,0.00364479931599869,0.000865415283719778,0.00200015087098129,0.00564495018697999,0.00670068511577175,0.00133582759812769,0.0037956180895256,0.00271474703118009,0.005225285,1.43637299329572e-05,0,0,0,0,0.0130494578446095,0,0.46285416195,0.221020171558544,0.0780649175356224,0.14352643585934,0.132028001509552,0.112580619936286,0.139701557490472,0.173078296110184,65008,22961,42215,38833,33113,41090,0.173078296110184,38.9583602354217,404.535760688419,44.2901942336765,31544.4731457801,0.00140405560203821,993762,591709,0,17712572,0,0,0,0,4418722,3376634,2953062,12333889
"73","FL-506","Tallahassee/Leon County CoC","Other Largely Urban CoC","Sheltered and Unsheltered Count","12","Florida","FL",840,144,48,118,137,139,173,81,322,505,7,4,0,0,1,1,796,44,12,6,494,0,273,1,23,112,209,218,622,49,4,624,438,186,0,216,753,580,173,0,65,442,144,445296,4668251893,14270130152,0.75,0.125,7.778684011,1.659997805,0.430616937695052,447901,0.00285777437424788,0.023933860384326,0.306098892389166,0.064268666513359,0.000462155699585399,0.0228086117244659,0.579570038914849,0.490552599793258,0.509447400206742,0.0759230276333386,0.924076972366661,1280,10720,137102,28786,207,10216,259590,219719,228182,34006,413895,0.193165387042071,3.12047609416926e-05,51991.8252398405,12691.9429188674,0.544817407000359,0.0013347616729269,0.158762352606497,0.0326100397340061,0.0297139919361099,0.459501096191275,0.00418824498038608,0.000231306618552603,0.00602520583739805,0.00386259894945609,0.000931964521394758,0.0069571703587928,0.0110510759268015,0.00222099435230948,0.00490011149683581,0.00324503251796109,0.021537976,0.000206603885142467,0,0,2.24570048015253e-06,0,0.0156996692278507,0,1.61252266527,0.189992877890427,0.165831288610653,0.132506960243447,0.119957311995285,0.111064721891668,0.117086141803658,0.163560697564864,85098,74276,59350,53729,49746,52443,0.163560697564864,35.9242836225791,736.433329790649,142.253429179692,75410.575,0.00188638568502749,3968726,3770524,928507,43320016,2130997,1477227,320558,27070025,6053155,3907024,13718140,63344883
"74","FL-507","Orlando/Orange, Osceola, Seminole Counties CoC","Largely Suburban CoC","Sheltered and Unsheltered Count","12","Florida","FL",2776,497,173,427,521,475,492,191,965,1794,12,3,2,0,0,0,2267,509,22,14,1413,12,990,7,69,218,719,766,2010,135,14,1682,1147,535,0,1094,1981,1280,701,0,673,1672,1062,2204145,815601393,6578172621,0.333333333333333,0,1.817458967,2.88102204,0.579246828310372,2322326,0.00264734580760841,0.0488144214033689,0.169681603702495,0.179200939058513,0.000806518981400544,0.10541844685027,0.493430724196345,0.491825867686104,0.508174132313896,0.349984885842901,0.650015114157099,6148,113363,394056,416163,1873,244816,1145907,1142180,1180146,812779,1509547,0.131207169958834,0.000335069498322914,62326.5977814527,30490.6268267287,0.548119450924228,0.00144607025991383,0.15454734561949,0.00542480979143341,0.00992281798929517,0.405586746757706,0.00730569853076091,0.000251344465108239,0.00285779761428581,0.000874261905521189,0.000655582760630312,0.00351338037491612,0.00463898674554555,0.000991768051287915,0.0031962509381107,0.00215140129566158,0.011336581,5.35355375001191e-05,0,0,9.07381652066447e-07,0,0.041321691750506,1.16467057589245e-08,1.210360370088,0.218253165145634,0.0960041785692448,0.154206170882124,0.146925108705668,0.131427715144213,0.117263037144656,0.135920624408459,506855,222953,358117,341208,305218,272323,0.135920624408459,37.2188946734448,513.883794451819,67.4252383577305,53535.6635446686,0.0012594452724299,20237457,29924040,12829133,139960808,13221435,794254,2062845,15080178,12016125,10355974,32093561,148615002
"75","FL-508","Gainesville/Alachua, Putnam Counties CoC","Largely Rural CoC","Sheltered and Unsheltered Count","12","Florida","FL",752,82,15,101,179,154,144,77,293,457,1,1,0,0,0,0,700,52,9,1,348,1,340,0,20,77,232,119,633,21,0,308,270,38,0,444,333,278,55,0,175,801,132,428836,1752123676,8717685031,0.8,0.2,4.846934,1.33330825,0.340451827909499,446644,0.00189860380974557,0.0396982831964607,0.168731696832377,0.0866081263825328,0.000326882259696761,0.0213615317792246,0.681374875739963,0.49011740894314,0.50988259105686,0.11102130555879,0.88897869444121,848,17731,75363,38683,146,9541,304332,218908,227736,49587,397057,0.204938354323403,4.91914996326506e-05,46764.4889211727,10000.2081285153,0.558362092136269,0.00162492761742006,0.158310604099359,0.0117915710484078,0.0158584581654339,0.456552154967925,0.00337260988618726,0,0.00563385518080572,0.00346286209156881,0.0032343368930337,0.00886819207383942,0.0123310541654082,0.00161367084569626,0.0051954592557761,0.00291020337060088,0.027675336,7.4620560119253e-05,0,0,2.33189255892696e-06,0,0.0174309059858477,0,1.16230882207,0.189096909395402,0.159265544818692,0.13596286975757,0.113936378861017,0.10422170677318,0.119663535164471,0.177853055229668,84459,71135,60727,50889,46550,53447,0.177853055229668,36.8094444029886,574.261376717403,117.688181495956,67112.9375,0.00175358412073613,1740125,2662988,0,44811882,1237021,93830,0,0,16404263,9980240,18350462,50468929
"76","FL-509","Fort Pierce/St. Lucie, Indian River, Martin Counties CoC","Largely Suburban CoC","Sheltered and Unsheltered Count","12","Florida","FL",701,172,26,99,129,91,122,62,310,391,0,0,0,0,0,0,613,88,4,4,252,0,378,2,20,35,113,256,445,29,4,147,114,33,0,554,195,152,43,0,150,294,203,638298,1138370704,4191178667,0,0,2.393689099,2.818971564,0.336040532801055,670557,0.00394746457049885,0.0171648346076471,0.140050733942081,0.108730503148875,0.000280363936250013,0.0388154921952944,0.691010607599354,0.490431089377935,0.509568910622065,0.178378571844004,0.821621428155996,2647,11510,93912,72910,188,26028,463362,328862,341695,119613,550944,0.116932441338604,0.000152295583346459,58562.9446089444,7963.11358017728,0.573177413074373,0.0019847655750503,0.20027491399321,0.00736533182996657,0.00939790278316084,0.478694904334812,0.00477880059332475,0.000354066511695164,0.00174839945945311,0.000482533376789525,0.00140059977600431,0.00314899923545742,0.00398559912394211,0.00106220010346578,0.00336049930881187,0.00169513294365954,0.018071882,5.17000119571109e-05,0,0,1.56666694547061e-06,0,0.0148801971406835,0,1.09377846016,0.178040047303958,0.0661136935413395,0.101353054251913,0.105674834503256,0.11385311017557,0.149011940819349,0.285953319404614,119386,44333,67963,70861,76345,99921,0.285953319404614,49.6707935791746,424.66149884103,49.6567058019922,45215.0870185449,0.00109823311368671,4401777,3410903,3115007,24031223,2092666,126750,0,0,9458887,5326498,3763288,31695776
"77","FL-510","Jacksonville-Duval, Clay Counties CoC","Major City CoC","Sheltered and Unsheltered Count","12","Florida","FL",1339,193,97,228,241,244,242,94,493,823,5,3,11,0,4,0,1272,67,1,7,777,1,478,1,42,122,121,239,1100,125,6,779,477,302,0,560,1159,686,473,0,612,1019,277,1249707,704559611,5221146001,0,0,2.192146844,2.391537962,0.423749727191718,1325278,0.00191356077743688,0.0423775238100987,0.242974681538515,0.0921942415100832,0.000653447804913384,0.0362550347927001,0.583631509766253,0.487524127013351,0.512475872986649,0.111750893020181,0.888249106979819,2536,56162,322009,122183,866,48048,773474,646105,679173,148101,1177177,0.133347566945826,0.000239354923183655,59930.7383674733,19016.872338076,0.496822071710463,0.00170991963808318,0.105457665760196,0.0113592244409938,0.0153649443932962,0.428063537996965,0.00543866449387576,7.9218784650322e-05,0.00579735915412253,0.00545487894745488,0.00189724455073309,0.00769460370485562,0.0132287014369608,0.000936219641535976,0.00230133916986382,0.00132190986785062,0.026549373,0.000171239818186343,6.40150238618332e-06,0,8.00188747146331e-07,2.83865452673528e-08,0.0550465029163124,7.96759160704037e-10,0.929286132088,0.223759845104197,0.0835718996316245,0.150225839408788,0.132630285872096,0.120951226836935,0.130020267445774,0.158840635700585,296544,110756,199091,175772,160294,172313,0.158840635700585,37.9617711191503,998.622087006804,133.163825600721,124283.618371919,0.00107145114814913,12101262,15202559,1866641,152219706,7299424,822767,1143098,6587080,23025765,13302282,85064887,166415765
"78","FL-511","Pensacola/Escambia, Santa Rosa Counties CoC","Largely Suburban CoC","Sheltered and Unsheltered Count","12","Florida","FL",1123,71,28,138,238,253,278,117,284,832,2,3,0,0,0,2,1081,42,11,1,376,0,675,8,24,123,365,98,1025,29,1,579,275,304,0,544,601,297,304,0,92,235,180,496278,1757264742,4323713105,0,0,1.61787763,1.724711774,0.297025054363673,516994,0.00273504141247287,0.0260660665307528,0.153005644166083,0.0883801359396821,0.00136558644781177,0.0214644657384805,0.706983059764717,0.500137332348151,0.499862667651849,0.066082004820172,0.933917995179828,1414,13476,79103,45692,706,11097,365506,258568,258426,34164,482830,0.125529671819696,0.000114780511090363,59406.346995031,9289.89848633226,0.486299927691909,0.00035174525029337,0.128147058218746,0.0117311654739541,0.0175354437215391,0.434190111239912,0.0050497244202987,0.000419120161022653,0.00408238968468681,0.00344363433118534,0.00129161478579143,0.00537400447047824,0.00923675896268624,0.00103570989382967,0.00292779447353701,0.00165229982858599,0.001800315,0.000197469895723768,0,0,2.01499831979254e-06,3.41439503877555e-09,0.0189470418439544,0,0.63499115551,0.213644645779255,0.0958637817847016,0.14064186431564,0.125233561704778,0.116956869905647,0.135606989636243,0.172052286873735,110453,49561,72711,64745,60466,70108,0.172052286873735,38.7875487126167,751.704818834558,94.3612592135859,41700.2822796082,0.00226284461531642,1651356,4676976,795089,43211160,2763054,209079,0,0,7038133,1796989,27898741,46829417
"79","FL-512","St. Johns County CoC","Largely Suburban CoC","Sheltered and Unsheltered Count","12","Florida","FL",442,34,38,83,100,80,58,49,181,261,0,0,0,0,0,0,393,49,2,6,82,0,317,0,6,16,133,80,362,28,2,175,109,66,0,267,232,154,78,0,60,1,17,255410,572113481,1555652807,0,0,0.754002069,0.852069123,0.1813124,292243,0.000947841351204306,0.0339956816758656,0.0523023648128441,0.082729098729482,0.000680940176496956,0.0176770701094637,0.811667003144643,0.489544659752329,0.510455340247671,0.0867565690196172,0.913243430980383,277,9935,15285,24177,199,5166,237204,143066,149177,25354,266889,0.077411645,0.000164181878405469,83803,7178,0.552655036,0.000690388,0.18152872,0.006682094,0.007543142,0.436521671,0.014432034,0,0.000442426,0.000912259,0,0.000442426,0.001354685,0.000841784,0.002302181,0.00128421,0.01112285,1.56611e-05,0,0,0,0,0.016491132,0,0.3434115155,0.216754550151757,0.0674952009115702,0.09119465650161,0.136468623713827,0.138425898995014,0.141077801692427,0.208583268033794,63345,19725,26651,39882,40454,41229,0.208583268033794,44,260.551892381039,20.1697505970792,11655.1040723982,0.0017305508789789,355118,2144662,0,0,0,0,0,0,0,0,2651776,5151556
"80","FL-513","Palm Bay, Melbourne/Brevard County CoC","Largely Suburban CoC","Sheltered and Unsheltered Count","12","Florida","FL",1116,104,49,155,236,245,241,86,386,719,1,2,5,1,2,0,1052,64,12,3,307,1,720,4,36,161,356,157,959,42,8,337,81,246,10,779,381,81,283,17,514,328,385,594001,1403935673,2628767901,0,0,0.709114732,0.961195954,0.262098885,620533,0.00238988095717714,0.024200163407909,0.0980495799578749,0.091745322166589,0.000649441689644225,0.0292538833551157,0.75371172846569,0.492553981818856,0.507446018181144,0.117017144938303,0.882982855061697,1483,15017,60843,56931,403,18153,467703,305646,314887,72613,547920,0.111760052,0.00022596175180549,59359,8984,0.513557716,0.000572022,0.15907115,0.004824549,0.00911462,0.472470585,0.003950727,0.000326599,0.004449487,0.002498312,0.001372052,0.005821539,0.00864645,0.001321547,0.003698647,0.002321545,0.001331678,0.000102693,0,0,1.6835e-06,1.28211090074638e-08,0.015414115,0,0.396604369683,0.181706694083957,0.0700832993571655,0.114080959433261,0.111992432312222,0.118393381173926,0.1617544917031,0.241988741936368,112755,43489,70791,69495,73467,100374,0.241988741936368,46.8,527.692363351246,58.9749259681381,31389.9327956989,0.00187878471585065,1637062,6347883,1236773,59769661,2597769,0,0,0,6496081,4946528,11769069,35031165
"81","FL-514","Ocala/Marion County CoC","Largely Suburban CoC","Sheltered and Unsheltered Count","12","Florida","FL",378,66,19,61,76,71,59,26,147,231,0,0,0,0,0,0,329,49,2,2,148,1,194,0,0,14,72,96,282,18,4,179,104,75,0,199,265,161,104,0,186,203,146,360210,192281277,4113994500,1,0,0.878215369,0.706547879,0.303356375,387697,0.00261028586757184,0.0157674678937418,0.125822485085002,0.106100898381984,0.000198608707315249,0.032084333899927,0.717415920164458,0.482742966801394,0.517257033198606,0.159237755257327,0.840762244742673,1012,6113,48781,41135,77,12439,278140,187158,200539,61736,325961,0.155329993,8.75572390774951e-05,46587,6443,0.493223845,0.000850113,0.146630706,0.020997391,0.019803892,0.474517642,0.004165257,0.000377558,0.003081536,0.002021043,0.000516365,0.003597901,0.005996502,0.001052164,0.002368063,0.001335332,0.006378811,0.000188779,0,0,0,0,0.022334194,0,0.23090973882,0.188115977167737,0.0651771873395977,0.109028442314488,0.104138025313583,0.1081359927985,0.137922140228065,0.287482234838031,72932,25269,42270,40374,41924,53472,0.287482234838031,48.2,308.970513980507,47.9923877737986,45733.6984126984,0.00104938785708337,950308,5240016,1524871,18585943,2089433,0,354265,0,1942981,1128500,4056964,17287338
"82","FL-515","Panama City/Bay, Jackson Counties CoC","Largely Rural CoC","Sheltered and Unsheltered Count","12","Florida","FL",499,45,16,85,125,120,71,37,159,333,3,2,1,1,0,0,475,24,5,7,127,0,321,1,25,51,59,66,433,19,0,126,67,59,0,373,202,115,87,0,5,70,38,301506,2678020887,10000356489,0.666666666666667,0,5.865801647,0.975407182,0.248820918701164,302270,0.0051675654216429,0.0142653918681973,0.127806265921196,0.072746220266649,0.000883316240447282,0.0216395937406954,0.757491646541172,0.515257882026003,0.484742117973997,0.0683627220696728,0.931637277930327,1562,4312,38632,21989,267,6541,228967,155747,146523,20664,281606,0.153649218106946,3.0149525202591e-05,50122.8804468236,4747.64232220918,0.520736247260021,0.000526973919025374,0.26715626762143,0.032488621309493,0.0259067263085444,0.532457065636919,0.00439162184355535,0,0.00427188835305102,0.0036417187964684,0.00225534472216473,0.00652723307521575,0.0101689518716841,0.00139300703468919,0.00343608405111009,0.00303476571230423,0.039607565,9.2867027509237e-05,0,0,3.31668306421763e-06,2.9872815376589e-09,0.0180294918300863,0,1.29062742176,0.202554008006087,0.0725609554371919,0.133536242432263,0.128656499156383,0.128097396367486,0.144294835742879,0.19030006285771,61226,21933,40364,38889,38720,43616,0.19030006285771,42.0312398426565,1376.09099073245,211.435304770054,127753.533066132,0.00165502510729471,119865,817676,0,35144234,0,172804,0,0,8577920,6296721,47764027,63749013
"83","FL-517","Hendry, Hardee, Highlands Counties CoC","Largely Rural CoC","Sheltered and Unsheltered Count","12","Florida","FL",641,141,64,69,83,90,103,91,316,325,0,0,0,0,0,0,394,247,2,0,176,0,326,0,17,30,104,283,358,0,0,0,0,0,0,641,5,0,5,0,18,60,18,265832,1110180949,13012053768,1,0.166666666666667,5.862684062,3.14682419,0.43775391999324,257406,0.0106368926909241,0.0105048056377862,0.0987156476539008,0.131224602379121,0.000244749539637771,0.0717698888137806,0.67690341328485,0.523476531238588,0.476523468761412,0.310019968454504,0.689980031545496,2738,2704,25410,33778,63,18474,174239,134746,122660,79801,177605,0.203302161255037,2.04296727280477e-05,41431.558965813,2966.8367465166,0.510365129470022,0.00289367078504205,0.21601780285083,0.0146830973316079,0.0234653218709185,0.45809759534292,0.00175538103940459,0.000109091460110145,0.000504077915751302,0.00175674879302717,0.000489030642823287,0.000993108558574588,0.00285894881171191,0.00107962911695733,0.00281756895269569,0.00189593424493289,0.025527508,0.000161756385627765,0,0,0,0,0.0127900327824303,0,0.80495234087,0.197221509988112,0.075180842715399,0.115475163749097,0.116749415320544,0.11180392065453,0.124849459608556,0.258719687963762,50766,19352,29724,30052,28779,32137,0.258719687963762,45.302159258479,147.940871024818,30.0766988172981,12473.2433697348,0.00241129736073911,572070,0,0,797183,0,525254,0,0,738954,0,6159071,7995349
"84","FL-518","Columbia, Hamilton, Lafayette, Suwannee Counties CoC","Largely Rural CoC","Sheltered and Unsheltered Count","12","Florida","FL",527,127,26,213,41,49,48,23,206,319,0,0,2,0,0,0,510,17,4,4,170,0,319,0,21,24,21,186,341,18,1,72,59,13,0,455,111,84,27,0,0,93,64,138161,43861403,6587902028,0.75,0.25,3.956497567,0.516861484,0.293816634129458,136719,0.00337187954856311,0.00764341459489903,0.159707136535522,0.0676204477797526,0.000212113897848873,0.0312904570688785,0.730154550574536,0.526832408077882,0.473167591922118,0.0931253154279946,0.906874684572005,461,1045,21835,9245,29,4278,99826,72028,64691,12732,123987,0.155060284626088,2.09719269371017e-05,45036.7589117045,2373.81446283684,0.425305610575821,0.000580288244690743,0.186015534596952,0.0383145386011754,0.0491695081627015,0.41840316734163,0.00131348428029618,0,0.00171538999127829,0.00206281055664044,0.00209176286524417,0.00380715285652246,0.0058699634131629,0.000376372574648417,0.00201938326352589,0.00187462483936856,0,0.0001737102319989,0,0,0,0,0.0169657139051397,0,0.83904457612,0.214776292980493,0.0803619101953642,0.119420124488915,0.129660105764378,0.112347223136506,0.140412086103614,0.203022257330729,29364,10987,16327,17727,15360,19197,0.203022257330729,41.3348817683717,238.959209230928,37.0530829973726,9714.02466793169,0.00381439045750972,628226,0,0,0,0,0,0,0,1000009,1120713,2370343,5119291
"85","FL-519","Pasco County CoC","Largely Suburban CoC","Sheltered and Unsheltered Count","12","Florida","FL",731,90,27,104,167,141,146,56,264,466,0,0,1,0,0,0,650,81,5,1,96,0,581,3,23,66,112,138,593,10,11,304,120,184,0,427,423,216,207,0,511,426,250,539885,694082240,1933694374,0,0,0.602204207,0.927551785,0.266966113,588758,0.00338509200724236,0.0309549933928711,0.0614989520312251,0.114233691941341,0.000535024577160735,0.0385438499349478,0.750848396115212,0.489253649207314,0.510746350792686,0.177069356170107,0.822930643829893,1993,18225,36208,67256,315,22693,442068,288052,300706,104251,484507,0.122539727,0.000279198723055291,53431,9255,0.519948275,0.000954731,0.151973088,0.009626595,0.008962692,0.457549293,0.00586126,0.000351927,0.002239366,0.000444539,0.000301916,0.002541282,0.003337748,0.001081712,0.002535725,0.001446604,9.68084e-05,0.000101874,0,0,0,0,0.009042666,0,0.3156275687,0.203044374768581,0.071863142411653,0.113161944296298,0.127583829009542,0.12928571671213,0.13483298740739,0.220228005394407,119544,42310,66625,75116,76118,79384,0.220228005394407,43.7,303.181503085288,37.1517786195208,27438.6976744186,0.00135399205386332,2796964,5936668,2413965,27103379,2767162,968444,511113,0,2269181,1129078,1265113,20057688
"86","FL-520","Citrus, Hernando, Lake, Sumter Counties CoC","Largely Suburban CoC","Sheltered and Unsheltered Count","12","Florida","FL",786,140,53,108,143,150,149,43,315,468,2,1,0,0,0,0,740,46,4,2,130,1,591,1,40,49,99,221,565,46,5,341,115,226,0,445,363,108,255,0,117,161,202,824691,2198659357,6640292645,0.25,0,3.257531556,3.154586859,0.233967631488661,896437,0.00243296517212029,0.0164149851021321,0.0706831601105264,0.0966805252349022,0.000951544838064471,0.0322498959770737,0.780586923565181,0.488576442070106,0.511423557929894,0.136753614587528,0.863246385412472,2181,14715,63363,86668,853,28910,699747,437978,458459,122591,773846,0.121780517628992,0.000124194978156719,53307.9020457359,6073.2537204844,0.566697562281802,0.000367950552135463,0.157216089730164,0.00577252269750367,0.0140858295040736,0.486091154417988,0.00799031299446581,0,0.0011846863337541,0.000485030331467907,7.27545659828954e-05,0.00125744089973699,0.0017424712312049,0.000850015197916553,0.00286046534627515,0.00140901253886486,0.01222866,4.85030121790101e-05,0,0,0,0,0.0109422805338545,0,1.227650395735,0.163664596619729,0.0575556341382607,0.096873511468179,0.100003681240288,0.107009193060974,0.143800400920533,0.331092982552037,146715,51595,86841,89647,95927,128908,0.331092982552037,52.2725140689058,119.680641147949,14.5747704291668,15292.2162849873,0.000953084246099448,815112,2977906,0,22145377,1315673,423544,0,0,489210,1054981,4943256,12019682
"87","FL-600","Miami-Dade County CoC","Major City CoC","Sheltered and Unsheltered Count","12","Florida","FL",3800,801,196,526,568,585,649,475,1452,2321,14,2,3,6,2,0,2266,1534,13,6,2105,1,1422,2,49,134,1110,1254,2546,129,67,2767,2410,343,14,1033,2940,2488,432,20,367,4975,738,2705528,1267531174,4920781681,1,0,0.791166586,0.99136454,0.864756159,2685296,0.00237180556631373,0.0156172727326894,0.154455970589462,0.382512021021146,0.000236472999624622,0.0757666938765782,0.369039763214186,0.490053982875631,0.509946017124369,0.687738334991748,0.312261665008252,6369,41937,414760,1027158,635,203456,990981,1315940,1369356,1846781,838515,0.160098084,0.000549816711122649,53975,52533,0.635773132,0.005584128,0.126037721,0.008008253,0.012143639,0.381555837,0.003174768,0.000766579,0.009798457,0.003391205,0.002964671,0.012763128,0.016920912,0.001166131,0.003762667,0.003363854,0.001021151,0.00015265,1.58934e-05,0,3.69614e-07,2.76127827779958e-08,0.058189381,1.49939415656835e-08,0.2697081341584,0.201353966192181,0.0816922976089042,0.135821525820617,0.137465664865251,0.143026318141464,0.132273686029399,0.168366541342184,540695,219368,364721,369136,384068,355194,0.168366541342184,40.8,1323.57601257976,211.90198364238,150870.197368421,0.00140453175868075,72548323,48131312,20327534,8.38e+08,24042266,2144956,3555835,26782691,1.28e+08,50773833,1.97e+08,573306750
"88","FL-601","Ft Lauderdale/Broward County CoC","Largely Suburban CoC","Sheltered-Only Count","12","Florida","FL",2469,281,91,416,398,446,588,249,859,1595,3,9,3,0,0,0,2266,203,3,7,650,0,153,2,15,107,713,415,2054,80,7,845,664,181,0,1624,1139,960,179,0,0,1301,266,1942273,273292462,3115520740,0,0,0.67904784,0.999921826,0.644863003,1946127,0.00192639020988867,0.0371255318897482,0.282509312084977,0.198583134605296,0.000672617974058219,0.052828001461364,0.426355011774668,0.490264509972885,0.509735490027115,0.3191071291853,0.6808928708147,3749,72251,549799,386468,1309,102810,829741,954117,992010,621023,1325104,0.127133812,0.000623418414476676,60922,39722,0.618870098,0.002411546,0.14695383,0.004862158,0.010086134,0.4254716,0.001999939,0.000320758,0.005251064,0.001692862,7.98034e-05,0.0053308674,0.0073444874,0.001235151,0.003038708,0.002319962,0.005171947,2.11093e-05,0,0,5.14861e-07,6.58634909760885e-08,0.041381927,1.28514589052294e-08,0.36992531558,0.208995610255651,0.0752006420958139,0.129855348597496,0.136346702964401,0.135574913661852,0.137987911374746,0.176038871050039,406732,146350,252715,265348,263846,268542,0.176038871050039,41.3,587.714879426607,74.7184329906249,58778.2887808829,0.00127119102206538,25204662,28296418,8745042,3.55e+08,12782988,275338,490944,11582329,964959,690669,56090246,145123595
"89","FL-602","Charlotte County CoC","Largely Suburban CoC","Sheltered and Unsheltered Count","12","Florida","FL",343,42,21,47,60,56,68,49,115,224,0,4,0,0,0,0,324,19,3,0,52,0,265,0,23,54,0,76,267,18,3,134,111,23,0,209,138,115,23,0,0,68,127,185926,689242502,1764086777,0,0,0.797442704,0.935000294,0.164624636,195083,0.00132251400685862,0.0130508552769847,0.0528595520880856,0.0664845219726988,0.000374199699615036,0.0192123352624268,0.846696021693331,0.491954706458277,0.508045293541723,0.0783153837084728,0.921684616291527,258,2546,10312,12970,73,3748,165176,95972,99111,15278,179805,0.105988557,0.000105395042026325,52724,5683,0.588104913,0.000300793,0.246256743,0.002928479,0.012233485,0.569350172,0.006368993,0.000295817,0.001635059,0.001328486,0.000968127,0.002603186,0.004227489,0.001538246,0.00375956,0.002974302,7.69782e-05,0,0,0,5.37848e-06,0,0.009460753,0,0.2305203511,0.118257357124916,0.0493584781862079,0.0772696749588637,0.0788997503626662,0.0983632607659304,0.173546644248858,0.404304834352558,23070,9629,15074,15392,19189,33856,0.404304834352558,60,396.518051331797,42.0263760851091,22780.7463556851,0.00184481998214343,1249228,0,928667,5884322,0,200833,0,0,1055844,629596,3749628,7813796
"90","FL-603","Ft Myers, Cape Coral/Lee County CoC","Largely Suburban CoC","Sheltered and Unsheltered Count","12","Florida","FL",941,116,43,127,203,186,189,77,387,553,0,0,1,0,0,0,818,123,9,5,360,1,420,1,33,60,276,172,769,46,1,197,197,0,0,744,336,336,0,0,71,340,480,756570,1900537643,2022848995,0,0,0.480849851,0.960720116,0.337099013,792692,0.00593925509529552,0.016898114273892,0.0796337038849894,0.14975047054846,0.000483163700403183,0.0427568336756269,0.704538458821333,0.491808924525541,0.508191075474459,0.235974375924066,0.764025624075934,4708,13395,63125,118706,383,33893,558482,389853,402839,187055,605637,0.118142613,0.000374012099701985,59608,11355,0.533361095,0.000695704,0.279963714,0.004854804,0.008483447,0.530356742,0.007626607,0.000437501,0.002894643,0.000941089,0.001342903,0.004237546,0.005616136,0.000888219,0.00271885,0.002076477,0.00361666,1.45393e-05,0,0,1.32175e-06,0,0.015570271,0,0.35478290952,0.172148829558012,0.0709733414743684,0.106851084658354,0.105777527715683,0.112559480857634,0.142195203181059,0.289494532554889,136461,56260,84700,83849,89225,112717,0.289494532554889,49.3,513.945095329713,60.7188165007864,48818.3156216791,0.00124377123068586,3570513,9585165,2735127,55713194,2226848,1737205,555501,0,10538598,7331035,7658043,45938035
"91","FL-604","Monroe County CoC","Largely Rural CoC","Sheltered and Unsheltered Count","12","Florida","FL",450,17,9,54,73,97,130,70,102,341,2,0,3,0,2,0,367,83,5,0,51,0,356,1,11,40,42,25,425,10,0,267,157,110,0,183,361,229,132,0,16,167,13,75137,11153864839,2546044689,0,0,0.963610102,0.868873229,0.346407229,81840,0.000843108504398827,0.0117179863147605,0.074169110459433,0.147886119257087,0.00041544477028348,0.0392839687194526,0.725684261974585,0.517766373411535,0.482233626588465,0.239626099706745,0.760373900293255,69,959,6070,12103,34,3215,59390,42374,39466,19611,62229,0.105577959,2.95112651889513e-05,72012,3816,0.597578461,0.003628713,0.389981212,0.007645231,0.008928738,0.715479724,0.003989826,0,0.005935824,0.003340565,0.008491156,0.01442698,0.017767545,0.003274019,0.010740381,0.004378668,0.000505236,2.6618e-05,0,0,1.3309e-05,1.79309745533846e-10,0.018619322,0,0.13347937776,0.15602394916911,0.0558651026392962,0.112524437927664,0.124706744868035,0.138550830889541,0.169318181818182,0.243010752688172,12769,4572,9209,10206,11339,13857,0.243010752688172,48.9,1586.7992862528,167.531029985227,27972.8422222222,0.00598905998376299,756006,0,0,13975051,0,473344,0,1519564,752322,3396052,5690491,12587779
"92","FL-605","West Palm Beach/Palm Beach County CoC","Largely Suburban CoC","Sheltered and Unsheltered Count","12","Florida","FL",2126,189,151,337,407,387,469,186,694,1416,4,1,9,1,1,0,1906,220,12,12,1232,3,661,5,64,119,532,301,1825,140,7,546,411,135,0,1580,667,511,156,0,119,1053,582,1482057,1084969380,5087491660,0,0,0.760726069,0.99151181,0.460774451,1507453,0.00246442177633399,0.0283617466017183,0.184828979742652,0.145235705524484,0.000446448413317032,0.0648643771978297,0.573798320743665,0.487672252468236,0.512327747531764,0.237911231726628,0.762088768273372,3715,42754,278621,218936,673,97780,864974,735143,772310,358640,1148813,0.116236686,0.000291313892787787,65015,23576,0.59807911,0.001432113,0.180381843,0.004834257,0.009732275,0.465619743,0.003252913,0.000331296,0.004694826,0.000903474,0.000796191,0.005491017,0.006725787,0.001110619,0.004803459,0.001545824,0.00245084,6.00517e-05,0,0,6.74738e-07,5.53011368902411e-09,0.021780539,9.85220672269367e-09,0.248880349953,0.188935907122809,0.0736613347149132,0.115342899579622,0.117915450763639,0.122884759922863,0.13528381979405,0.245975828102103,284812,111041,173874,177752,185243,203934,0.245975828102103,45.4,709.412879797334,82.4598021533585,57483.5968955786,0.0014344927354346,17148153,19545562,7268905,2.26e+08,6418482,228356,1148348,6796223,9510498,13346309,40799291,122210127
"93","FL-606","Naples/Collier County CoC","Largely Suburban CoC","Sheltered and Unsheltered Count","12","Florida","FL",660,128,63,126,99,152,38,54,230,402,9,1,15,1,1,1,482,178,17,12,149,7,315,7,24,96,5,195,465,107,1,254,131,123,0,406,263,192,71,0,33,59,163,379345,1575210651,5171811319,0,0,0.90302796,0.883771743,0.373976196,387681,0.0115945842071187,0.0149143238900023,0.0658763261547509,0.175125941173284,0.000291476755373619,0.0374741088678579,0.694723238951612,0.493526894534424,0.506473105465576,0.274571103561949,0.725428896438051,4495,5782,25539,67893,113,14528,269331,191331,196350,106446,281235,0.109610532,7.33485768528285e-05,70217,10622,0.567540209,0.001412382,0.322288274,0.004589005,0.013409786,0.575592139,0.008904147,0.000100173,0.001001727,0.001086083,0,0.001001727,0.002187983,0.001481501,0.003854012,0.001903281,0,1.05445e-05,0,0,0,0,0.015611119,0,0.148143706125,0.164147843200982,0.0626675024053281,0.0903552147255089,0.0972320026000758,0.108875596173142,0.141157291690849,0.335564549204114,63637,24295,35029,37695,42209,54724,0.335564549204114,53.1,370.90255233684,40.6548260817989,23366.9772727273,0.00173984104179573,1319235,5207995,520000,11026353,1687267,288671,433016,0,0,0,5966021,15422205
"94","GA-501","Georgia Balance of State CoC","Largely Suburban CoC","Sheltered and Unsheltered Count","13","Georgia","GA",6633,1119,324,1152,1490,1221,993,334,2770,3801,21,8,27,3,0,3,6232,401,26,40,3109,7,3040,31,82,206,516,1817,4816,243,55,2226,1414,812,0,4407,3384,2072,1312,0,31,3307,1311,7138892,3840618900,143717220802,0.611842105263158,0.289473684210526,141.302114196,43.908423518,0.425019316775412,7384993,0.00378713967636801,0.0379691625977167,0.266579805830554,0.0710379820265232,0.000662966098952294,0.0413037629148734,0.578659180855012,0.490511365413617,0.509488634586383,0.110051289148141,0.889948710851859,27968,280402,1968690,524615,4896,305028,4273394,3622423,3762570,812728,6572265,0.145044961019772,4.96731843279609e-05,61036.2751652497,9302.48115800043,0.477073635770449,0.0014763697695939,0.121509735639885,0.0237924763349954,0.0292416322609492,0.403320151164073,NA,0.000164731486269718,0.00247097170707961,0.00314908812236297,0.00258849699939164,0.00505946870647126,0.00837328831510394,0.000968357548012913,0.0024023335917571,0.00160781254211144,0.352920011,7.28404277478494e-05,1.40077956411163e-07,0,5.60311694021986e-07,1.04149824352528e-09,NA,9.09425085669213e-12,43.804458891504,0.241316545594559,0.0926847188616157,0.126873376860344,0.130518471716899,0.130448871109289,0.126325102813232,0.151832913044061,1782121,684476,936959,963878,963364,932910,0.151832913044061,38.2448477999107,525.118983093606,76.1658624335541,81974.9534147445,0.000929135781855223,1632786,31324865,9245800,124205614,12395733,2949206,1666290,0,150475620,115555903,218493663,543739866
"95","GA-502","Fulton County CoC","Other Largely Urban CoC","Sheltered and Unsheltered Count","13","Georgia","GA",3206,305,255,476,546,566,779,279,888,2274,24,4,14,0,2,0,3080,126,42,16,2679,6,348,5,63,300,861,450,2756,253,16,2012,1300,712,0,1194,2618,1703,915,0,534,2034,1021,1051550,19520065,1364327945,0,0,0.177324972,0.993676819,0.607023917,1068507,0.00250817261842927,0.0759143365462276,0.431224128620589,0.0648119291684565,0.000279829706309832,0.0317339989349625,0.393527604405025,0.486436682211722,0.513563317788278,0.0805890836466209,0.919410916353379,2680,81115,460766,69252,299,33908,420487,519761,548746,86110,982397,0.133679303,0.000770745775496081,72741,64011,0.484120576,0.001478781,0.109062823,0.013616957,0.020829859,0.456179925,0.006581398,0.000633351,0.017481813,0.007325377,0.002752128,0.020233941,0.028192669,0.001764063,0.004189054,0.006348723,0,0.000209215,8.55879e-06,1.04607e-05,0,0,0.072702202,4.21394462311626e-08,0.6536350676,0.211137596665253,0.0973142899391394,0.171817311444848,0.145230681689498,0.136063685123261,0.114722692504588,0.123713742633413,225602,103981,183588,155180,145385,122582,0.123713742633413,36.2,2407.91492995914,321.888389520232,105577.584529008,0.00304883267557415,22248213,19745173,8007251,6.31e+08,6533051,310263,1211139,50400707,27798419,19227520,1.83e+08,338481736
"96","GA-503","Athens-Clarke County CoC","Other Largely Urban CoC","Sheltered and Unsheltered Count","13","Georgia","GA",386,40,29,56,67,77,90,27,156,228,0,0,1,0,0,1,362,24,1,1,204,0,153,1,26,15,103,66,320,24,0,205,122,83,0,181,271,179,92,0,0,255,43,126952,4776726,308985572,0,1,0.450382836,0.940755881,0.450894826,129267,0.00379060394377529,0.0421917426721437,0.262789420347034,0.08048457843069,0,0.0338910936279174,0.57685256097844,0.474111722249298,0.525888277750702,0.114112650560468,0.885887349439532,490,5454,33970,10404,0,4381,74568,61287,67980,14751,114516,0.2652527,0.000410867080874572,40363,15515,0.560412981,0.000477289,0.059268128,0.005425428,0.010345731,0.421041023,0.003861835,0.000354465,0.001945617,0.005537526,0.009838364,0.011783981,0.017675972,0.001024009,0.003489508,0.001614784,0,3.1508e-05,0,0,0,0,0.037707165,0,0.5269396664,0.169695281858479,0.255850294352,0.157310063666674,0.114940394686966,0.0919105417469269,0.0896439153070776,0.120649508381876,21936,33073,20335,14858,11881,11588,0.120649508381876,29.4,811.379826518247,215.220689709496,70784.189119171,0.0030405192513706,1238095,2523856,638122,0,1711543,0,0,0,10643483,7089678,3477920,27322697
"97","GA-504","Augusta-Richmond County CoC","Other Largely Urban CoC","Sheltered and Unsheltered Count","13","Georgia","GA",474,37,21,80,114,88,100,34,130,340,1,1,2,0,0,0,465,9,6,0,319,0,135,0,6,28,57,57,417,16,4,155,148,7,0,319,219,212,7,0,0,13,87,202178,10995252,840036611,1,0,0.661172254,0.916667877,0.661649635,206040,0.00121821005629975,0.0178945835760047,0.560599883517764,0.0597165598912832,0.00180547466511357,0.0250970685303824,0.333668219763153,0.483925451368666,0.516074548631334,0.0564307901378373,0.943569209862163,251,3687,115506,12304,372,5171,68749,99708,106332,11627,194413,0.231953672,0.000240677605419271,43882,12846,0.56527977,0.001530486,0.185604402,0.024614003,0.041513671,0.440478192,0.002587927,0.000539129,0.016712995,0.006306324,0.009239383,0.025952378,0.032797831,0.001835017,0.003620572,0.002107054,0.013923395,9.39766e-05,0,0,4.94614e-06,0,0.026560753,0,0.48448116318,0.230319355464958,0.108949718501262,0.16001261890895,0.122835371772471,0.105848378955543,0.123209085614444,0.148825470782372,47455,22448,32969,25309,21809,25386,0.148825470782372,35,1132.41254771802,262.66724866207,112037.002109705,0.00234446873547072,1051582,3505047,1343919,59378328,2242265,1236491,303755,1916052,18487247,11436890,11582291,53105539
"98","GA-505","Columbus-Muscogee CoC","Other Largely Urban CoC","Sheltered and Unsheltered Count","13","Georgia","GA",272,50,19,36,53,48,58,8,127,145,0,0,0,0,0,0,266,6,1,3,139,0,115,0,8,14,34,77,195,15,3,220,196,24,0,52,353,319,34,0,0,108,333,195418,11683933,560731675,1,0,0.585051273,0.96243512,0.602027449,204383,0.00181032669057603,0.0260442404700978,0.467215962188636,0.0750551660363142,0.00166843622023358,0.0355068670094871,0.392699001384655,0.482001927753287,0.517998072246713,0.0826096103883395,0.91739038961166,370,5323,95491,15340,341,7257,80261,98513,105870,16884,187499,0.200432167,0.000348505370237913,47418,12276,0.487939061,0.000651749,0.133675246,0.007916529,0.044452548,0.435026456,0.002885395,0.000624303,0.015622921,0.002973114,0.002200411,0.017823332,0.021420749,0.001069502,0.002993583,0.00164775,0.006003546,7.67585e-05,0,0,5.11724e-06,0,0.017342312,0,0.48408165288,0.250152899213731,0.0906337611249468,0.15737120993429,0.132271275008195,0.111467196391089,0.114402861294726,0.143700797033021,51127,18524,32164,27034,22782,23382,0.143700797033021,35.1,684.671506537921,137.23019373855,98592.8308823529,0.00139188815769274,3220774,3293852,995202,63845485,2143343,0,0,0,6042288,4602136,6519655,26817250
"99","GA-506","Marietta/Cobb County CoC","Largely Suburban CoC","Sheltered and Unsheltered Count","13","Georgia","GA",418,76,12,77,90,83,57,23,163,251,1,0,3,0,0,0,387,31,6,2,230,0,137,0,24,26,26,114,304,9,1,268,176,92,0,150,374,240,134,0,6,369,92,756653,12407750,880018859,0,0,0.000293866,0.999947791,0.489715894,769152,0.00493140497586953,0.0542259527375603,0.269915439340988,0.0930362269096355,0.000492750457646863,0.0721833915792977,0.505214833999001,0.487248294225329,0.512751705774671,0.146761628390747,0.853238371609253,3793,41708,207606,71559,379,55520,388587,374768,394384,112882,656270,0.086042455,0.000859814528133879,80830,33148,0.460433899,0.000748168,0.063390594,0.008574158,0.012662914,0.399835856,0.003505303,0.000227317,0.003477155,0.000622478,0,0.003477155,0.00432695,0.000614549,0.002002239,0.000873584,0,3.0397e-05,0,0,0,0,0.050325579,0,0.449151490759,0.228930042436345,0.0901759340156432,0.145197568230987,0.142169558162756,0.138063737726743,0.12298869404227,0.132474465385255,176082,69359,111679,109350,106192,94597,0.132474465385255,37.4,474.014537795345,40.7853745376018,73828.6507177033,0.000552432885351674,4679617,7726975,1624898,59554271,3277603,232581,555707,0,0,0,12762995,30860376
"100","GA-507","Savannah/Chatham County CoC","Other Largely Urban CoC","Sheltered and Unsheltered Count","13","Georgia","GA",579,42,22,112,133,100,129,41,183,390,2,0,0,0,0,4,559,20,6,6,292,0,255,0,9,42,52,63,516,15,1,386,227,159,0,193,674,358,316,0,42,911,0,289649,509854701,1121770892,0,0,0.557062136,0.969833148,0.521355157,298143,0.00258265329053508,0.0288318021888825,0.394129662611566,0.0622486524922604,0.00141542816702052,0.0337556139168117,0.477036187332924,0.481185203073693,0.518814796926307,0.0803138091452759,0.919686190854724,770,8596,117507,18559,422,10064,142225,143462,154681,23945,274198,0.144162744,0.000258206913787526,57739,12883,0.488853857,0.000719045,0.129648114,0.014853368,0.02245037,0.435817144,0.00426638,0.000134646,0.009870567,0.006069415,0.003165901,0.013036468,0.019240529,0.001760752,0.003846034,0.003276379,0.022183576,0.000103574,0,0,3.45245e-06,2.74588242456943e-08,0.070343761,0,0.50405877576,0.209329080340642,0.105486293490037,0.157099110158548,0.13066213192998,0.113019591269961,0.120676990571638,0.163726802239194,62410,31450,46838,38956,33696,35979,0.163726802239194,37.1,1208.44614937688,174.212912870405,87151.2884283247,0.00199897116855228,7156763,4433728,0,55961025,1803510,223030,391645,954752,7474959,8924018,19098191,50460596
"101","GA-508","DeKalb County CoC","Largely Suburban CoC","Sheltered and Unsheltered Count","13","Georgia","GA",322,55,5,38,76,51,68,29,130,189,1,0,1,1,0,0,306,16,0,0,266,0,35,0,5,15,59,84,238,3,2,145,124,21,0,177,223,185,38,0,73,1091,261,755287,8858826,693176061,0,0,0.041725502,0.998420947,0.709123817,762105,0.00752652193595371,0.0611857946083545,0.51456557823397,0.0793066572191496,0.000825345588862427,0.0357654129024216,0.300824689511288,0.474790219195518,0.525209780804482,0.104148378504274,0.895851621495726,5736,46630,392153,60440,629,27257,229260,361840,400265,79372,682733,0.143938597,0.00108960341029434,65116,41610,0.529912457,0.000880905,0.097417549,0.010285278,0.014419744,0.416305325,0.002433338,0.000467372,0.007934732,0.003165684,0.000296576,0.008231308,0.011864364,0.000981084,0.002547376,0.000888404,0,5.958e-05,6.62e-06,1.324e-06,0,0,0.035930712,3.40447675149878e-08,0.563701654867,0.230071971709935,0.0841708163573261,0.164075816324522,0.144402674172194,0.12675418741512,0.117403769821744,0.133120764199159,175339,64147,125043,110050,96600,89474,0.133120764199159,36.3,1297.41611946502,186.748255960979,438038.913043478,0.000426328005115936,31067316,9691219,2936704,3.86e+08,4705962,767,802254,12268348,614001,458866,78503093,141048530
"102","HI-500","Hawaii Balance of State CoC","Largely Rural CoC","Sheltered and Unsheltered Count","15","Hawaii","HI",7140,1573,360,1133,1309,1080,1012,673,3329,3771,6,2,1,0,0,31,6256,884,49,1640,76,5,1385,2043,1545,74,713,3369,3771,217,117,5864,5824,40,0,1276,700,645,55,0,54,574,421,440392,7722938967,15078370676,0,0.25,3.912912123,1.768934647,0.70343693794576,441969,0.00319026900076702,0.252508660109646,0.0074960008507384,0.297534442460897,0.111668465435359,0.0185782260746794,0.309023936067914,0.498039455255912,0.501960544744088,0.109736203217873,0.890263796782127,1410,111601,3313,131501,49354,8211,136579,220118,221851,48500,393469,0.110956239375136,2.92068691944923e-05,75433.2205466948,3438.16695807372,0.494797405526415,0.00860033943105817,0.220757238823834,0.0234353010306136,0.034835979713805,0.440023887785151,NA,0.00061081941365874,0.00989572903864739,0.00231157678778679,0.00262266349679831,0.0125183925354457,0.0154407887368912,NA,NA,NA,0.0009551698,6.81211593934495e-05,0,0,2.27070089402169e-05,2.46020504073472e-09,NA,0,0.57157897883,0.210471775169752,0.0658914991775441,0.113596202448588,0.131224135629422,0.121293574888737,0.139910265199595,0.217612547486362,93022,29122,50206,57997,53608,61836,0.217612547486362,43.4130025068575,809.546855975914,89.8242747370524,5540.32100840336,0.0162128285709096,2301715,10504715,3064458,132371282,0,343136,0,1520103,0,0,21823765,39557892
"103","HI-501","Honolulu City and County CoC","Largely Suburban CoC","Sheltered and Unsheltered Count","15","Hawaii","HI",4497,680,345,609,852,747,871,393,1729,2722,27,12,6,0,1,0,4138,359,28,412,225,2,746,1826,1201,209,1049,1123,3374,134,16,1731,1151,545,35,2766,2464,1528,888,48,946,2303,446,979682,4054602618,1555887020,0,0,0.691199424,0.983111791,0.820598929,1003666,0.00241614242188138,0.425645583291653,0.0243377777069264,0.2441369937808,0.0993119224921438,0.0160641089764922,0.188087471330104,0.505501830290156,0.494498169709844,0.0933826591714774,0.906617340828523,2425,427206,24427,245032,99676,16123,188777,507355,496311,93725,909941,0.084241296,0.000629661400478809,87722,38815,0.565373314,0.00970883,0.101647448,0.008228738,0.020680976,0.360104605,0.002156648,0.000319491,0.007533057,0.002210922,0.003637915,0.011170972,0.013701385,0.001000325,0.003647102,0.001292256,0.000697822,0.000187816,0,0,1.02074e-06,6.65910780014201e-09,0.039477096,0,0.48889560687,0.207688613542752,0.0873697026700117,0.143767946707371,0.132669633124964,0.117744349215775,0.119995097970839,0.190764656768287,208450,87690,144295,133156,118176,120435,0.190764656768287,39.4,2414.29524197645,203.38336011073,44307.5421392039,0.00459026500435856,26938217,15761808,3640787,2.63e+08,6558132,1921136,1394681,4223041,60510409,29928216,48374590,199251017
"104","IA-500","Sioux City/Dakota, Woodbury Counties CoC","Other Largely Urban CoC","Sheltered and Unsheltered Count","19","Iowa","IA",295,47,7,72,86,52,24,7,89,205,1,0,0,0,0,0,261,34,72,3,65,0,127,3,13,9,96,68,227,5,1,275,253,22,0,20,190,134,56,0,0,71,64,102687,12793700,2260790944,0,0,0.952740537,0.838721553,0.281837039,105760,0.0170385779122542,0.0250945537065053,0.0455086989409985,0.130313918305598,0.00399016641452345,0.0369894099848714,0.74106467473525,0.501512859304085,0.498487140695915,0.184256807866868,0.815743192133132,1802,2654,4813,13782,422,3912,78375,53040,52720,19487,86273,0.123967852,4.54208294988641e-05,60768,10270,0.397707305,0.002859095,0.069061359,0.010010599,0.020256742,0.413440845,0.002178641,0.001548395,0.009864929,0.008004908,0,0.009864929,0.019418232,0.000769328,0.002122956,0.002415106,0.002719077,0.000486917,0,0,9.73833e-06,7.81634626972651e-08,0.040404336,0,0.17789906628,0.259266263237519,0.102363842662632,0.122153933434191,0.123241301059002,0.11945915279879,0.11803139183056,0.155484114977307,27420,10826,12919,13034,12634,12483,0.155484114977307,36.2,1349.07499533142,167.241929358147,58215.4983050847,0.00287280765822353,611435,3222592,167790,12226646,1054826,0,0,0,0,0,12116929,17173572
"105","IA-501","Iowa Balance of State CoC","Largely Rural CoC","Sheltered and Unsheltered Count","19","Iowa","IA",1621,347,130,287,323,277,190,67,703,903,5,6,4,0,0,0,1509,112,37,10,441,1,1007,8,75,72,301,548,1073,99,25,1324,963,355,6,297,1609,1076,520,13,385,635,1168,2468428,1002433007,138452522790,0.114583333333333,0,94.742530021,29.918351667,0.129349529305307,2499329,0.00295719371079198,0.0200233742736551,0.0317289160410654,0.0513901931278355,0.00150200313764214,0.0174686885960192,0.874929631112991,0.502029144622417,0.497970855377583,0.0584320831711231,0.941567916828877,7391,50045,79301,128441,3754,43660,2186737,1254736,1244593,146041,2353288,0.112843295396663,1.78286964387354e-05,61344.7094336963,7185.61211507891,0.414445532842467,0.000706415156895084,0.102391854599491,0.0201757749928286,0.0260354818358012,0.454225118236688,0.00285584077570624,0.000247525989755828,0.00583164667432836,0.00357717545749197,0.00130893019313344,0.0071405768674618,0.0109652783147096,0.00117605209212746,0.00324417000077175,0.00313519372398547,0.079471153,0.0003184212564994,0,0,2.43069571056154e-06,3.89053263194275e-08,0.0365556539860693,5.20033797803794e-13,17.06790302169,0.226112688645632,0.102679159086299,0.118594230691518,0.123061429687728,0.111668771898378,0.130847919581616,0.18703580040883,565130,256629,296406,307571,279097,327032,0.18703580040883,39.330450634979,447.047906576436,50.4463589782647,76818.7569401604,0.000656693247686382,3913242,13064261,1266827,173724307,4762537,731846,0,0,15308523,15322535,70153434,124523205
"106","IA-502","Des Moines/Polk County CoC","Other Largely Urban CoC","Sheltered and Unsheltered Count","19","Iowa","IA",715,70,42,145,156,147,130,25,248,462,1,3,1,0,0,0,668,47,11,17,162,1,470,4,31,54,175,112,603,33,8,568,400,154,14,147,593,387,192,14,468,521,431,485418,50475974,1482507931,0,0,0.65655691,0.955266135,0.23022014,497441,0.00311996799620457,0.0496440783932165,0.0752069089600576,0.0629582201708343,0.000182936267818696,0.0308197354058069,0.778068152806061,0.496917222343956,0.503082777656044,0.100144539754463,0.899855460245537,1552,24695,37411,31318,91,15331,387043,247187,250254,49816,447625,0.103560081,0.000327430288802954,69747,24649,0.428295342,0.001470242,0.063617657,0.005237372,0.014369703,0.420482965,0.008114388,0.000444977,0.005584877,0.003285828,0.000873474,0.006458351,0.010189156,0.000634505,0.001314331,0.001703686,0,6.59226e-05,0,0,2.06008e-06,0,0.056071262,0,0.49137407886,0.246027167040915,0.0873812170689589,0.15147122975388,0.141932410074763,0.120619329729556,0.115816750127151,0.136751896204776,122384,43467,75348,70603,60001,57612,0.136751896204776,36.2,1239.59856766007,128.372928074361,87153.1888111888,0.00147295732749919,11951673,8197956,1289323,50353450,2227674,343707,663068,1852511,3182560,6856022,25750036,62314530
"107","ID-500","Boise/Ada County CoC","Other Largely Urban CoC","Sheltered and Unsheltered Count","16","Idaho","ID",789,82,52,118,162,137,158,80,203,579,1,3,2,0,0,1,680,109,31,2,67,0,594,16,32,119,208,131,658,39,6,672,568,104,0,117,819,667,152,0,0,338,117,469473,22159040,2724705387,0,0,0.857954887,0.944341744,0.15814115,508052,0.00632021919016164,0.0253340209269917,0.0128136489965594,0.0782262445576437,0.00175178918693362,0.0279459582877343,0.847608118853976,0.503836221489139,0.496163778510861,0.0950512939620354,0.904948706037965,3211,12871,6510,39743,890,14198,430629,255975,252077,48291,459761,0.092793413,0.000172302298164025,69952,23814,0.441769061,0.001307677,0.039590415,0.003810471,0.014189059,0.398566052,0.009482966,0.000240695,0.003900118,0.001695518,0.000362108,0.004262226,0.006198439,0.000607064,0.001165136,0.001382401,0,0.000100112,0,0,2.13005e-06,0,0.04310791,0,0.237678687291,0.224526229598545,0.0879043877398376,0.138971994992639,0.144189964806752,0.127547967530883,0.119442498012015,0.15741695731933,114071,44660,70605,73256,64801,60683,0.15741695731933,38.3,1118.67477236973,103.805650165185,61766.7300380228,0.00168060783048226,3413283,3873447,800550,83283301,1682617,247489,0,0,650238,803265,37263061,48733950
"108","ID-501","Idaho Balance of State CoC","Largely Rural CoC","Sheltered and Unsheltered Count","16","Idaho","ID",1961,517,161,304,337,259,228,155,979,969,5,4,1,1,2,0,1447,514,147,3,32,4,1310,14,77,90,312,988,973,49,6,704,463,241,0,1257,1193,839,354,0,299,601,153,1284894,2369433747,211325203010,0.558139534883721,0.0232558139534884,42.660983552,12.066040458,0.196588201099651,1385244,0.0132258288070549,0.00874069838959779,0.0054849542752035,0.0863768404699822,0.00159394301653716,0.0562825032990578,0.828295231742567,0.502514358481249,0.49748564151875,0.147392805888349,0.852607194111651,18321,12108,7598,119653,2208,77965,1147391,696105,689139,204175,1181069,0.129256224094527,6.08017397687865e-06,55344.9805921734,5803.81293554176,0.443064325578756,0.00193701787876077,0.146655884492507,0.0143030913705706,0.0206884953446533,0.428280465193427,0.00529039858372208,0.000202351372637743,0.00353258716990896,0.00233637944620023,0.000342440730797249,0.00387502790070621,0.00641375871954418,0.00130049635044136,0.00340028048533576,0.00262511930653891,0.015168444,0.000347888507078561,0,0,3.89137439905549e-06,0,0.0250946771198815,0,3.711841561378,0.252010476132725,0.101895406152274,0.126006681855327,0.124880526463208,0.107560834048009,0.118423180320579,0.16922289502788,349096,141150,174550,172990,148998,164045,0.16922289502788,37.2221678986749,222.07255280797,28.7042596509907,18807.7159612443,0.0015261959352289,0,5886856,983204,25898348,0,824790,0,0,1693079,2626655,24867347,36881931
"109","IL-500","McHenry County CoC","Largely Suburban CoC","Sheltered and Unsheltered Count","17","Illinois","IL",160,26,12,21,28,22,33,18,65,94,1,0,0,0,0,0,133,27,0,1,22,0,121,0,4,19,32,41,119,9,1,140,99,41,0,20,151,75,76,0,124,40,113,307291,19871804,1562790267,0,0,0.795870909,0.859104081,0.196891546,311366,0.00299326194896039,0.0290911660232652,0.0155893707084267,0.0940051258005049,8.02913612918559e-05,0.0337833931771613,0.82445739098039,0.500607002691366,0.499392997308634,0.155948305209946,0.844051694790054,932,9058,4854,29270,25,10519,256708,155872,155494,48557,262809,0.065473748,0.000196629711925381,90014,11784,0.474001966,0.000326656,0.047359125,0.004852817,0.010933558,0.386929653,0.001652524,0.000192,0.002753091,0.001757292,8.78646e-05,0.0028409556,0.0047902476,0.000647595,0.001835394,0.001337494,0,2.6034e-05,0,0,0,0,0.021022418,3.57417759961004e-08,0.37418210488,0.230134311389169,0.0813223023708433,0.115446130919882,0.130502366989331,0.137436328950496,0.146078891079951,0.159079668300328,71656,25321,35946,40634,42793,45484,0.159079668300328,40.4,1234.2364883148,80.8100888083283,155201.33125,0.000520679095710581,1178568,2767866,995548,18426515,1417953,328278,0,0,255716,133749,17754535,24832213
"110","IL-501","Rockford/DeKalb, Winnebago, Boone Counties CoC","Largely Suburban CoC","Sheltered and Unsheltered Count","17","Illinois","IL",486,110,37,99,81,76,52,31,238,247,0,0,0,1,0,0,449,37,2,2,262,3,182,1,14,19,26,172,314,31,7,477,325,152,0,9,576,386,190,0,139,490,161,441516,27795048,3691062689,0,0,2.632989371,2.39152521,0.294727710660859,437117,0.00479734258791125,0.0245975333835106,0.107360271963799,0.0907743235792705,0.000299690929430793,0.0585586925239696,0.713612145032108,0.493019031517877,0.506980968482123,0.159682647895186,0.840317352104814,2097,10752,46929,39679,131,25597,311932,215507,221610,69800,367317,0.149229005956382,0.000119617583661148,58799.3219770065,12833.9035391696,0.471421912843639,0.00125878907308614,0.0740213979131197,0.0132411200634473,0.0208739656115226,0.423601862868077,0.000633347444466339,0.000400891177295953,0.00603149179228839,0.00685365896878256,0.00402476907302793,0.0100562608653163,0.0173108110113948,0.000713450753406445,0.00184138263127044,0.0014382263134156,0,0.000366917838014024,0,0,2.26492488177099e-06,0,0.0335729621572446,0,0.82133743374,0.23229936149818,0.106932468881329,0.124886472042954,0.119526351068478,0.119354772292087,0.127698076258759,0.169302497958213,101542,46742,54590,52247,52172,55819,0.169302497958213,37.9939839099829,1514.84700170574,226.059112240553,205367.726337449,0.00110075286059848,4496806,5163339,3623152,48884414,2216353,819104,379070,0,17919982,20344912,44845997,99808715
"111","IL-502","Waukegan, North Chicago/Lake County CoC","Largely Suburban CoC","Sheltered and Unsheltered Count","17","Illinois","IL",705,277,62,115,110,67,57,17,369,329,3,4,0,0,0,0,522,183,10,3,397,0,147,2,23,8,73,428,277,33,16,630,558,72,0,75,649,566,83,0,361,422,159,699682,2395026214,1148932536,0,0,0.262389713,0.985847115,0.39161219,711885,0.00887643369364434,0.0845543872957008,0.0664348876574166,0.116065094783568,0.000470581624841091,0.0834123489046686,0.640186266040161,0.503105136363317,0.496894863636683,0.244134937525022,0.755865062474978,6319,60193,47294,82625,335,59380,455739,358153,353732,173796,538089,0.075683712,0.000608984407766828,92654,22314,0.46352453,0.001121906,0.060438792,0.005663421,0.012369607,0.378287565,0.001194061,8.71825e-05,0.005182354,0.004459169,0.001286299,0.006468653,0.0110150045,0.000647437,0.002251023,0.001146235,0,7.00318e-05,0,0,0,1.25259527707199e-09,0.041981929,1.11639021631815e-07,0.681207596472,0.236130835738918,0.101599275163826,0.112697977903734,0.128318478405922,0.133479424345224,0.134906621153698,0.152867387288677,168098,72327,80228,91348,95022,96038,0.152867387288677,38.9,2052.34811808456,155.329323892854,154157.634042553,0.00100760059569919,4688790,7064284,554992,89236499,3613107,467593,442649,0,7577927,5802034,78469756,108681132
"112","IL-503","Champaign, Urbana, Rantoul/Champaign County CoC","Other Largely Urban CoC","Sheltered and Unsheltered Count","17","Illinois","IL",279,64,33,45,49,44,30,14,120,156,0,2,0,0,1,0,253,26,1,4,160,1,84,3,15,10,22,111,168,16,10,237,152,85,0,42,212,113,99,0,19,125,16,210006,6110542,2579898018,0,0,0.937358906,0.840492556,0.334952335,206098,0.00156236353579365,0.106784151229027,0.133616046735048,0.0756436258478976,0.000325088064901164,0.0195586565614416,0.662510068025891,0.497530301118885,0.502469698881115,0.0806800648235306,0.919319935176469,322,22008,27538,15590,67,4031,136542,102540,103558,16628,189470,0.191451726,8.14008920254925e-05,53936,16575,0.531674406,0.009992897,0.113365856,0.005817739,0.011688852,0.446077731,0.004702259,0,0.008914031,0.003171338,0,0.008914031,0.012085369,0.000928545,0.002304696,0.002471358,0,9.52354e-06,0,0,4.76177e-06,0,0.024380256,0,0.2583283806,0.19277237042572,0.222442721423789,0.136435093984415,0.116260225717862,0.0965802676396666,0.0993362381003212,0.136173082708226,39730,45845,28119,23961,19905,20473,0.136173082708226,30.9,304.719559174602,58.3390855499367,43912.394265233,0.00132853347047227,925972,3573971,0,44009416,1571427,165635,0,0,0,0,6014553,12251558
"113","IL-504","Madison County CoC","Largely Suburban CoC","Sheltered and Unsheltered Count","17","Illinois","IL",121,17,9,26,24,21,19,5,50,69,1,0,0,0,0,1,115,6,1,0,46,1,66,0,6,4,16,28,93,6,2,61,57,4,0,60,76,64,12,0,0,149,107,264403,63522162,1853175882,0,0,0.792662609,0.835608349,0.155009588,264631,0.00117900019272119,0.0101386458880479,0.0863579852700553,0.0527980470919885,0.000238067346607162,0.00928084767090779,0.840007406539672,0.489149041495516,0.510850958504484,0.041714689511055,0.958285310488945,312,2683,22853,13972,63,2456,222292,129444,135187,11039,253592,0.124282473,0.000142675610322885,64045,9870,0.493704747,0.000710142,0.093857597,0.022856427,0.041392278,0.452566726,0.001836568,0,0.003963646,0.005151227,0.003033248,0.006996894,0.012148121,0.0010779,0.002473497,0.001925092,0.005756457,0.000242055,0,0,0,1.25940119771112e-07,0.044889808,0,0.47459809694,0.215333804429564,0.0875256489224618,0.12858659794204,0.127332020813888,0.12209453918853,0.139250503531332,0.179876885172183,56984,23162,34028,33696,32310,36850,0.179876885172183,40.2,924.410836354674,114.888064810157,251047.512396694,0.000457634746958242,2247053,5714459,0,15684306,2059558,1223469,0,0,5248197,4945547,8938466,30376749
"114","IL-506","Joliet, Bolingbrook/Will County CoC","Largely Suburban CoC","Sheltered and Unsheltered Count","17","Illinois","IL",357,70,30,69,70,40,59,19,139,212,5,1,0,0,0,0,302,55,2,0,150,1,160,1,9,12,41,111,246,18,8,319,256,63,0,38,325,250,75,0,0,285,183,868085,71833334,4077266184,0,0,2.412628055,2.587267349,0.349633964699452,886423,0.00403080696236447,0.0532556127266553,0.106884636341792,0.10019369984759,5.30220899051581e-05,0.0650863075529403,0.670495914478753,0.499117238609558,0.500882761390442,0.191995243805723,0.808004756194277,3573,47207,94745,88814,47,57694,594343,442429,443994,170189,716234,0.0647363972215417,0.000212908591400419,90810.0694609399,17449.8607129486,0.489482787000636,0.000702837514625409,0.0481736883066852,0.00846566091259151,0.013159456165493,0.355652960392248,0.00201610124504282,0,0.00263338259269196,0.00144340687019013,0.000723431212353629,0.00335681380504559,0.00480022067523572,0.000513774485526187,0.00141575999777787,0.00101718160291907,0.014683406,4.83823550480656e-05,0,0,0,3.34106269017111e-07,0.0638278512687179,1.46772353101781e-08,0.916183398762,0.245737080378104,0.0892000771640628,0.120274406237203,0.139595881424557,0.142765925523142,0.125839469418099,0.136587159854832,217827,79069,106614,123741,126551,111547,0.136587159854832,38.4562299774792,1147.01527486214,74.2536364526515,180555.932773109,0.000411250050398291,10716953,5858097,0,64715433,2794488,1038901,0,887238,5465978,6591729,31105084,64458468
"115","IL-507","Peoria, Pekin/Fulton, Tazewell, Peoria, Woodford Counties CoC","Largely Suburban CoC","Sheltered and Unsheltered Count","17","Illinois","IL",492,64,26,77,115,97,83,30,223,268,1,0,0,0,0,0,477,15,3,5,183,1,276,2,18,8,141,92,400,25,1,436,434,2,0,56,490,452,38,0,38,370,49,386792,143417717,6885236218,0,0,3.756163819,2.302803226,0.177883720236926,381993,0.00210475061061328,0.0254350210605954,0.0901561023369538,0.0484956530617053,0.000314141882181087,0.0133457942946598,0.820148536753291,0.494726343152885,0.505273656847115,0.0399902616016524,0.960009738398348,804,9716,34439,18525,120,5098,313291,188982,193011,15276,366717,0.121559283385481,5.61770123425561e-05,60907.2626941612,10248.8384713231,0.432464067802289,0.00102879452439262,0.1050828818184,0.0206796987547209,0.0348279381917491,0.451369211163248,0.00134263201100333,0.000455025045967859,0.00603166557342189,0.0108249396058114,0.00309468653758092,0.00912635211100281,0.0204063167627821,0.000698049478246706,0.00188473409979524,0.00172185561193096,0.017858749,0.000118926801193923,0,0,2.58537085637759e-06,9.06442915166471e-08,0.0300394009430081,0,1.03465681846,0.230184846319173,0.0808129991910847,0.123457759697167,0.127620139636067,0.119957695559866,0.129593997795771,0.188372561800871,87929,30870,47160,48750,45823,49504,0.188372561800871,40.074073920867,1609.62472102705,195.664827607603,153824.369918699,0.00127200148917248,4028487,4678871,2978361,33105639,1466348,842176,325766,0,9394227,8524464,43442890,75681590
"116","IL-508","East St. Louis, Belleville/St. Clair County CoC","Largely Suburban CoC","Sheltered and Unsheltered Count","17","Illinois","IL",237,49,16,33,45,28,46,20,91,145,1,0,0,0,0,0,225,12,1,0,174,0,58,0,3,25,9,50,187,19,6,218,143,75,0,19,208,66,142,0,96,322,116,261186,41843531,1703526437,0,0,0.763924008,0.858442113,0.389833299,254777,0.0029869258214046,0.0156097292926756,0.279895751971332,0.0707442194546603,0.000321850088508774,0.0188871051939539,0.611554418177465,0.48498490837085,0.51501509162915,0.0494550136001287,0.950544986399871,761,3977,71311,18024,82,4812,155810,123563,131214,12600,242177,0.144152813,0.000153320778784016,57473,12176,0.495868021,0.002026168,0.132542407,0.038410519,0.046527052,0.461808826,0.002366128,0.001064376,0.008664324,0.003304159,0.009303715,0.017968039,0.022336574,0.00111032,0.00143193,0.001569763,0.005082238,0.000356068,3.82869e-06,0,0,2.62884246112021e-07,0.028745798,2.09083546027763e-08,0.38745898356,0.232858539036098,0.081314247361418,0.127703835118555,0.132374586403011,0.120595658163806,0.137461387801882,0.16769174611523,59327,20717,32536,33726,30725,35022,0.16769174611523,39.5,1998.1793103821,288.043168469979,317438.156118143,0.000907399324619237,6930716,7106278,2178049,33405017,2116505,0,0,0,23583433,26655244,6662618,75232843
"117","IL-511","Cook County CoC","Other Largely Urban CoC","Sheltered and Unsheltered Count","17","Illinois","IL",20024,5990,2681,5448,3000,1468,1044,393,7781,12200,23,12,6,1,1,0,6076,13948,62,51,4607,27,4606,29,98,341,2903,11508,8516,1539,539,18276,16999,1225,52,1748,21392,19706,1621,65,840,10819,3478,5169517,1786339408,2447342616,0,0,0.064398867,0.999452189,0.580431982,5185812,0.00742545236888649,0.0776192812234612,0.224810502193292,0.111000167379766,0.000507731479660273,0.114162642224593,0.464474223130341,0.488015377341099,0.511984622658901,0.264960241520518,0.735039758479482,38507,402519,1165825,575626,2633,592026,2408676,2530756,2655056,1374034,3811778,0.136770522,0.00211229803551135,67886,98187,0.476837418,0.002635736,0.0941624,0.01856002,0.029208697,0.425279383,0.001318863,0.000706642,0.012397096,0.0063445,0.002998539,0.015395635,0.022446777,0.00063178,0.002320139,0.003941567,0.012712947,0.000142953,2.70818e-05,4.6426e-06,3.86883e-07,3.41479247309423e-08,0.047730378,2.43450797784825e-07,1.033572550912,0.214231638169683,0.0855721341228722,0.158445581906941,0.139130766792163,0.124254986490062,0.122881623938546,0.155483268579733,1110965,443761,821669,721506,644363,637241,0.155483268579733,37.8,2777.4603438311,379.87470106008,98070.7513483819,0.00387347599398551,1.98e+08,1.9e+08,86662335,1.96e+09,57227249,15253061,15745357,31880723,3.42e+08,1.2e+08,9.07e+08,1963768725
"118","IL-512","Bloomington/Central Illinois CoC","Largely Rural CoC","Sheltered and Unsheltered Count","17","Illinois","IL",396,89,46,77,54,61,46,23,210,178,4,0,1,2,0,1,371,25,8,1,190,0,170,0,19,23,79,136,260,34,4,334,278,56,0,62,381,286,95,0,0,159,35,521882,127550291,19977150137,0.181818181818182,0,10.82499663,4.296923794,0.189240096617527,511775,0.00275316301108886,0.0208724537150115,0.0872688193053588,0.0502427824727664,0.000177812515265498,0.0170465536612769,0.821638415319232,0.49540129939915,0.50459870060085,0.0672678423135167,0.932732157686483,1409,10682,44662,25713,91,8724,420494,253534,258241,34426,477349,0.140018129363552,2.61239464298471e-05,60398.7611203299,9042.92876167409,0.437797073214349,0.000338808634218419,0.107258801521718,0.0266792275627651,0.033543130228475,0.440310261831134,0.00127080540727406,0.000172452816151927,0.00261744975816372,0.0051295118497304,0.0041695249553424,0.00678697471350612,0.0120889393793884,0.000871844444039074,0.00190081292876359,0.00203685910278377,0.006396975,0.000172452698613863,0,0,1.91614353604838e-06,7.84004786002409e-09,0.0306563551757849,0,2.25156903999,0.220806018269747,0.111683845439891,0.120468956084217,0.122616384153192,0.11655903473206,0.130983342289092,0.176882419031801,113003,57157,61653,62752,59652,67034,0.176882419031801,38.9118555535543,836.313440225222,117.099043461932,154322.936868687,0.000758792217397803,2532571,5325032,899555,32179885,0,348087,0,0,19224397,13940617,18841624,61111883
"119","IL-513","Springfield/Sangamon County CoC","Other Largely Urban CoC","Sheltered and Unsheltered Count","17","Illinois","IL",388,82,31,49,75,77,62,12,159,227,1,1,0,0,0,0,370,18,6,2,173,0,180,0,19,28,78,117,271,26,3,362,257,105,0,26,440,307,133,0,55,208,68,195963,22731649,2248720954,0,0,0.905858747,0.811157006,0.201481912,195217,0.000732518172085423,0.0211764344293786,0.126541233601582,0.0514401921963763,0.000163920150396738,0.00870313548512681,0.791242565965054,0.48289851805939,0.51710148194061,0.0279227731191443,0.972077226880856,143,4134,24703,10042,32,1699,154464,94270,100947,5451,189766,0.139908114,8.71442050875291e-05,61743,19393,0.471868478,0.001272401,0.085468505,0.01228902,0.015301462,0.469231437,0.001847014,0.00030618,0.009782459,0.004873369,0.00392421,0.013706669,0.018886218,0.001260442,0.005363257,0.002847476,0,5.103e-05,0,0,5.103e-06,0,0.021886785,0,0.27250418817,0.220165252001619,0.0792656377262226,0.121849019296475,0.128841238211836,0.121925856866974,0.139009410041134,0.18894358585574,42980,15474,23787,25152,23802,27137,0.18894358585574,40.8,1374.58445580852,192.315518745886,97130.7371134021,0.00197996560575211,712852,2675683,1497675,30183680,1376889,186892,0,4825794,7195678,4796195,14419068,37686726
"120","IL-514","DuPage County CoC","Largely Suburban CoC","Sheltered and Unsheltered Count","17","Illinois","IL",480,142,94,57,61,57,42,27,245,225,4,1,3,2,0,0,373,107,2,9,246,1,180,4,19,10,100,251,229,63,11,454,356,98,0,26,534,407,127,0,273,339,150,926005,22153880,849088844,0,0,0.098440354,0.998121939,0.338301629,927263,0.00339493757434514,0.12632014865254,0.0502166052134076,0.093404999444602,0.000287944197061675,0.0538833103445301,0.672492054573514,0.494962054994106,0.505037945005894,0.157445083002341,0.842554916997659,3148,117132,46564,86611,267,49964,623577,458960,468303,145993,781270,0.061600725,0.00109058669954684,94930,46916,0.440247245,0.001123974,0.046805141,0.004581683,0.008706581,0.390085367,0.001361221,0.0002311,0.003462184,0.002796961,0,0.003462184,0.006490245,0.000686821,0.002877954,0.001186819,0.00120785,2.59178e-05,0,0,0,1.35416320689649e-07,0.086398022,9.25356271045295e-08,0.86566281018,0.223856662025768,0.082946262279418,0.123172174453203,0.135652991653932,0.129000078726316,0.136989182141421,0.168382648719942,207574,76913,114213,125786,119617,127025,0.168382648719942,40,1362.99050430403,83.9612032332439,161976.029166667,0.000518355732420451,9963721,8399276,4910600,79345653,3823187,394422,584207,0,0,0,49673081,77748494
"121","IL-515","South Central Illinois CoC","Largely Rural CoC","Sheltered and Unsheltered Count","17","Illinois","IL",266,83,21,53,50,36,20,3,134,129,1,1,0,0,1,0,254,12,1,0,23,0,231,1,2,4,13,127,139,16,3,186,133,53,0,80,186,135,51,0,15,58,160,393715,259828175,24694497085,0.111111111111111,0,17.838258636,5.200159862,0.0567847301642178,384840,0.00172539237085542,0.00530610123687766,0.0173396736305997,0.0314442365658455,0.000278037626026401,0.00570886602224301,0.938197692547552,0.504622700343,0.495377299657,0.0241528947094897,0.97584710529051,664,2042,6673,12101,107,2197,361056,194199,190641,9295,375545,0.130430332872392,1.59434305807002e-05,54981.934874211,2925.28909744358,0.414196237455494,0.00189391525557248,0.129554172623262,0.0305878637335331,0.0420915675421993,0.468127960509214,0.00100359632955183,5.84178593144787e-05,0.00177031613130056,0.00450579736662306,0.00431022450549001,0.00608054063679057,0.0106447558627281,0.00121407615993803,0.00232655598954066,0.00247641067870414,0.049078067,6.60376129062901e-05,0,0,0,1.53947947207804e-08,0.0246777490686232,0,3.1958343181,0.21200758756886,0.0862098534455878,0.116466583515227,0.120922980979108,0.11953019436649,0.144106641721235,0.200756158403492,81589,33177,44821,46536,46000,55458,0.200756158403492,42.0576673482087,719.515065793271,93.8465895381177,138905.30075188,0.000675615610276469,2410222,0,538041,6556117,0,0,0,0,9875862,10508066,13616619,36948810
"122","IL-516","Decatur/Macon County CoC","Other Largely Urban CoC","Sheltered and Unsheltered Count","17","Illinois","IL",140,21,10,29,27,28,25,0,48,92,0,0,0,0,0,0,121,19,1,0,51,0,69,0,15,7,26,30,110,6,4,113,94,19,0,27,96,73,23,0,62,73,47,104688,13406665,1503684113,0,0,0.905082381,0.829698648,0.242797646,102591,0.000263180980787788,0.0139096022068213,0.171106627286994,0.0532600325564621,0.000672573617568793,0.00898714312171633,0.75180084022965,0.479613221432679,0.520386778567321,0.0274975387704574,0.972502461229543,27,1427,17554,5464,69,922,77128,49204,53387,2821,99770,0.151778468,6.96210055655486e-05,53725,8822,0.457419933,9.13034e-05,0.130132634,0.036871575,0.041339052,0.481086657,0.000538139,0.000563579,0.008587422,0.009361149,0.006485939,0.015073361,0.024998089,0.000821489,0.002703271,0.00170029,0,0.00039164,0,0,9.55219e-06,0,0.039106679,0,0.27113459184,0.226472107689758,0.0841204394147635,0.119172247078204,0.115146552816524,0.113928122349914,0.13563567954304,0.205524851107797,23234,8630,12226,11813,11688,13915,0.205524851107797,40.9,1522.58983779335,231.096352972643,172807.25,0.00133730704569769,1507563,2694504,820250,13265444,963417,362508,0,0,5752247,3836218,8256308,24193015
"123","IL-517","Aurora, Elgin/Kane County CoC","Largely Suburban CoC","Sheltered and Unsheltered Count","17","Illinois","IL",563,102,37,97,106,103,82,36,274,283,5,1,0,0,0,0,358,205,12,11,158,2,274,0,26,15,113,174,389,19,4,441,422,19,0,122,454,436,18,0,0,124,193,531756,12474714,1345145387,0,0,0.605109748,0.959775189,0.432999346,516097,0.0101686310906671,0.0396088332232119,0.0510698570230015,0.148472089549058,0.00136214703825056,0.131950001646977,0.617368440428834,0.500843833620424,0.499156166379576,0.330614206244175,0.669385793755825,5248,20442,26357,76626,703,68099,318622,258484,257613,170629,345468,0.084692371,0.000395314889482649,83374,22906,0.494445324,0.000841376,0.039387008,0.006333828,0.015927016,0.355992222,0.002414434,0.000351665,0.00311233,0.00398491,0.000915834,0.004028164,0.008364739,0.000819925,0.002497386,0.001363407,0,3.38501e-05,0,0,0,0,0.038359699,2.24696983181938e-08,0.56907995364,0.243880510834204,0.0898939540435228,0.118855563973439,0.132703735925611,0.13569929683761,0.129037758405881,0.149929179979732,125866,46394,61341,68488,70034,66596,0.149929179979732,38.6,1239.23871960576,104.954065398416,99129.5808170515,0.00105875627167347,3721708,6779037,4084657,50590303,3493721,399183,0,0,4659252,3731711,28940685,55809954
"124","IL-518","Rock Island, Moline/Northwestern Illinois CoC","Largely Rural CoC","Sheltered and Unsheltered Count","17","Illinois","IL",334,38,43,63,87,56,32,15,126,207,0,1,0,0,0,0,321,13,3,1,97,0,225,1,5,7,15,62,272,42,0,142,118,24,0,192,158,122,36,0,7,14,96,643029,361208690,23686840877,0.0666666666666667,0,14.67471082,5.208937993,0.169239645358152,643938,0.00198776900881762,0.0110041649972513,0.0489022235059897,0.0656274361817442,0.000458118638750936,0.0287201562883383,0.843300131379108,0.502806170780417,0.497193829219583,0.0969347980706217,0.903065201929378,1280,7086,31490,42260,295,18494,543033,323776,320162,62420,581518,0.127373370246188,2.71470983969155e-05,56748.8896239516,6177.87959952039,0.428883945201003,0.00120052660400551,0.113747433491144,0.0330938396521214,0.0371768997966779,0.474140357534828,0.000878570316335655,0.000446325076957649,0.00361570008959316,0.00584110510050247,0.00683794973740687,0.010453649827,0.0167410800044601,0.00104505383715042,0.00209632852008852,0.00212587598607839,0.061477422,0.000415222283980971,0,0,1.55513935257974e-06,5.81381134083457e-08,0.0346640665543685,0,3.40369719804,0.214169687143793,0.0788957943156018,0.113729893250592,0.119573623547609,0.118617009712115,0.142481108429694,0.212532883600595,137912,50804,73235,76998,76382,91749,0.212532883600595,42.8412384200401,1005.60949135121,128.087870064958,246599.446107784,0.000519416698158248,1339960,3824446,1830429,31673137,0,2404421,0,0,28947026,27811673,16206260,82364215
"125","IL-519","West Central Illinois CoC","Largely Rural CoC","Sheltered and Unsheltered Count","17","Illinois","IL",143,32,14,41,30,20,5,1,76,64,2,0,0,0,0,1,138,5,0,0,44,0,96,0,3,7,12,48,95,16,0,136,93,43,0,7,202,138,64,0,0,104,21,217700,235913316,15356759729,0,0,10.91959273,3.06449709,0.109090491533413,210627,0.0019987940767328,0.00900644266879365,0.0392447312073001,0.0398002155469147,0.00122966191418954,0.0159048934846909,0.892815261101378,0.501203549402498,0.498796450597502,0.0430619056436259,0.956938094356374,421,1897,8266,8383,259,3350,188051,105567,105060,9070,201557,0.138857364684525,1.41761676188038e-05,52655.4574552136,4817.0311713367,0.418534735478062,0.00072296591796209,0.14794725258893,0.0311778885389297,0.0389406485456913,0.473389986050616,NA,0.000610932545787781,0.0027836473216169,0.00372531012384015,0.00876894804175011,0.011552595363367,0.0158888380329949,0.00136885635319706,0.00232429962798346,0.00275149304871383,0.045807594,0.000169958710596233,0,0,4.5934913137345e-06,2.54330910129719e-08,0.0419154801061277,0,2.20209315438,0.210471591961145,0.0991515807565032,0.115232140228936,0.116490288519516,0.113328300740171,0.138799868962669,0.206526228831062,44331,20884,24271,24536,23870,29235,0.206526228831062,41.1104253559945,1153.50913338571,160.17323840147,243844.153846154,0.00065686724850712,1126900,0,1629436,6935214,0,1252148,0,0,11208874,14116876,5535480,34869714
"126","IL-520","Southern Illinois CoC","Largely Rural CoC","Sheltered and Unsheltered Count","17","Illinois","IL",261,24,26,50,60,42,42,17,116,141,2,1,0,1,0,0,255,6,5,0,47,0,193,1,9,12,28,36,225,29,1,206,180,26,0,55,308,259,49,0,0,96,53,572948,605512525,28167397753,0.407407407407407,0.111111111111111,26.656806106,7.534111784,0.11509421447986,560203,0.00182612374442836,0.00955546471546921,0.0506191505579228,0.0416563281524733,0.000335592633384684,0.00926806889645361,0.886739271299868,0.509027977358208,0.490972022641792,0.0287288714983676,0.971271128501632,1023,5353,28357,23336,188,5192,496754,285159,275044,16094,544109,0.149756442369405,2.03408211516088e-05,53055.3027115899,3228.61296662175,0.448023280438548,0.00112843296230717,0.141668626595248,0.0513026762954369,0.0448282391044702,0.474961078527077,NA,0,0.00232656365093865,0.00282922708933446,0.0114792267605158,0.0138057904114544,0.0166350175007889,0.00129854722750232,0.00247142848480141,0.00285540748794131,0.067428026,8.72679689251032e-05,0,0,1.74535834805253e-06,2.14694413391366e-08,0.0262100574309484,0,5.25034050144,0.211230571774874,0.0855404201691173,0.118644491371878,0.123903299339704,0.119860122134298,0.14067936087454,0.200141734335589,118332,47920,66465,69411,67146,78809,0.200141734335589,41.6522091010004,1447.2697055912,216.737962258355,475783.83908046,0.000455538722536775,2390805,0,0,15468196,0,97272,0,0,42680515,65024405,13986585,124179582
"127","IN-502","Indiana Balance of State CoC","Largely Rural CoC","Sheltered and Unsheltered Count","18","Indiana","IN",4584,831,262,780,931,858,717,205,1952,2609,7,1,8,1,6,0,4303,281,42,22,1006,1,3193,36,171,252,365,1282,3302,194,44,3446,2733,700,13,1138,4840,3702,1113,25,7,2828,713,5739556,1525298420,91761525844,0.175824175824176,0,85.878503623,36.794702031,0.175218954137177,5839930,0.00222211567604406,0.0230752765872194,0.0619949211720003,0.0595888991820107,0.000378429193500607,0.0271891957609081,0.825551162428317,0.497656307524234,0.502343692475766,0.0752469635766182,0.924753036423382,12977,134758,362046,347995,2210,158783,4821161,2906278,2933652,439437,5400493,0.123968299445427,6.25486111658342e-05,61045.6169250723,10720.0829065872,0.436680310220588,0.00104975238244949,0.102433674171676,0.0232936884631121,0.030631078234619,0.431916510562797,NA,0.000269707297571101,0.0051575417872142,0.00418969699893894,0.00175693035736684,0.00691447214458104,0.0113738764410911,0.00092184833108798,0.00237126355410175,0.00187575485734576,0.0169859693,0.000234687135810784,0,0,5.22688501511267e-07,2.16351102630133e-08,0.0337348393944953,1.21348220101858e-09,20.57237412871,0.231581714164382,0.0967295840874805,0.125053211254244,0.125060916826058,0.122177320618569,0.129656006150759,0.169741246898507,1352421,564894,730302,730347,713507,757182,0.169741246898507,38.741587973007,707.484236207412,87.7056176470793,109814.856893543,0.000798668050281241,8207435,53467932,15338340,364875328,16708801,5950505,2191161,0,84726768,80070991,236729371,503391304
"128","IN-503","Indianapolis CoC","Major City CoC","Sheltered and Unsheltered Count","18","Indiana","IN",1701,278,96,287,309,310,318,103,634,1056,2,1,7,0,1,0,1579,122,25,12,899,1,660,9,44,170,324,419,1282,79,6,1362,1167,195,0,339,1343,1143,200,0,1161,1195,788,957337,16703563,1027084080,1,0,0.106465777,0.991205512,0.457269488,971822,0.00435367793690614,0.0392849719393058,0.276423048665291,0.0812576788753496,0.000138914327932481,0.0567583364031685,0.541783371852047,0.484381913560302,0.515618086439698,0.133741569958285,0.866258430041715,4231,38178,268634,78968,135,55159,526517,470733,501089,129973,841849,0.164196686,0.000932092141862427,51219,36564,0.506289621,0.001286753,0.110701159,0.027018372,0.039721128,0.443637925,0.001771135,0.000698813,0.007528175,0.006646562,0.000586001,0.008114176,0.015459551,0.000237116,0.002198808,0.001432098,0,0.000207868,0,0,1.04456e-06,0,0.072317272,0,0.901952182539,0.250714637042586,0.0941355515722015,0.166036578715032,0.13350593009831,0.112192356213381,0.114763814772664,0.128651131585825,243650,91483,161358,129744,109031,111530,0.128651131585825,34.3,1488.60308310427,244.423693015103,137563.694885362,0.00177680377965126,29329781,18111627,6271005,2.09e+08,9163024,1038686,1596014,10643750,3573252,3268706,1.51e+08,233995845
"129","KS-502","Wichita/Sedgwick County CoC","Other Largely Urban CoC","Sheltered and Unsheltered Count","20","Kansas","KS",691,127,49,123,135,126,101,30,215,462,1,2,8,0,1,2,609,82,25,11,196,3,348,4,66,43,111,191,500,38,8,503,452,51,0,188,390,305,85,0,724,615,228,515416,31558986,2582051703,0,0,0.780893607,0.925801414,0.324559191,524810,0.00787523103599398,0.0423943903507936,0.079369676644881,0.109654922733942,0.000773613307673253,0.0481812465463692,0.711750919380347,0.496827423257941,0.503172576742059,0.161336483679808,0.838663516320192,4133,22249,41654,57548,406,25286,373534,260740,264070,84671,440139,0.133521436,0.000199614902908859,57540,17821,0.445413924,0.001700783,0.096619803,0.023422982,0.034790018,0.428077514,0.002951993,0.000799354,0.005178341,0.002871467,0,0.005178341,0.008849162,0.000651901,0.001406631,0.000884722,0,0.000351173,0,0,1.94018e-06,0,0.031960591,0,0.416649924416,0.251860673386559,0.0939978277852937,0.140302204607382,0.12773765743793,0.110904898915798,0.120687486900021,0.154509250967017,132179,49331,73632,67038,58204,63338,0.154509250967017,35.9,494.815795189647,66.0685155292036,49280.4196816208,0.00134066462818384,5635092,5881242,1835041,42164656,3441716,512693,504588,0,3204985,2648340,10389073,34052770
"130","KS-503","Topeka/Shawnee County CoC","Other Largely Urban CoC","Sheltered and Unsheltered Count","20","Kansas","KS",537,73,25,97,124,109,89,20,198,338,0,1,0,0,0,0,487,50,12,2,133,0,337,3,29,47,250,117,420,17,3,334,276,58,0,203,317,242,75,0,0,326,21,177293,30313507,1409020132,0,0,0.845903039,0.831685382,0.269542509,178315,0.00629784370355831,0.0145472899083083,0.0762583069287497,0.0942265092673079,0.00086924824047332,0.0470964304741609,0.760704371477442,0.486700501920758,0.513299498079242,0.135961640916356,0.864038359083644,1123,2594,13598,16802,155,8398,135645,86786,91529,24244,154071,0.110957253,0.000125827158869863,58652,15325,0.447962248,0.003193443,0.089409181,0.0130794,0.036667249,0.451941137,0.001352132,0.000231256,0.004760481,0.0059224,0.004140039,0.00890052,0.015054176,0.002132064,0.003829818,0.002989402,0,0.000208694,0,0,0,0,0.031619974,0,0.39257279818,0.232964136500014,0.0855340268625747,0.120298348428343,0.125042761405378,0.113675237641253,0.132826739197488,0.18965874996495,41541,15252,21451,22297,20270,23685,0.18965874996495,39.6,1630.72147736517,180.940375536541,59738.2905027933,0.00302888438911858,3716385,3677118,0,9227586,1163640,185636,320963,1485054,7044363,3932770,10553533,32079462
"131","KS-505","Overland Park, Shawnee/Johnson County CoC","Largely Suburban CoC","Sheltered and Unsheltered Count","20","Kansas","KS",250,52,26,51,51,29,33,8,107,140,1,1,0,1,0,0,217,33,6,1,60,1,134,1,26,9,54,84,166,16,7,192,166,26,0,58,201,156,45,0,0,127,64,597574,16319024,1226679687,0,0,0.531254425,0.959626998,0.206702434,614764,0.00267257028713458,0.0516198085769499,0.0487731877598558,0.0740885933463898,0.000375753947856413,0.0205460957375513,0.801923990344262,0.494272598916007,0.505727401083993,0.0906429133781419,0.909357086621858,1643,31734,29984,45547,231,12631,492994,303861,310903,55724,559040,0.048752013,0.000487147546611327,91650,31070,0.399957042,0.000577913,0.045740126,0.00301067,0.014273109,0.409649684,0.004778386,0.000179057,0.002918467,0.001947876,0.000217546,0.003136013,0.005262946,0.000953857,0.003033934,0.001437479,0,2.51015e-05,0,0,0,0,0.064462309,0,0.449714472458,0.238133657793885,0.0796256774957545,0.134729749952827,0.14420655731305,0.126429003650181,0.121908569792636,0.154966784001666,146396,48951,82827,88653,77724,74945,0.154966784001666,38.3,985.582900917541,48.0491503981097,114851.692,0.00041835822843698,1784239,4697814,771464,34645950,2419627,18718,0,0,593251,603609,17824201,28712923
"132","KS-507","Kansas Balance of State CoC","Largely Rural CoC","Sheltered and Unsheltered Count","20","Kansas","KS",1089,160,83,208,286,178,140,34,438,633,5,2,7,2,1,1,990,99,45,4,163,0,754,6,62,79,308,270,819,68,6,787,590,190,7,302,1089,845,233,11,60,324,201,1456889,1255850854,206143150481,0.297029702970297,0.0099009900990099,100.447690239,22.860259127,0.192830750961057,1452403,0.00875032618357302,0.0143920110327506,0.0291792291808816,0.0838376125634552,0.00103414823571695,0.0303159660232043,0.832490706780418,0.508183334790688,0.491816665209312,0.116434625926826,0.883565374073174,12709,20903,42380,121766,1502,44031,1209112,738087,714316,169110,1283293,0.128042780912516,7.06736554962218e-06,55924.0599208313,4193.51821724236,0.41413170274314,0.00120620977222932,0.136327836178666,0.0339770766010678,0.0418602855625322,0.457534513547659,NA,8.30536553807462e-05,0.0025341669740392,0.00442998746176133,0.00345187586097156,0.00598604283501077,0.0104990839521528,0.00175579606613682,0.00482191843987977,0.00401609186559374,0.022571379,0.000361043294697743,0,0,4.11836145334339e-06,0,0.0236524539882503,0,13.63362036973,0.233073740552725,0.117654672979882,0.119776673554103,0.120965048956798,0.106525530448505,0.126662503451177,0.175341830056809,338517,170882,173964,175690,154718,183965,0.175341830056809,37.7142607981802,721.93154998634,92.4381232887337,123665.826446281,0.000747483164468947,1427726,3252150,382114,53341955,1038789,520418,0,0,26865532,41616940,59568416,134672085
"133","KS-507","Kansas Balance of State CoC","Largely Rural CoC","Sheltered and Unsheltered Count","40","Oklahoma","KS",1089,160,83,208,286,178,140,34,438,633,5,2,7,2,1,1,990,99,45,4,163,0,754,6,62,79,308,270,819,68,6,787,590,190,7,302,1089,845,233,11,60,324,201,72511,14845673,2040375640,1,0,0.976011872,0.472644713,0.282715726,73011,0.121570722219939,0.00808097409979318,0.0315705852542768,0.104189779622249,0.00127378066318774,0.00994370711262686,0.723370451027927,0.480653600142444,0.519346399857556,0.0616482447850324,0.938351755214968,8876,590,2305,7607,93,726,52814,35093,37918,4501,68510,0.157848477,3.55380639615948e-05,51150,4168,0.406684815,0.000652191,0.127439494,0.044454859,0.038864526,0.411978872,0.00170059,0.000262029,0.008081532,0.000399939,0.007198908,0.01528044,0.015942408,0.001158445,0.001861786,0.001517011,0,0.00041373,0,0,0,0,0.007185117,0,0.186063226,0.232882716303023,0.100505403295394,0.124145676678857,0.128213556861295,0.122118584870773,0.127295886921149,0.16483817506951,17003,7338,9064,9361,8916,9294,0.16483817506951,38,711.77208555113,112.35213967536,7480.96051423324,0.0150184109997104,0,679794,138103,7424288,0,106695,0,0,3902739,2558788,760647,8146766
"134","KY-500","Kentucky Balance of State CoC","Largely Rural CoC","Sheltered and Unsheltered Count","21","Kentucky","KY",2678,416,184,496,587,538,361,96,1100,1555,10,4,9,0,0,0,2601,77,10,8,367,6,2160,2,90,148,389,658,2020,157,19,1639,1336,303,0,1039,2072,1680,392,0,560,1456,1383,3371333,2336369370,100545055009,0.711864406779661,0.347457627118644,114.503648717,29.261476594,0.106208137832986,3412211,0.00180557415704949,0.00951611726238501,0.040526509058203,0.0434319565818175,0.000986750233206563,0.0121909225425977,0.891542170164741,0.497524918593838,0.502475081406162,0.0356715924073863,0.964328407592614,6161,32471,138285,148199,3367,41598,3042130,1697660,1714551,121719,3290492,0.173772231622006,3.3530569948947e-05,52104.3126276758,6791.67910942052,0.424189460256328,0.00102498923300815,0.135489299564941,0.0378508953789501,0.0416613349871152,0.44628311708117,NA,0.000243523836821815,0.0055298600877638,0.00475865184329344,0.00473403250350351,0.0102638925912673,0.0152660682713826,0.000577219717750338,0.00220002002500821,0.00146084654650727,0.986573558,0.00014741944434777,0,0,8.89856359484513e-07,2.18287503348839e-08,0.0313279643771395,0,23.80074716938,0.229150541979965,0.0882290104568563,0.125082241397147,0.123806235898073,0.126312235673585,0.134346029597818,0.173073704996555,781910,301056,426807,422453,431004,458417,0.173073704996555,39.739561502824,677.16237442162,117.672016973702,148137.249439881,0.000794344551546821,7609624,7943975,5921056,247595574,1970017,1362336,0,4093822,98426228,96156997,173227499,396711554
"135","KY-501","Louisville-Jefferson County CoC","Major City CoC","Sheltered and Unsheltered Count","21","Kentucky","KY",1728,203,95,279,378,365,314,94,629,1082,8,3,5,1,0,0,1640,88,40,6,633,1,931,5,91,186,549,304,1424,84,6,1133,881,252,0,595,1038,678,360,0,913,1907,285,768419,43437019,986344428,0,0,0.257936024,0.983672406,0.333830892,777392,0.000905592030790129,0.0291050075122975,0.219615071932822,0.0781626258052566,0.000414205445901167,0.0184681602074629,0.65332933706547,0.486315784057464,0.513684215942536,0.0783041245600675,0.921695875439932,704,22626,170727,60763,322,14357,507893,378058,399334,60873,716519,0.137164915,0.00077905747544812,58196,31135,0.432520353,0.000742705,0.088604496,0.017463966,0.031546323,0.451800385,0.002972679,0.000633769,0.014472573,0.006227071,0.004865835,0.019338408,0.026199248,0.000930482,0.002813569,0.001527812,0.017003995,0.000126233,0,0,1.30137e-06,2.53240095203126e-07,0.088430921,0,0.87448387457,0.22265986786589,0.083520283203326,0.146335439520859,0.12978651696956,0.119107220038282,0.129773653446395,0.168817018955688,173094,64928,113760,100895,92593,100885,0.168817018955688,38.4,1840.84072624014,252.498761743268,112282.896990741,0.00224877313028439,25853199,22304353,3414500,2.22e+08,7058527,3193613,1971663,4051729,35836875,27356004,62984383,194024846
"136","KY-502","Lexington-Fayette County CoC","Other Largely Urban CoC","Sheltered and Unsheltered Count","21","Kentucky","KY",825,108,55,107,180,151,153,71,315,504,3,2,0,1,0,0,775,50,10,1,253,0,523,2,27,57,127,164,661,49,4,743,706,37,0,82,546,484,62,0,136,359,97,322200,4434380,735181664,0,0,0.711207011,0.970725734,0.296800124,321122,0.00231999053319299,0.0416819775661587,0.143948405901807,0.0775966766524872,0.000149475900125186,0.0350116155230722,0.699291857923157,0.492498178262467,0.507501821737533,0.0920864967208724,0.907913503279128,745,13385,46225,24918,48,11243,224558,158152,162970,29571,291551,0.158020471,0.000438259026003129,58954,30278,0.470524387,0.000374257,0.08323472,0.007835421,0.016160994,0.443243327,0.004088603,0.000335196,0.00983861,0.006247672,0.002836747,0.012675357,0.019258225,0.00069522,0.002200497,0.001073867,0.004166502,6.51769e-05,0,0,3.10366e-06,0,0.050012415,0,0.569372508,0.210954092214174,0.136515093951831,0.149703228056626,0.131342604991249,0.115529300390506,0.112103811012637,0.143851869382976,67742,43838,48073,42177,37099,35999,0.143851869382976,35.2,1234.51776202015,195.079078212291,76187.2472727273,0.00256052141527002,3665145,4669456,1143307,58957361,2926460,233047,409772,1506791,7161895,4739775,36398831,62854479
"137","LA-500","Lafayette/Acadiana Regional CoC","Largely Rural CoC","Sheltered and Unsheltered Count","22","Louisiana","LA",441,89,21,68,98,88,64,13,182,257,1,0,0,0,0,1,418,23,2,3,248,1,157,1,18,28,102,136,305,16,3,259,210,41,8,182,265,214,43,8,112,359,55,656517,3887671847,14383044745,0.75,0.75,7.243679714,4.34969059,0.353727321683629,642822,0.00335396112765276,0.0145483508654029,0.264441789484492,0.0618336024591567,0.00107961457448563,0.0150974919962291,0.639645189492581,0.489350084471284,0.510649915528716,0.0527128816375295,0.94728711836247,2156,9352,169989,39748,694,9705,411178,314565,328257,33885,608937,0.198923216567029,4.56452031985944e-05,50051.5248226626,7470.61035129326,0.501453396862922,0.00132739994790061,0.142622830925687,0.0257046574278655,0.037456264195707,0.437403753218083,0.00326853382522463,0.000738747120996105,0.00576375039751446,0.00382929930418253,0.00578355190060882,0.0115473022981233,0.0161153487233019,0.000871264579986505,0.00277372877858761,0.00184001335745,0.152777743,7.31131127685955e-05,0,0,1.52318960465609e-06,2.41789967981832e-08,0.0295316041086309,0,1.50793652047,0.24981410094863,0.0819402571785035,0.134472684506753,0.130498022780801,0.115753661200146,0.131014495459085,0.156506777926082,160586,52673,86442,83887,74409,84219,0.156506777926082,37.6070118519399,744.43448196233,148.085301675356,220454.689342404,0.000671726703192758,5222308,3145522,5452182,49099679,1419491,5427837,0,0,29918488,23072109,23562581,97220518
"138","LA-502","Shreveport, Bossier/Northwest Louisiana CoC","Other Largely Urban CoC","Sheltered and Unsheltered Count","22","Louisiana","LA",292,47,15,33,56,47,66,28,101,190,1,0,0,0,0,0,273,19,0,0,172,0,115,0,2,55,75,66,226,12,3,205,160,31,14,87,317,238,54,25,76,421,89,474110,417547935,13322716977,0.857142857142857,0.714285714285714,6.74733845,2.280486198,0.470173588680511,459510,0.00338839198276425,0.0118843985985071,0.395658418750408,0.0488280994972906,0.000411307697329764,0.0119083371417379,0.527921046331962,0.484664098713847,0.515335901286153,0.0464124828621793,0.953587517137821,1557,5461,181809,22437,189,5472,242585,222708,236802,21327,438183,0.222476044004269,3.55865849900205e-05,43734.057543608,8526.72076100483,0.571102440027329,0.000837373875818492,0.16128009719934,0.0478390491004999,0.0451705832875788,0.472428339203231,0.00282774171878636,0.000350129899040307,0.0083250720048512,0.00648372746297906,0.00315538593041277,0.011480457935264,0.0183143152972833,0.0012444372238046,0.00308578186505452,0.00226740598168147,0.023063439,0.00018350151085824,0,0,2.10921761228407e-06,2.39493739122432e-09,0.028421674063384,0,1.39254168796,0.238036168962591,0.0804204478683815,0.131960131444365,0.129527104959631,0.114086744575744,0.128151726839459,0.177817675349829,109380,36954,60637,59519,52424,58887,0.177817675349829,38.8173377486237,677.04238452713,150.625711332813,244565.602739726,0.000615890827023265,7478021,4990534,1435957,56361261,2161495,1497781,335719,0,13915364,10835890,28762395,71413156
"139","LA-503","New Orleans/Jefferson Parish CoC","Other Largely Urban CoC","Sheltered and Unsheltered Count","22","Louisiana","LA",1454,109,105,198,342,295,291,114,444,993,6,5,2,1,0,3,1399,55,18,7,960,3,409,4,17,79,83,172,1282,88,17,970,812,133,25,484,1166,956,176,34,20,3332,1062,826152,1350729980,1218235145,0.5,0.5,1.195146345,1.979982261,0.58116060978234,808519,0.00511552604205962,0.0353436344724119,0.396098298246547,0.0875130949303603,0.000199129519528916,0.0469339619724459,0.428796354816646,0.479283727407767,0.520716272592233,0.134093323719047,0.865906676280953,4136,28576,320253,70756,161,37947,346690,387510,421009,108417,700102,0.188881920390697,0.000678154790879884,49347.1010383077,36332.8560337565,0.560502487935386,0.0012047305210054,0.145469641601945,0.0332203317142511,0.0411797098991227,0.460675517624426,0.00172097597754408,0.000325605727046597,0.02726132733898,0.00461779392041295,0.00342794076684315,0.0306892681058231,0.0356326677532827,0.000777096865621581,0.00356229836074233,0.00101797263220691,0.10254028,0.00012225357179381,0,0,1.21042926977118e-06,4.73817903787106e-08,0.0385352816992684,2.07792444901924e-08,1.329272009762,0.212006149515348,0.0809863466412045,0.145550073653186,0.139197718297282,0.116628056978253,0.132171290965333,0.173460363949394,171411,65479,117680,112544,94296,106863,0.173460363949394,39.1896301164919,1382.67148093475,261.161644588405,148390.106602476,0.0017599666889386,47581354,32033353,1709219,5e+08,9079928,315247,2687588,17375684,24884886,18625506,61466450,215759215
"140","LA-505","Monroe/Northeast Louisiana CoC","Largely Rural CoC","Sheltered and Unsheltered Count","22","Louisiana","LA",142,23,8,20,32,29,22,8,53,88,1,0,0,0,0,0,141,1,1,0,97,0,43,0,0,5,20,28,114,8,3,96,42,54,0,46,131,71,60,0,73,64,67,348850,494992574,18235247367,0.916666666666667,0.75,11.764774262,3.15940646,0.422746166030558,347523,0.00273363201860021,0.00743835659798057,0.364666511281268,0.0351084676409907,0.000371198453052028,0.0146522676196971,0.575029566388412,0.489308621299885,0.510691378700115,0.0326107912282065,0.967389208771794,950,2585,126730,12201,129,5092,199836,170046,177477,11333,336190,0.258796123242715,1.91305329167789e-05,40879.3766174574,4731.80679661746,0.574880099433496,0.00522786147601484,0.203720718183741,0.0553523737684707,0.0520517702643342,0.464878887745432,0.00252769580955712,0.000710907066415365,0.00986097180955425,0.00527160687971621,0.00779418100840763,0.0176551528179619,0.0236376667640934,0.00131001848736706,0.00283216295400315,0.00209545638781425,0.066089835,0.000146194615197363,0,0,2.86656079977068e-06,8.08092813650978e-09,0.0176035543780507,0,1.99884790175,0.233385991718534,0.112815554653937,0.127922468440938,0.120855310296009,0.111903384811941,0.123419169378717,0.169698120699925,81107,39206,44456,42000,38889,42891,0.169698120699925,37.1022462376379,776.850639272811,201.045933782428,493907.563380282,0.000407051741436147,2952923,1478116,771544,41719951,733009,994164,0,0,21014567,17301853,24888698,70134874
"141","LA-506","Slidell/Southeast Louisiana CoC","Largely Suburban CoC","Sheltered and Unsheltered Count","22","Louisiana","LA",209,26,22,45,48,34,25,9,100,108,0,0,1,0,0,0,202,7,0,4,83,4,113,0,4,4,17,44,165,17,3,42,14,28,0,167,59,30,29,0,0,313,72,589276,916219177,8709442472,0.6,0.4,4.601325034,2.165111915,0.248243607363678,606219,0.00450332305651918,0.00942398704098684,0.171913120505956,0.06781212730053,0.0015654408720281,0.0165055862650296,0.72827641495895,0.491051913582385,0.508948086417615,0.0653971584526384,0.934602841547362,2730,5713,104217,41109,949,10006,441495,297685,308534,39645,566574,0.143820108030531,6.76594399577774e-05,62012.1131371378,4980.25770097543,0.510666738630116,0.00151172142977166,0.128495146774014,0.0376726007667035,0.0414391059642188,0.41664517128451,0.00517653995447125,0.000390309432501918,0.00329047870164066,0.000806073748616947,0.000580373227545327,0.00387085192918598,0.00506723511030485,0.000828134943254095,0.00167663373819399,0.00188536455023622,0.039085067,4.24249291522139e-05,0,0,0,4.36576910735192e-09,0.0229926216529708,0,0.92840274516,0.24379968295286,0.0826236063204881,0.126627505901333,0.135320733926188,0.120308007502239,0.127772306707642,0.163548156689249,147796,50088,76764,82034,72933,77458,0.163548156689249,38.4612037483285,253.895982606211,36.515347646943,102955.110047847,0.000354672513389312,3852492,2878747,1639262,30049870,506300,268473,0,0,2219146,1376889,8776309,21517618
"142","LA-507","Alexandria/Central Louisiana CoC","Largely Rural CoC","Sheltered and Unsheltered Count","22","Louisiana","LA",148,11,3,30,42,31,20,11,55,91,1,1,0,0,0,0,145,3,2,0,85,0,55,1,4,13,58,18,130,3,0,31,14,17,0,117,42,12,30,0,0,221,32,300729,610553012,18395711914,0.75,0.5,7.908995619,2.190509494,0.348629496947956,292906,0.00641502734665729,0.0113824913112056,0.258093040087946,0.0504154916594402,0.000938867759622541,0.0128300546933146,0.659925027141813,0.506763261933863,0.493236738066137,0.052030344205991,0.947969655794009,1879,3334,75597,14767,275,3758,193296,148434,144472,15240,277666,0.1952021506021,1.63477772105754e-05,45645.3602545814,3535.4534813736,0.522381524873022,0.000695493337543184,0.207129941057573,0.0877744260561502,0.077552544864343,0.457890658977126,0.00171540766095388,0.000505438314931383,0.00661725341055568,0.00285306693755507,0.0034316610003824,0.0100489144109381,0.0134074196634245,0.00126359592866667,0.00297610131493138,0.00216141461657506,0.071212261,9.64324060040768e-05,0,0,3.32525152253358e-06,1.63785900412526e-09,0.0152795375121854,0,1.25341420746,0.241234389189706,0.0880931083692379,0.138197920151858,0.132028705454992,0.113227451810478,0.123298942322793,0.163919482700935,70659,25803,40479,38672,33165,36115,0.163919482700935,37.2152459523358,468.888669981978,91.5280767734405,185980.722972973,0.000492137439355699,1047640,956275,1290019,30878865,641757,739505,0,0,7100802,5745896,10003253,27525147
"143","LA-509","Louisiana Balance of State CoC","Largely Suburban CoC","Sheltered and Unsheltered Count","22","Louisiana","LA",783,88,68,150,193,121,121,42,312,463,2,1,5,0,0,0,761,22,9,7,431,1,313,4,2,39,125,144,639,61,3,308,261,47,0,475,488,402,86,0,282,880,453,1468982,16053029106,37656498033,0.636363636363636,0.0909090909090909,20.473790735,11.152314862,0.415326396160044,1463526,0.00970054512184956,0.0170164383823724,0.311820903762557,0.0604792808600599,0.000332758010448738,0.0240549194206321,0.57659515444208,0.493243030872017,0.506756969127983,0.0622981757754901,0.93770182422451,14197,24904,456358,88513,487,35205,843862,721874,741652,91175,1372351,0.168127746612842,3.90100534232543e-05,55960.0952789074,11089.1942365529,0.512699079631752,0.00142408195520183,0.152392723840858,0.0409929831396777,0.045015006901299,0.433999191208521,0.00357354919248432,0.000339010360109246,0.00452149852075451,0.00211983543349272,0.00237034905217559,0.0068918475729301,0.00935069336653206,0.00104766414447284,0.00289792540270745,0.00271208221547507,0.35510531926,0.000176312601293209,0,0,1.36148707351077e-06,2.0120820285461e-08,0.0377336143525816,0,4.164579094972,0.237593319148413,0.103793851287917,0.133949106472997,0.130776631231697,0.114721569688547,0.125317896641399,0.153847625529031,347724,151905,196038,191395,167898,183406,0.153847625529031,36.8497041488596,767.587711974069,129.052792341908,242115.234993614,0.00053302218815479,17709518,9854012,2306534,169132844,4836158,1227445,556796,4544354,77176749,32696076,38668587,189576229
"144","MA-503","Cape Cod Islands CoC","Largely Suburban CoC","Sheltered and Unsheltered Count","25","Massachusetts","MA",570,166,18,88,112,60,79,47,265,287,1,0,0,0,0,17,539,31,2,3,266,0,254,3,40,9,76,305,265,1,9,494,397,97,0,76,360,244,116,0,11,211,29,242147,4031480247,1407903892,0,0,1.865495995,2.497365011,0.127496933423297,265123,0.00452242921210155,0.0154494329047272,0.0313892042561377,0.0678703846893706,0,0.0238681668508579,0.856900382086805,0.484152638586618,0.515847361413382,0.0421163007358849,0.957883699264115,1199,4096,8322,17994,0,6328,227184,128360,136763,11166,253957,0.0676134202339529,0.000171991143270453,78536.8492155591,5404.36303567668,0.55810714159613,0.000913166330063218,0.452932288727137,0.00568269397892189,0.0134203563613342,0.803611029961342,0.00353111759243765,0.00109024714815794,0.00769780317185429,0.00286189826894407,0.00142888415448054,0.00912668732633483,0.0130788327434368,0.00194922914403234,0.00408016656773365,0.00337811362873792,0.008611089,4.54269682440831e-05,0,0,1.65188883558334e-05,0,0.0174067814033748,0,0.7209154148,0.149756905285471,0.0641702153340148,0.0928248397913421,0.098546712280715,0.109764147207145,0.176257812411598,0.308679367689714,39704,17013,24610,26127,29101,46730,0.308679367689714,54.0995639012666,1724.02651031724,116.567328936555,49520.050877193,0.00235394202695057,3979961,894212,5783541,31445246,980670,780989,0,0,1423732,2085733,12297591,28226429
"145","MA-504","Springfield/Hampden County CoC","Largely Suburban CoC","Sheltered and Unsheltered Count","25","Massachusetts","MA",3018,1423,205,535,508,206,99,42,1597,1414,2,3,1,1,0,0,1638,1380,4,9,1201,9,1299,7,29,29,382,2469,549,33,61,2841,2706,128,7,177,3436,3241,187,8,567,1099,545,466647,44416923,1598035087,0,0,0.696162259,0.904726024,0.379826721,462853,0.00267687581154276,0.0256539333222427,0.0870384333686937,0.137227154193664,0.000220372342838871,0.0727012680051766,0.674481962955841,0.486128425223559,0.513871574776441,0.265745279818863,0.734254720181137,1239,11874,40286,63516,102,33650,312186,225006,237847,123001,339852,0.157275365,0.000292012987572156,57623,23533,0.531448935,0.002194003,0.068250453,0.013318672,0.017546577,0.41511678,0.000636145,0.000790748,0.019693687,0.012351949,0.006190975,0.025884662,0.039027359,0.001358629,0.00287155,0.001542922,0.006072029,0.000214295,0,0,0,0,0.032219215,6.22513286906322e-09,0.48177102927,0.210758059254234,0.0981413105240757,0.132945017100462,0.122196464104154,0.120792130546847,0.13688579311358,0.178281225356647,97550,45425,61534,56559,55909,63358,0.178281225356647,39.8,2833.43338666337,445.629270090668,68903.7647448642,0.00646741541250667,8095034,13083371,3889053,1.23e+08,5620457,2327332,664347,1605800,35532655,20133513,1.17e+08,207951562
"146","MA-505","New Bedford, Attleboro, Taunton/Bristol County CoC","Other Largely Urban CoC","Sheltered and Unsheltered Count","25","Massachusetts","MA",1702,596,74,346,382,161,112,31,865,835,1,1,0,0,0,0,1435,267,5,7,929,1,566,2,91,48,230,1181,521,25,7,1403,1295,108,0,299,1503,1369,134,0,148,570,155,563301,357457333,1432549560,0,0,0.49357075,0.895561119,0.198598973,578436,0.00223188045004115,0.0236862850859905,0.0440757490889225,0.0875567910710952,0.000318099150122053,0.0564660567461223,0.785665138407706,0.488271822638978,0.511728177361022,0.0981958246028947,0.901804175397105,1291,13701,25495,50646,184,32662,454457,282434,296002,56800,521636,0.106559559,0.00039321571534321,71450,17604,0.470189667,0.00083044,0.066420101,0.009608419,0.020703855,0.419035294,0.001385192,0.000177525,0.010631971,0.006335867,0.00760517,0.018237141,0.024750533,0.001288831,0.001940348,0.001267528,0.00326763,0.000204154,0,0,1.77525e-06,4.47605913402817e-08,0.041366871,1.64978765176543e-08,0.486040324743,0.207260613101536,0.0853093514234937,0.129397202110519,0.127704707175902,0.133264527104122,0.142835162403447,0.174228436680981,119887,49346,74848,73869,77085,82621,0.174228436680981,40.9,2329.08224541926,248.185976946606,82140.6633372503,0.00302147519709711,10112623,12921626,1465322,1.3e+08,6091301,181256,949409,0,44277782,27544597,36259493,139803409
"147","MA-506","Worcester City & County CoC","Largely Suburban CoC","Sheltered and Unsheltered Count","25","Massachusetts","MA",1927,718,132,356,344,206,141,30,936,983,6,2,0,0,0,0,1319,608,12,12,804,1,765,3,30,52,307,1323,604,32,30,1785,1636,137,12,142,1899,1728,158,13,146,986,983,826655,177372507,3912614264,0,0,0.759347688,0.788241885,0.243271982,861664,0.00267041445389386,0.0519285939763063,0.050821433876778,0.0966478813087236,0.00032959483046756,0.0421301110409626,0.755471970512868,0.496250278530843,0.503749721469157,0.133183004047982,0.866816995952018,2301,44745,43791,83278,284,36302,650963,427601,434063,114759,746905,0.096659315,0.000211279452617157,77155,18987,0.476708059,0.001531452,0.066715597,0.012295971,0.018221096,0.407102116,0.001701833,0.000290327,0.009115048,0.006694449,0.003688359,0.012803407,0.019788183,0.001114129,0.001645185,0.001629458,0,0.000240729,0,0,1.20969e-06,0,0.028960086,1.29077378546305e-08,0.37959170945,0.208165827979352,0.0927113120659561,0.129767519590003,0.127653006276228,0.132220912095666,0.14385305641178,0.165628365581015,179369,79886,111816,109994,113930,123953,0.165628365581015,40.3,2883.53716876917,278.720727510267,119567.142189933,0.00233108128542137,16988878,11049719,4313705,1.36e+08,4750791,92335,764005,2226871,33449085,19770494,1.37e+08,230405883
"148","MA-507","Pittsfield/Berkshire, Franklin, Hampshire Counties CoC","Largely Suburban CoC","Sheltered and Unsheltered Count","25","Massachusetts","MA",961,258,55,187,214,119,81,47,431,515,5,9,1,0,0,0,701,260,9,2,368,0,468,1,8,109,155,507,454,32,8,875,731,139,5,86,621,443,171,7,218,578,475,357817,162933896,5577065934,0,0,2.764186654,1.819125813,0.138626728234721,355564,0.00142309120158396,0.0325089154132589,0.0221254120214645,0.0633050590048486,0.000345929284179501,0.0207866938160219,0.859504899258643,0.481156697528434,0.518843302471566,0.0622278970874442,0.937772102912556,506,11559,7867,22509,123,7391,305609,171082,184482,22126,333438,0.102815382264901,6.41586461832208e-05,67094.4913796717,8386.45213335308,0.516830926970518,0.000887396788613727,0.132857902228109,0.0148652421830964,0.0161261249355481,0.467912368585802,0.00142855428629439,0.000262704186290758,0.0107513054953817,0.00657878191903962,0.00165168224480391,0.0124029877401856,0.019244473845516,0.00117657900063999,0.00191997601802318,0.00221621645774795,0.014276684,0.000466718765217975,0,0,0,0,0.0186939132560918,0,0.83666256074,0.158486235951896,0.138638894826248,0.105958420987502,0.111130485650966,0.114924458044121,0.149323328570946,0.221538175968321,56352,49295,37675,39514,40863,53094,0.221538175968321,43.5977133562687,1642.0314640518,168.826092667481,62860.4016649324,0.00268573041526814,1845395,3825638,1366578,62762302,0,333366,0,0,5732926,3623084,43681859,60408846
"149","MA-511","Quincy, Brockton, Weymouth, Plymouth City and County CoC","Largely Suburban CoC","Sheltered and Unsheltered Count","25","Massachusetts","MA",1885,734,100,402,364,139,110,36,1014,867,2,2,0,0,0,0,1568,317,3,13,1180,0,515,4,40,20,293,1430,455,38,29,1781,1781,0,0,104,1062,1062,0,0,0,1246,691,518597,1126101572,1705525076,0,0,0.507037581,0.875349225,0.200178559,531889,0.00159055742833561,0.0165936877807212,0.0876498667955156,0.0750720545076134,0.000376018304571067,0.0387975686656426,0.779920246517601,0.489164092508023,0.510835907491977,0.0470436500848861,0.952956349915114,846,8826,46620,39930,200,20636,414831,260181,271708,25022,506867,0.066531726,0.000304068821559795,92906,14434,0.511883089,0.001339602,0.085078056,0.009579152,0.011660322,0.401190134,0.002288946,7.71312e-05,0.008765959,0.004658723,0.003625166,0.012391125,0.0171269792,0.00096414,0.001878144,0.001498273,0.000689927,0.000104127,0,0,0,8.88019560601413e-10,0.023476804,4.55714024248096e-08,0.349275598097,0.209481677568064,0.0832861743709684,0.110989322960242,0.120325857462741,0.133232685767143,0.150585930523098,0.192098351347744,111421,44299,59034,64000,70865,80095,0.192098351347744,42.9,3311.37798671393,220.311692894483,60611.6620689655,0.00363480698885647,7042402,3281529,464660,96263376,1331911,195125,0,0,22551068,10594624,68791664,114252983
"150","MA-516","Massachusetts Balance of State CoC","Other Largely Urban CoC","Sheltered and Unsheltered Count","25","Massachusetts","MA",19297,7893,1137,3935,3473,1430,988,441,10061,9194,10,11,19,0,1,1,13275,6022,61,196,11263,6,5326,85,337,283,1438,15179,4118,403,257,18546,17763,726,57,751,12650,11720,869,61,5262,6061,1297,3897839,1230946449,4570647907,0.25,0,0.870565368,3.892809734,0.342106228808068,3936866,0.00229217860094806,0.101626268204201,0.0805231877335932,0.0979710764857122,0.000431815560905553,0.0616990773879528,0.655456396026687,0.488231247901249,0.511768752098751,0.14016352093264,0.85983647906736,9024,400089,317009,385699,1700,242901,2580444,1922101,2014765,551805,3385061,0.0968675332178856,0.000852797913842896,94763.6866658679,82143.8285326818,0.483230980837767,0.00197577154680374,0.0549242218499991,0.00632566569739643,0.0130274457801469,0.404492078715097,0.0024785641687671,0.000698848844677782,0.014253539058722,0.00999759105488195,0.00470260561642207,0.0189561446751441,0.0296525845747038,0.00132971116016901,0.0018900218135921,0.00138256079935395,0.030791686,0.00015752300895958,1.28276253901457e-06,8.20968703185791e-06,2.56553027659685e-07,2.51838843591075e-08,0.0331042403806345,1.22529212105421e-07,5.125574423448,0.194094744398209,0.0998492201664979,0.156122916045403,0.134247139729927,0.124825686218429,0.130186549402494,0.16067374403904,764125,393093,614635,528513,491422,512527,0.16067374403904,38.6570544601765,7223.15586993375,699.689291168773,141331.616676167,0.00495069190902959,123781046,85922739,45905572,2.639e+09,34939552,12284445,5313209,18557165,251205687,144366792,2.005e+09,2727276207
"151","MD-501","Baltimore CoC","Major City CoC","Sheltered-Only Count","24","Maryland","MD",1600,196,85,209,286,292,364,168,519,1063,9,4,5,0,0,0,1473,127,10,11,1070,0,278,8,32,127,234,311,1289,58,13,1487,851,615,21,113,2018,1102,886,30,2269,2945,457,602274,28758743,209649330,1,0,0,1,0.727006313,577193,0.00362790262529171,0.0253294825127817,0.600379768985417,0.0522476883815292,0.000395015185561848,0.0439991475988101,0.274020994710608,0.465930806506662,0.534069193493338,0.0786911830185051,0.921308816981495,2094,14620,346535,30157,228,25396,158163,268932,308261,45420,531773,0.200337405,0.00287276854164046,52164,79535,0.503772432,0.001356707,0.174993876,0.060036879,0.074332508,0.488043648,0.001565399,0.001049356,0.022896555,0.018991356,0.0114599,0.034356455,0.054397167,0.001100828,1.66037e-05,0,0.00261765,0.000124528,4.98112e-06,1.3283e-05,0,1.18224894042831e-06,0.044009869,2.47351116972327e-07,2.69127341448,0.208758595478462,0.0907824592467338,0.182247532454482,0.137153430481659,0.107253552971017,0.124528537248373,0.149275892119274,120494,52399,105192,79164,61906,71877,0.149275892119274,36.1,4273.61452333966,856.16484357618,322278.640625,0.00265659815964163,54973960,42796394,9101986,6.6e+08,9438492,3093381,3776989,24931016,1.57e+08,42533607,1.68e+08,515645825
"152","MD-503","Annapolis/Anne Arundel County CoC","Largely Suburban CoC","Sheltered and Unsheltered Count","24","Maryland","MD",254,36,10,49,48,37,54,20,90,161,1,1,1,0,0,0,228,26,1,3,107,1,124,1,8,10,50,60,194,6,0,156,145,11,0,98,144,128,16,0,105,189,196,575421,448054686,1074343715,0,0,0.460200956,0.92517607,0.329417939,590936,0.0057485074525837,0.0406592253645065,0.176997170590385,0.0796465268658535,0.000424749888312778,0.0451504054584591,0.651373414379899,0.494987612871783,0.505012387128217,0.100202052337309,0.899797947662691,3397,24027,104594,47066,251,26681,384920,292506,298430,59213,531723,0.057195869,0.000535602332815807,103225,24503,0.466201931,0.001121423,0.058357266,0.002262184,0.005885212,0.393329406,0.003883755,0.000385804,0.005197933,0.001908168,0.002050672,0.007248605,0.009542577,0.000563066,0.001277326,0.001692674,0.000727707,1.73786e-05,0,0,1.73786e-06,6.69560604254008e-09,0.046989943,3.7240430200683e-08,0.557448875907,0.226564297995045,0.0772317137558044,0.138038637009761,0.142113528368554,0.126996832144259,0.133484844382471,0.155570146344105,133885,45639,81572,83980,75047,78881,0.155570146344105,39,1944.30242007124,111.206066514778,251930.338582677,0.000441415937200763,4733889,4825303,238495,65251665,1765837,123704,367280,0,9999273,8483673,33452852,63990306
"153","MD-504","Howard County CoC","Largely Suburban CoC","Sheltered and Unsheltered Count","24","Maryland","MD",130,28,7,15,28,18,25,9,62,68,0,0,0,0,0,0,124,6,1,6,77,0,32,0,11,5,28,49,81,2,1,68,68,0,0,62,61,61,0,0,25,111,40,322407,6336170,649957177,0,0,0.559554477,0.881224855,0.493177878,333916,0.00275518393847554,0.18823895830089,0.199640029228908,0.08516812611555,0.000431246181674433,0.03464643802633,0.489120018208172,0.492980270487188,0.507019729512812,0.0842157907976857,0.915784209202314,920,62856,66663,28439,144,11569,163325,164614,169302,28121,305795,0.051142056,0.000496043449336355,124042,33163,0.440294547,0.001554222,0.036223248,0.002697916,0.012728206,0.374787148,0.004862173,0,0.005800122,0.003002416,0,0.005800122,0.008802538,0.000626537,0.002040899,0.000961518,0,3.10167e-06,0,0,0,0,0.062318746,1.81381263510534e-08,0.48640254462,0.240398782927443,0.0787683129888954,0.118784364930102,0.145815115178668,0.138436013847794,0.129975802297584,0.147821607829514,80273,26302,39664,48690,46226,43401,0.147821607829514,39.4,1628.83551582428,83.301997165074,206593.438461538,0.000403217051738951,2208557,2641325,0,27864877,1113619,796666,0,0,0,0,20096980,26857147
"154","MD-505","Baltimore County CoC","Largely Suburban CoC","Sheltered and Unsheltered Count","24","Maryland","MD",565,133,29,100,95,84,87,37,235,328,1,1,0,0,0,0,545,20,3,6,327,3,199,1,19,15,165,205,360,14,3,450,450,0,0,115,572,572,0,0,0,578,111,828193,215957832,1549740652,0,0,0.592533743,0.928708596,0.438504068,849586,0.00257654904859543,0.0601257553679086,0.303153535957513,0.0585955983267144,0.000487296165426455,0.0343873368911446,0.540673928242697,0.475682273483791,0.524317726516209,0.0742102624101621,0.925789737589838,2189,51082,257555,49782,414,29215,459349,404133,445453,63048,786538,0.092789338,0.00053440748226562,78724,33039,0.500201702,0.000989386,0.065859944,0.004869957,0.010596007,0.407610303,0.001480323,0.001710954,0.009515898,0.002234986,0,0.009515898,0.013461838,0.001133794,0.005445591,0.002162539,0.000223113,8.69363e-05,0,0,0,2.31526676343e-08,0.030846675,3.82960677051401e-08,0.493676737177,0.219430404926635,0.0883830477432538,0.131300421617117,0.128606168180737,0.121088388932963,0.133623906231977,0.177567662367318,186425,75089,111551,109262,102875,113525,0.177567662367318,39.5,1173.95517403942,108.930523440792,159673.446017699,0.00068220813264541,5104286,8598079,21617995,1.57e+08,4600927,1840207,731273,0,0,0,47722730,90215497
"155","MD-506","Carroll County CoC","Largely Suburban CoC","Sheltered-Only Count","24","Maryland","MD",134,17,7,41,14,15,24,16,49,81,3,0,1,0,0,0,125,9,1,1,15,0,85,0,4,10,25,30,104,5,2,111,111,0,0,23,107,107,0,0,0,65,41,168233,13112464,1159355858,0,0,0.867029829,0.577612484,0.116629912,174318,0.00178983237531408,0.0231530880345116,0.0397893504973669,0.0453825766702234,0.00022372904691426,0.0176631214217694,0.8719983019539,0.497401301070457,0.502598698929543,0.0478034396906803,0.95219656030932,312,4036,6936,7911,39,3079,152005,86706,87612,8333,165985,0.047629461,0.000145109026567751,99569,10087,0.443117978,0.000130589,0.039299324,0.006570797,0.012184986,0.379039784,0.001961531,0,0.005094125,0.002229051,0,0.005094125,0.007323176,0.000600358,0.001854571,0.001319598,0,2.97207e-05,0,0,0,0,0.026712952,0,0.33623552079,0.220092015741346,0.0832444153787905,0.11118186303193,0.1266363771957,0.131873931550385,0.151045789878268,0.17592560722358,38366,14511,19381,22075,22988,26330,0.17592560722358,41.3,464.664675085603,22.1317280200674,27785.723880597,0.000796514358062925,805146,0,0,18225809,0,0,0,0,0,0,2918141,3723287
"156","MD-511","Mid-Shore Regional CoC","Largely Rural CoC","Sheltered and Unsheltered Count","24","Maryland","MD",129,45,6,23,12,15,20,8,64,63,0,1,0,1,0,0,125,4,0,0,58,0,51,0,16,2,27,80,49,2,4,126,91,35,0,3,176,145,31,0,0,82,89,171960,2414992803,4603499099,0,0,4.870347103,1.804883315,0.23427541308848,173941,0.00350118718416015,0.0108427570268079,0.133303821410708,0.0654589774693718,5.74907583605935e-06,0.0314014522165562,0.75548605561656,0.485262244094262,0.514737755905738,0.0691211387769416,0.930878861223058,609,1886,23187,11386,1,5462,131410,84407,89534,12023,161918,0.104563186436346,3.73541943425935e-05,71962.1014712724,5418.17279599907,0.524275457657292,0.000972923999733025,0.157482980831312,0.0296178859109793,0.0278928884072401,0.480931611834002,0.00279401911951035,0,0.00400674570067458,0.00612933250455338,0.000732728566404978,0.00473947426707955,0.0108688067716329,0.000878111453442661,0.00286113054043964,0.00203535693232729,0.035564815,0.000180274520666434,0,0,0,0,0.0275005816048674,0,1.15627428396,0.205563955594138,0.0736284142324121,0.108508057329784,0.109335924250177,0.12085707222564,0.154316693591505,0.227789882776344,35756,12807,18874,19018,21022,26842,0.227789882776344,45.4315137241219,722.897409633109,75.5884566178181,100761.170542636,0.000750174459176553,1406338,0,0,5802467,0,75325,0,0,294956,694864,10526708,12998191
"157","MD-513","Wicomico, Somerset, Worcester Counties CoC","Largely Rural CoC","Sheltered and Unsheltered Count","24","Maryland","MD",275,60,16,33,43,48,60,15,99,176,0,0,0,0,0,0,251,24,0,0,173,0,102,0,0,8,40,90,185,13,3,243,216,27,0,32,275,252,23,0,0,293,119,180888,1405948603,3011068930,0.333333333333333,0,2.810787859,1.72443403,0.342886206045531,182081,0.0011368566736782,0.0197494521668928,0.240634662595219,0.0671624167266217,0.000148285653088461,0.0214519911467973,0.649716335037703,0.49028179766148,0.50971820233852,0.0571119446839593,0.942888055316041,207,3596,43815,12229,27,3906,118301,89271,92810,10399,171682,0.145368826524993,6.00743470857706e-05,59625.1503914024,7164.39814139136,0.527491273452811,0.00130917699457456,0.372247832920423,0.0165796494653929,0.0226801811927602,0.610394277517989,0.00277498799715846,0.000326168816035337,0.00465481439026359,0.00607558286545266,0.00279731125982376,0.00745212565008735,0.0138538773315753,0.00112776966290743,0.00441709759649065,0.00201782284887886,0.031305512,7.18676619416435e-05,0,0,5.52828426938216e-06,0,0.0213336430343693,0,0.63892011852,0.202942646404622,0.118683443083023,0.118271538491111,0.110846271714237,0.112235763204288,0.138399942882563,0.198620394220155,36952,21610,21535,20183,20436,25200,0.198620394220155,40.6356154084295,824.6551140138,119.879146212021,78853.4509090909,0.00152027774092256,2275322,730880,446378,4068618,0,0,0,0,3421166,2968296,11842657,21684699
"158","MD-514","Maryland Balance of State CoC","Largely Suburban CoC","Sheltered and Unsheltered Count","24","Maryland","MD",1188,219,63,192,257,212,159,86,472,710,2,0,0,0,0,4,1118,70,18,6,457,2,623,0,59,84,216,357,831,45,12,859,677,182,0,329,1148,878,270,0,5,938,338,1230036,2368574781,10366868980,0,0,7.979739387,5.047083261,0.279051995360153,1275597,0.00221151351092861,0.0295618443756139,0.163616722209287,0.0773230103237935,0.000433522499660943,0.0227399405925226,0.704113446488193,0.496834031437829,0.503165968562171,0.0719678707303325,0.928032129269667,2821,37709,208709,98633,553,29007,898165,633760,641837,91802,1183795,0.0820502170149955,0.000118650674796123,89773.9439268444,10577.6621163933,0.465359155256153,0.000479503412380994,0.089770375856605,0.0127520290834886,0.0144946082949028,0.405847471097635,0.00403090764731601,0.000180482536739575,0.00605104259201926,0.00348038582612216,0.00156336883973477,0.00761441143175403,0.0112752797946158,0.000817862276766696,0.00207229717137303,0.00144873804514258,0.00513581142,5.85348912397686e-05,0,0,8.12984494559509e-07,0,0.0250724366744567,7.93104592463365e-09,2.92077674515,0.226251708023772,0.0824900027202949,0.124848992275774,0.133033395343514,0.131731259951223,0.140685498633189,0.160959143052234,288606,105224,159257,169697,168036,179458,0.160959143052234,39.9575833552839,1029.57058728497,84.4764901189884,87465.5925925926,0.000965825390476376,2328210,6295588,1445595,145103973,1039856,2022585,0,0,15349266,11520380,63907644,103909124
"159","MD-600","Prince George's County CoC","Largely Suburban CoC","Sheltered and Unsheltered Count","24","Maryland","MD",650,224,92,109,82,61,55,27,337,304,4,2,3,0,0,0,568,82,1,9,534,1,73,2,18,19,73,365,285,70,7,542,378,164,0,108,572,408,164,0,0,369,97,910551,41926971,1250040419,0,0,0.392615933,0.975654492,0.876684557,955584,0.00562797200455428,0.0396302156586967,0.597565467818632,0.0686909785011051,0.000459404929341638,0.156447784810127,0.131578176277543,0.483989895184515,0.516010104815485,0.217347716161007,0.782652283838993,5378,37870,571024,65640,439,149499,125734,462493,493091,207694,747890,0.085942465,0.000728417246482652,86994,39435,0.507064991,0.002902095,0.056138179,0.00796036,0.008020167,0.367257847,0.001932271,0.000500796,0.006024923,0.002471031,0.000595244,0.006620167,0.009591994,0.000377793,0.000899455,0.000692987,0.001483713,2.19647e-05,5.49118e-06,1.09824e-06,0,0,0.026513616,6.13411817938985e-08,0.580441661562,0.222351985801353,0.0906597431518318,0.13988513830286,0.136222456633849,0.132730351282566,0.133679509075079,0.144470815752461,212476,86633,133672,130172,126835,127742,0.144470815752461,38.5,1497.50781191385,128.699512712632,180288.415384615,0.000713853479925891,15179353,10735384,5036657,2.37e+08,4755191,3583059,883909,4709211,5846225,2822658,63635823,117187470
"160","MD-601","Montgomery County CoC","Largely Suburban CoC","Sheltered and Unsheltered Count","24","Maryland","MD",1144,251,58,203,194,173,162,103,448,687,4,1,2,2,0,0,885,259,37,42,676,0,254,2,31,32,104,396,748,39,7,991,938,41,12,153,961,894,49,18,0,2316,303,1047661,35632258,1277247584,0,0,0.464282844,0.97320587,0.568989396,1057586,0.00494616986230907,0.151877010474798,0.186142781769048,0.101481108864906,0.000434952807620373,0.111315770065035,0.443802206156284,0.48720104086098,0.51279895913902,0.206336884187196,0.793663115812804,5231,160623,196862,107325,460,117726,469359,515257,542329,218219,839367,0.065855847,0.000820248958090807,111812,51575,0.503515546,0.001998257,0.045201357,0.005109162,0.007081119,0.372711211,0.002512274,0.000151767,0.007319161,0.003723533,7.63606e-05,0.0073955216,0.0112708216,0.000393257,0.002901702,0.001824063,0,1.04996e-05,9.54507e-07,4.77254e-06,0,0,0.012509772,6.12097660991935e-08,0.598150523679,0.229487720147581,0.0773223170503392,0.120798686820741,0.13940237484233,0.13589249479475,0.131549585565618,0.165546820778641,242703,81775,127755,147430,143718,139125,0.165546820778641,40.1,4972.669563265,327.479365939937,299901.538461538,0.00109195627211474,18429448,10741098,4122765,2.62e+08,4490018,1573741,863434,0,1456351,1410505,3e+08,343087360
"161","ME-500","Maine Statewide CoC","Largely Rural CoC","Sheltered and Unsheltered Count","23","Maine","ME",2702,656,210,465,630,400,232,109,1138,1528,14,10,11,1,0,0,2582,120,41,11,1179,1,1342,4,95,115,494,1154,1548,181,16,2429,1682,732,15,273,2833,2048,770,15,361,2290,486,1340825,11745192141,79888173952,0.3125,0,15.509178164,3.850306516,0.0736203457540567,1377400,0.00452809641353274,0.0111209525192391,0.0168033977058226,0.0469790910410919,0.000200377522869174,0.00696457093073907,0.913403513866705,0.492495280964135,0.507504719035865,0.0207702918542181,0.979229708145782,6237,15318,23145,64709,276,9593,1258122,678363,699037,28609,1348791,0.110785532971799,1.67837732879665e-05,60575.6617716704,6694.23126731676,0.456974456683906,0.00112151762256175,0.237337521965817,0.0323827423469103,0.0326026268551101,0.556965301312902,0.00281953869130423,0.00054742429561203,0.00864616952116794,0.00602986957200008,0.00254917677252662,0.0111953462936946,0.0177726401613067,0.00123058564545112,0.00234258754494211,0.00229410994467138,0.007704533,0.000569052601694479,0,0,4.47485664105308e-06,2.38395386206224e-09,0.0276479032400418,0,3.128970279948,0.182867721794686,0.0790532888049949,0.120687527225207,0.119901263249601,0.124810512559895,0.154035138667054,0.218644547698563,251882,108888,166235,165152,171914,212168,0.218644547698563,44.8375469580296,3701.94724568194,410.122198646356,203516.69022946,0.00201517722297839,13244316,11969162,7395080,245093383,3169626,3115577,326054,1470555,37563034,24138218,447510475,549902097
"162","MI-500","Michigan Balance of State CoC","Largely Rural CoC","Sheltered and Unsheltered Count","26","Michigan","MI",1937,558,138,225,473,275,207,61,913,1005,6,8,0,0,0,5,1861,76,66,1,197,0,1581,5,55,54,149,869,1068,101,17,1284,927,357,0,653,1856,1427,429,0,279,385,633,2443584,89608492265,112558063167,0.459016393442623,0,59.880793279,15.421701334,0.110962831695937,2459398,0.00891275019334,0.00713751901888186,0.0250996382041459,0.0536615057831225,0.000213466872787568,0.0126274803834109,0.892347639544311,0.507137112415315,0.492862887584685,0.0449703545339144,0.955029645466086,21920,17554,61730,131975,525,31056,2194638,1247252,1212146,110600,2348798,0.13692260356504,2.17095420021088e-05,53931.0159581173,3828.49623667531,0.465253438267561,0.000869178198228299,0.239662445979583,0.0282929912066878,0.029665157110836,0.53576345236325,0.00148747280121084,0.000109265770268998,0.00343348124314122,0.00480932924886601,0.00267107659410931,0.00610455783725053,0.0110231528563855,0.000887221438440422,0.00183255403950918,0.00239197841002028,0.046534798974,0.00047880485841207,0,0,3.27387912185544e-06,1.00437029394761e-10,0.0161504576719167,0,10.02653779722,0.203240793072126,0.0850065747796819,0.113407833949609,0.114368638178936,0.120014328709709,0.151535457050872,0.212426374259067,499850,209065,278915,281278,295163,372686,0.212426374259067,43.6817344114219,638.873527416993,87.4762267227155,110353.90191017,0.000792688117126319,881174,5753044,1558642,30712208,1052821,1647210,0,0,38057802,42004340,122800475,213755508
"163","MI-502","Dearborn, Dearborn Heights, Westland/Wayne County CoC","Other Largely Urban CoC","Sheltered and Unsheltered Count","26","Michigan","MI",1949,546,185,302,276,252,253,135,812,1121,9,0,6,0,1,0,1828,121,81,4,1546,8,190,3,32,136,382,843,1106,122,35,1601,1325,263,13,348,1417,1118,281,18,351,3613,714,1753059,157708871,1584692687,1,0,0.128355654,0.991031808,0.507891064,1773767,0.00329299169507607,0.0349499116851311,0.372242239256904,0.062151906084621,0.000168567799491139,0.0276282059594073,0.49956617751937,0.484184788644732,0.515815211355268,0.0671497440193667,0.932850255980633,5841,61993,660271,110243,299,49006,886114,858831,914936,119108,1654659,0.213328007,0.00110624540289811,49359,31827,0.531039489,0.000934004,0.147365373,0.081838975,0.096253285,0.464875398,0.000791391,0.000803167,0.009904401,0.008681396,0.003398631,0.013303032,0.022787595,0.000710187,0.002216126,0.002426615,0.001469132,0.00033028,7.41561e-06,0,5.70431e-07,1.45838078912505e-07,0.04369505,6.44604771287116e-09,1.2283684413,0.237444940626362,0.0835132235519096,0.144128851196352,0.119588987730632,0.12394976341312,0.129894738147682,0.161479495333942,421172,148133,255651,212123,219858,230403,0.161479495333942,37.8,1836.35523963153,391.746003414603,352362.163673679,0.00111177091016332,69901257,92074318,10857391,1.9e+08,22406342,467483,7283302,9870500,64245732,50647532,3.59e+08,686753857
"164","MI-503","St. Clair Shores, Warren/Macomb County CoC","Largely Suburban CoC","Sheltered and Unsheltered Count","26","Michigan","MI",436,110,21,57,114,41,70,23,197,236,2,1,0,0,0,0,431,5,4,1,261,3,156,0,7,25,50,163,273,15,6,417,327,90,0,19,269,176,93,0,94,272,81,870893,237173297,1241505063,0,0,0.460682397,0.967900075,0.218549236,877624,0.00237573266000018,0.0475123743197542,0.124622845318724,0.0532745230303638,0.000742914961304613,0.00960320137097436,0.761868408338879,0.489734783916575,0.510265216083425,0.030771720007657,0.969228279992343,2085,41698,109372,46755,652,8428,668634,429803,447821,27006,850618,0.099039248,0.000701481633828826,64641,27579,0.482087716,0.001050552,0.049890667,0.006815635,0.012298604,0.422191934,0.001993408,0.000362846,0.003256428,0.004821488,0.001306705,0.004563133,0.009747467,0.000370884,0.000834775,0.000773918,0,0.00011138,0,0,0,0,0.025286688,0,0.589169565216,0.208258889911853,0.0784538709059916,0.137838071884999,0.121198827744,0.132081620375013,0.143803040937805,0.17836567824034,182773,68853,120970,106367,115918,126205,0.17836567824034,41.1,920.872150252236,91.2024852651244,182173.408256881,0.000500635554539995,2056347,10294238,2956292,8395585,4869732,0,319985,2608956,7163557,5421991,43736508,79427606
"165","MI-504","Pontiac, Royal Oak/Oakland County CoC","Largely Suburban CoC","Sheltered and Unsheltered Count","26","Michigan","MI",357,131,32,41,54,49,33,17,176,176,1,0,3,1,0,0,331,26,2,5,222,1,106,0,10,15,34,179,178,29,9,327,249,78,0,30,327,249,78,0,351,654,139,1255340,103163034,2246569961,0,0,0.39616223,0.944577623,0.288895439,1272294,0.00151851694655481,0.0819676898578473,0.130186104783957,0.0653787567967781,0.000330112379685827,0.0150413347858278,0.705577484449349,0.493770307806215,0.506229692193785,0.0488857135221891,0.951114286477811,1932,104287,165635,83181,420,19137,897702,628221,644073,62197,1210097,0.077737386,0.00055878072875203,81587,33023,0.423034711,0.000576936,0.059961925,0.007015388,0.011999764,0.43183042,0.001975424,0.000239776,0.002959358,0.004978731,0.000399892,0.00335925,0.008577757,0.000679497,0.001288097,0.001220387,0,0.000248538,0,0,0,0,0.042837797,0,0.6490233334,0.204947912982377,0.0788371241238267,0.134089290682814,0.12785488259789,0.133496660363092,0.14164650623205,0.17912762301795,260754,100304,170601,162669,169847,180216,0.17912762301795,41.2,2160.15192308083,167.924563863177,590482.974789916,0.000284385106823649,13112372,14956597,4870547,29632600,5727718,1553855,651288,0,4646847,2283198,1.63e+08,210802422
"166","MI-505","Flint/Genesee County CoC","Largely Suburban CoC","Sheltered and Unsheltered Count","26","Michigan","MI",423,65,32,65,82,77,60,42,168,250,0,2,0,2,1,0,401,22,19,6,230,2,147,1,9,21,85,94,329,27,6,398,327,71,0,25,354,257,97,0,0,36,26,406770,32748546,1649674147,1,0,0.640168377,0.818008375,0.282892052,404087,0.00311814040045832,0.00945588450012002,0.193844394895159,0.0569011128791572,0.000202926597490144,0.0101933494519745,0.726284191275641,0.484578815948051,0.515421184051949,0.0412856637308302,0.95871433626917,1260,3821,78330,22993,82,4119,293482,195812,208275,16683,387404,0.18041709,0.000246575968193311,50269,9817,0.512604151,9.96594e-05,0.114246844,0.054573872,0.06011434,0.473444453,0.000832497,0.000432677,0.004582442,0.006502446,0.002431349,0.007013791,0.013948914,0.000712934,0.001401283,0.002251887,0,0.000368759,0,0,2.45839e-06,0,0.021370799,0,0.467988885,0.223781017454162,0.0823782997225845,0.127502245803503,0.117049051318157,0.125443283253359,0.140353438739677,0.183492663708558,90427,33288,51522,47298,50690,56715,0.183492663708558,40.6,791.298257213666,142.763728888561,137286.056737589,0.00103989969761782,4854580,11605273,938489,9076386,3778273,0,1007238,0,10862793,7309936,17715420,58072002
"167","MI-506","Grand Rapids, Wyoming/Kent County CoC","Largely Suburban CoC","Sheltered and Unsheltered Count","26","Michigan","MI",1089,270,101,137,187,146,184,64,420,654,14,1,0,0,0,0,972,117,15,12,583,0,373,3,55,51,94,403,686,74,17,979,796,183,0,110,1115,873,242,0,322,1052,307,652617,59599778,2198720086,0,0,0.713220585,0.838113664,0.270821937,658844,0.00399335806351731,0.030872255040647,0.0949860665043622,0.0974267049559532,0.000150263188250936,0.0337591296270437,0.738812222620226,0.496542428860246,0.503457571139754,0.115124369349952,0.884875630650048,2631,20340,62581,64189,99,22242,486762,327144,331700,75849,582995,0.111067128,0.00029681677270128,65722,28440,0.475844922,0.000735309,0.047916302,0.006887968,0.013974292,0.393975333,0.002765495,0.000468881,0.009561504,0.004701073,0.000689532,0.010251036,0.01542099,0.000530173,0.001253415,0.001706974,0,0.000281942,0,0,1.53229e-06,0,0.060376913,0,0.461885766048,0.237223075568723,0.0932390672146973,0.15741662669767,0.132914620152874,0.114033063972655,0.120246978040325,0.144926568353055,156293,61430,103713,87570,75130,79224,0.144926568353055,35.7,994.283991187603,110.432267317584,66179.958677686,0.00166866630811027,15429873,11802768,1470456,91948505,4842551,866853,942984,0,2795842,2381466,31537182,72069975
"168","MI-507","Portage, Kalamazoo City & County CoC","Other Largely Urban CoC","Sheltered and Unsheltered Count","26","Michigan","MI",664,159,45,95,118,94,122,31,278,385,0,0,0,0,1,0,625,39,8,3,332,4,286,3,9,24,96,232,432,30,15,542,452,90,0,122,666,544,122,0,140,426,171,264322,47507421,1455457976,0,0,0.804027604,0.783612948,0.232205416,261437,0.00308296071328848,0.0270045938409636,0.110298083285839,0.0727900029452602,0.000210375731055665,0.0187310900905381,0.767882893393054,0.490756855380072,0.509243144619928,0.0578380259871403,0.94216197401286,806,7060,28836,19030,55,4897,200753,128302,133135,15121,246316,0.14414432,0.000181607442027581,58836,14831,0.477896341,0.001285027,0.073784252,0.008029489,0.017471244,0.425938817,0.0019358,0.00034806,0.004498301,0.01024508,0,0.004498301,0.015091441,0.000775569,0.001520872,0.001505739,0,0.000302661,0,0,3.78326e-06,0,0.03640257,0,0.33484046638,0.215206722843362,0.149661295073,0.136078672873388,0.121363846739367,0.107643524061246,0.11209201451975,0.157953923889886,56263,39127,35576,31729,28142,29305,0.157953923889886,34.9,1287.44884584981,185.578438419806,73874.1927710843,0.00251208752960404,3695739,3653919,667354,0,1133172,453855,0,0,0,0,39448425,49052464
"169","MI-508","Lansing, East Lansing/Ingham County CoC","Other Largely Urban CoC","Sheltered and Unsheltered Count","26","Michigan","MI",648,135,34,103,141,114,89,32,257,386,2,1,1,1,0,0,582,66,17,7,223,1,319,8,50,35,95,218,430,23,8,558,526,12,20,90,592,527,41,24,127,425,126,290923,11990765,1440251655,0,0,0.822535599,0.854324324,0.308603995,282015,0.00435437831321029,0.0626562416892718,0.117951172809957,0.0906441146747513,0.0001772955339255,0.0203677109373615,0.703849086041523,0.489310852259632,0.510689147740368,0.0865060369129302,0.91349396308707,1228,17670,33264,25563,50,5744,198496,137993,144022,24396,257619,0.183784775,0.000201994560457561,55253,24292,0.506357415,0.001020426,0.083330645,0.010910234,0.019667452,0.426270869,0.001844559,0,0.009786095,0.009215497,0.001203067,0.010989162,0.020204659,0.000725278,0.00256769,0.002213644,0,0.000543099,0,0,0,0,0.030688533,0,0.33769178148,0.197351204723153,0.18241228303459,0.143226424126376,0.117202985656791,0.104334875804478,0.109763665053277,0.145708561601333,55656,51443,40392,33053,29424,30955,0.145708561601333,33.3,1982.94502263069,364.435104821551,163615.052469136,0.00222739350274815,17840991,5084226,0,5.21e+08,1670260,0,357072,4756555,4991299,3639733,67682418,106022554
"170","MI-509","Washtenaw County CoC","Largely Suburban CoC","Sheltered and Unsheltered Count","26","Michigan","MI",330,85,23,39,68,44,48,23,131,192,3,2,2,0,0,0,313,17,3,1,172,1,122,0,19,20,88,129,201,16,4,317,294,23,0,13,392,351,41,0,62,640,195,368385,42523115,1828539918,0,0,0.821303903,0.82805205,0.304016179,368394,0.00269276915476365,0.0885926480887311,0.116063236643376,0.0770235128693735,0.000304022323924928,0.0158390201794818,0.699484790740349,0.498816484524721,0.501183515475279,0.0564314293935298,0.94356857060647,992,32637,42757,28375,112,5835,257686,183761,184633,20789,347605,0.138672811,0.000201464018572221,75730,25029,0.508884246,0.000377517,0.057415669,0.004665476,0.010464373,0.411941311,0.001662923,0.000293172,0.009120893,0.006360194,0,0.009120893,0.015774259,0.000798078,0.002141781,0.001965335,0,0.000295886,0,0,0,0,0.029545177,0,0.302381827935,0.183792352752759,0.176490388008491,0.141962138362731,0.119179465463607,0.112585981313485,0.113316177787912,0.152673496311015,67708,65018,52298,43905,41476,41745,0.152673496311015,34.8,1090.68162900664,151.24788740041,168840.766666667,0.00089580194633332,10927680,4343753,213393,40607919,2840165,77636,376962,0,8151,7236,36922477,55717453
"171","MI-510","Saginaw City & County CoC","Largely Suburban CoC","Sheltered and Unsheltered Count","26","Michigan","MI",383,129,37,39,75,43,40,20,171,211,0,0,0,0,1,0,337,46,4,1,200,6,119,1,15,18,12,183,200,34,8,372,249,117,6,11,410,277,127,6,0,255,84,191166,39262561,2074078765,0,0,0.904181531,0.673849698,0.310782252,189210,0.00357274985465884,0.0119602558004334,0.189255324771418,0.0584112890439195,0.000385814703239787,0.01910047037683,0.717314095449501,0.487865334813171,0.512134665186829,0.0908408646477459,0.909159135352254,676,2263,35809,11052,73,3614,135723,92309,96901,17188,172022,0.175547674,9.21691129700178e-05,49565,9495,0.53675798,0.000101291,0.100342868,0.020879609,0.035516978,0.459229152,0.001302482,0.000287708,0.00971407,0.007150853,0.003300796,0.013014866,0.020453427,0.00074281,0.002076729,0.001569317,0.001917343,0.000936359,0,0,5.23106e-06,2.54695768816507e-08,0.020322652,0,0.30126423438,0.215110195021405,0.0919084614978067,0.12587072564875,0.112050103060092,0.117351091379948,0.138475767665557,0.199233655726442,40701,17390,23816,21201,22204,26201,0.199233655726442,41.1,720.519161627409,126.485462896122,63132.4281984334,0.00200349434522875,3572957,4344413,191253,14137706,1045634,138122,376242,0,4653859,3224463,6632777,24179720
"172","MI-511","Lenawee County CoC","Largely Rural CoC","Sheltered and Unsheltered Count","26","Michigan","MI",202,38,13,25,39,41,25,21,96,103,1,2,0,0,0,0,169,33,0,1,18,0,139,0,32,7,8,56,146,8,0,194,91,103,0,8,251,127,124,0,0,14,0,98310,30470381,1941553343,0,0,0.968647763,0.431389115,0.13774794,98823,0.0026107282717586,0.00337978001072625,0.0225554779757749,0.0675551238072109,0.00041488317496939,0.0130334031551359,0.890450603604424,0.507230098256479,0.492769901743521,0.0875302308167127,0.912469769183287,258,334,2229,6676,41,1288,87997,50126,48697,8650,90173,0.112810892,5.06347149072381e-05,57314,5096,0.432309443,0.000206756,0.118489999,0.017565043,0.019683784,0.446485607,0.001083329,0,0.001769912,0.003824636,0,0.001769912,0.005594548,0.000732377,0.001963178,0.001719052,0,0.00026447,0,0,0,0,0.011484081,0,0.2044464591,0.206955870596926,0.0896248848952167,0.11506430689212,0.121277435414833,0.126903656031491,0.141242423322506,0.198931422846908,20452,8857,11371,11985,12541,13958,0.198931422846908,42.2,519.204614688794,58.5719357135591,28505.9752475248,0.0020547248499644,255642,1196214,0,0,0,0,0,0,0,0,4306351,5758207
"173","MI-512","Grand Traverse, Antrim, Leelanau Counties CoC","Largely Rural CoC","Sheltered and Unsheltered Count","26","Michigan","MI",202,36,17,32,40,30,33,14,70,130,2,0,0,0,0,0,176,26,10,0,10,0,154,2,21,8,55,54,148,14,3,185,178,7,0,17,132,124,8,0,26,284,69,173018,7766685004,5611607432,0.2,0,4.871258132,0.837288436,0.073564600217486,178533,0.0107823203553405,0.00628455243568416,0.00707432239417923,0.0434093416903318,0.000358477144281449,0.00710232842107622,0.924988657559107,0.497555073851893,0.502444926148107,0.0305321705230966,0.969467829476903,1925,1122,1263,7750,64,1268,165141,88830,89703,5451,173082,0.103589064649719,3.08321638846956e-05,63354.7828954213,4279.50940364586,0.495354032083691,0.00139346869200579,0.308953158700737,0.0152222198423979,0.0191939885206337,0.597330913584436,0.00414336190673803,0,0.0033060147007768,0.00169346525195644,0.000236969565074154,0.00354298426585095,0.0052364495178074,0.000786045106358876,0.00192465560790207,0.00309794336663237,0.0030264945,0.000664670576096129,0,0,5.77975979377868e-06,0,0.0165994286101504,0,1.0895786614,0.186385710204836,0.068922832193488,0.110702223118415,0.115233598270348,0.116846745419614,0.158346076075571,0.243562814717727,33276,12305,19764,20573,20861,28270,0.243562814717727,46.6577887849819,279.706553189033,28.9745402212487,24817.4108910891,0.00116750858292201,2186807,0,0,3939556,0,0,0,0,659422,611043,1555845,5013117
"174","MI-514","Battle Creek/Calhoun County CoC","Other Largely Urban CoC","Sheltered and Unsheltered Count","26","Michigan","MI",252,41,22,31,67,38,43,10,95,155,0,1,0,0,0,1,242,10,5,1,88,0,144,0,10,23,13,56,196,19,4,223,179,44,0,29,267,220,47,0,4,182,29,133943,31256789,1829210175,0,0,0.920326321,0.676576577,0.229694721,133846,0.00431092449531551,0.0259776160662254,0.100593219072666,0.0794868729734172,0.000298850918219446,0.0149948448216607,0.774337671652496,0.493156313972775,0.506843686027225,0.0573644337522227,0.942635566247777,577,3477,13464,10639,40,2007,103642,66007,67839,7678,126168,0.166506567,7.32244997489149e-05,50219,7333,0.485741749,0,0.111103812,0.012974429,0.032551035,0.454588892,0.000479233,0.000328498,0.006823798,0.004277939,0.004210746,0.011034544,0.015640981,0.000895903,0.002284554,0.001523036,0,0.001157209,0,0,0,0,0.021337435,0,0.30479667251,0.230257161215128,0.0845972236749697,0.124038073606981,0.121266231340496,0.121550139712804,0.136111650703047,0.182179519746574,30819,11323,16602,16231,16269,18218,0.182179519746574,40.2,642.185459746827,106.928096279761,56834.4047619048,0.00188139731079638,742648,2457499,0,7830860,658353,0,0,0,3337434,2684495,4441841,14322270
"175","MI-515","Monroe City & County CoC","Largely Suburban CoC","Sheltered and Unsheltered Count","26","Michigan","MI",121,34,16,37,15,9,7,3,69,52,0,0,0,0,0,0,116,5,0,1,55,2,56,5,2,3,15,65,56,14,1,121,101,20,0,0,135,116,19,0,0,46,27,150000,338203448,1422818203,0,0,0.875064009,0.622786789,0.090853333,155001,0.000954832549467423,0.00418061818956007,0.0223417913432817,0.0537932013341849,0.000296772278888523,0.00904510293481977,0.909387681369798,0.498848394526487,0.501151605473513,0.0423158560267353,0.957684143973265,148,648,3463,8338,46,1402,140956,77322,77679,6559,148442,0.112346895,0.0001054245719402,65453,7801,0.493287373,0.000296033,0.061087091,0.014561458,0.022297715,0.431733333,0.001954145,0.000293333,0.00372,0.003273333,0.003766667,0.007486667,0.011053333,0.000506667,0.001133333,0.001053333,0.002049013,0.000246667,0,0,0,0,0.024433333,0,0.327663,0.210824446293895,0.0767801498054851,0.120154063522171,0.120231482377533,0.12849594518745,0.150186127831433,0.193327784982032,32678,11901,18624,18636,19917,23279,0.193327784982032,42.6,897.532237094759,100.83496,125002.016528926,0.000806666666666667,291932,897967,580906,0,0,0,0,0,3627185,3044523,6682731,15125244
"176","MI-516","Norton Shores, Muskegon City & County CoC","Largely Suburban CoC","Sheltered and Unsheltered Count","26","Michigan","MI",203,66,10,29,36,30,21,11,99,102,1,1,0,0,0,0,201,2,1,1,97,0,87,0,17,7,14,97,106,5,2,170,131,39,0,33,245,209,36,0,616,93,0,173679,2476314283,1305130153,0,0,0.831096181,0.739864865,0.239217177,175378,0.00630637822303824,0.0065458609403688,0.126064842796702,0.0768967601409527,0.00029080044247283,0.0114723625540262,0.772422994902439,0.498853904138489,0.501146095861511,0.0608457161103445,0.939154283889655,1106,1148,22109,13486,51,2012,135466,87488,87890,10671,164707,0.140912955,0.000133074084297859,53478,7729,0.47655869,0.000272463,0.111266564,0.006511065,0.023273021,0.428002234,0.001194708,0.000264856,0.005095607,0.005648351,0.002913421,0.008009028,0.013922235,0.000823358,0.001571865,0.001750356,0.000206561,0.000247583,0,0,5.75775e-06,1.61530427557607e-09,0.013104636,0,0.23811043542,0.227006808151536,0.0807227816487815,0.13100845031874,0.125032786324396,0.117722861476354,0.138346885014084,0.180159427066109,39812,14157,22976,21928,20646,24263,0.180159427066109,39.9,944.075006096873,133.032398850753,113817.408866995,0.00116882294347618,1261961,2974663,0,3810461,665145,0,0,0,5467611,2892725,9842829,23104934
"177","MI-517","Jackson City & County CoC","Largely Rural CoC","Sheltered and Unsheltered Count","26","Michigan","MI",99,16,7,16,26,12,14,8,46,53,0,0,0,0,0,0,75,24,0,1,19,0,68,3,6,2,8,32,67,4,0,87,87,0,0,12,90,90,0,0,0,76,74,158174,55933446,1817904856,0,0,0.925678851,0.527156629,0.158496339,160187,0.00211627660172174,0.00767852572306117,0.0765792480038954,0.066260058556562,9.3640557598307e-05,0.00847134911072684,0.838800901446434,0.513693370872792,0.486306629127208,0.0396536547909631,0.960346345209037,339,1230,12267,10614,15,1357,134365,82287,77900,6352,153835,0.123884688,8.70089540043563e-05,54511,9355,0.470102389,0.000192876,0.107617723,0.02099858,0.023709462,0.440774084,0.000911671,0.000252886,0.005184164,0.006486527,0.003401318,0.008585482,0.015324895,0.000442551,0.001055799,0.001618471,0,0.000613249,0,0,0,0,0.020629181,0,0.25506664718,0.211090787641943,0.0874103391660996,0.129829511758133,0.119859913725833,0.124055010706237,0.14215885184191,0.185595585159844,33814,14002,20797,19200,19872,22772,0.185595585159844,41.2,1232.29442004396,152.662409751287,243911.353535354,0.00062589300390709,1688291,2570181,0,5531490,687422,0,0,0,2666055,2738231,13797044,24147224
"178","MI-518","Livingston County CoC","Largely Suburban CoC","Sheltered and Unsheltered Count","26","Michigan","MI",69,25,7,2,14,1,15,5,31,37,0,0,0,1,0,0,69,0,0,0,0,0,68,0,1,2,2,39,30,3,0,66,25,41,0,3,66,25,41,0,11,16,24,190832,52118264,1464076021,0,0,0.804233032,0.604871406,0.0595288,195143,0.00276720148813947,0.00917276048846231,0.00515006943625956,0.0360658593954177,0,0.00608784327390683,0.940756265917814,0.504747800331039,0.495252199668961,0.0287737710294502,0.97122622897055,540,1790,1005,7038,0,1188,183582,98498,96645,5615,189528,0.052557028,0.000130342958468548,84274,7887,0.435171386,0.000630958,0.053427681,0.007907037,0.009854583,0.403601073,0.003091359,0,0.001624465,0.000450658,0,0.001624465,0.002075123,0.000539742,0.001163327,0.001194768,0,4.19217e-05,0,0,0,0,0.022931165,0,0.2366412216,0.205797799562372,0.0775072639039064,0.110688059525579,0.120152913504456,0.135843970831647,0.160374699579283,0.189635293092758,40160,15125,21600,23447,26509,31296,0.189635293092758,43.8,50.3501510202071,2.64625429697325,7318.69565217391,0.000361574578687013,503468,0,1522,0,0,0,0,0,0,0,0,504990
"179","MI-519","Holland/Ottawa County CoC","Largely Suburban CoC","Sheltered and Unsheltered Count","26","Michigan","MI",320,67,28,73,54,50,38,10,151,167,0,0,2,0,0,0,271,49,4,3,64,0,216,1,7,5,14,100,220,26,2,225,155,70,0,95,268,150,118,0,45,129,67,289162,2765824533,1459508866,0,0,0.750935815,0.788011479,0.167584261,298614,0.00473186119873817,0.027456850650003,0.0156489648844327,0.0625221858318766,0.000103812949158445,0.0349179877701648,0.854618336715626,0.496145525661891,0.503854474338109,0.101056882798529,0.898943117201471,1413,8199,4673,18670,31,10427,255201,148156,150458,30177,268437,0.07942432,0.000198122811540358,72418,11282,0.465951339,0.000305968,0.053931324,0.008204581,0.010357492,0.382304729,0.004248692,0,0.00163922,0.002064587,0,0.00163922,0.003703807,0.000466866,0.00177755,0.001027106,0.004282663,0.000287036,0,0,0,1.44622582324893e-09,0.027444823,0,0.29337509034,0.233281091978273,0.130171391830256,0.121698915657002,0.122502628811777,0.110436885075716,0.119619307869022,0.162289778777954,69661,38871,36341,36581,32978,35720,0.162289778777954,36.3,425.325584356534,33.7811953161204,30525.74375,0.00110664610149328,2965978,658775,0,0,0,0,0,0,0,0,6143485,9768238
"180","MI-523","Eaton County CoC","Largely Suburban CoC","Sheltered and Unsheltered Count","26","Michigan","MI",55,25,4,9,8,7,0,2,26,27,0,1,0,0,1,0,50,5,0,0,24,0,28,0,2,0,2,45,10,1,1,50,30,20,0,5,59,37,22,0,4,42,48,109730,10942073,1489783241,0,0,0.921418267,0.620151134,0.175904493,109000,0.00305504587155963,0.0220642201834862,0.0700091743119266,0.0631651376146789,0.000137614678899083,0.0161376146788991,0.82543119266055,0.494834862385321,0.505165137614679,0.0616330275229358,0.938366972477064,333,2405,7631,6885,15,1759,89972,53937,55063,6718,102282,0.08599092,7.36550103264318e-05,67440,9762,0.373953488,0.000999178,0.054777845,0.008479023,0.014670388,0.434220359,0.001084464,0.000337191,0.003645311,0.00436526,0.000492117,0.004137428,0.008839879,0.000400984,0.00105714,0.001130046,0,0.000419211,0,0,0,0,0.060366354,0,0.3144082717,0.206642201834862,0.080348623853211,0.129733944954128,0.125788990825688,0.119733944954128,0.141862385321101,0.195889908256881,22524,8758,14141,13711,13051,15463,0.195889908256881,41.2,797.615680677864,68.5877061879158,136838.709090909,0.000501230292536225,2178818,0,189167,272453,0,357129,0,0,103851,94309,4602855,7526129
"181","MN-500","Minneapolis/Hennepin County CoC","Major City CoC","Sheltered and Unsheltered Count","27","Minnesota","MN",3866,1296,378,920,590,331,260,91,1772,2063,10,13,7,1,0,0,2489,1377,435,48,1394,3,1139,54,205,113,643,2187,1679,205,119,3370,2953,417,0,496,3492,2963,529,0,5609,2436,1074,1255296,136605077,1434868069,0,0,0.342061627,0.976119042,0.321239771,1268903,0.00599494208777188,0.0712883490700235,0.133114193913956,0.0768939784995386,0.000239577020465709,0.0367112379748491,0.675757721433396,0.49748247107935,0.50251752892065,0.0770846944171461,0.922915305582854,7607,90458,168909,97571,304,46583,857471,631257,637646,97813,1171090,0.101508314,0.000874851163755321,81169,66982,0.445872318,0.001377721,0.046976854,0.00390562,0.008091272,0.429558447,0.00432766,0.00044133,0.007881806,0.00710908,0.004418081,0.012299887,0.019850297,0.001639454,0.002571505,0.002187532,0.010395846,0.000141799,2.38987e-06,1.59325e-06,7.96625e-07,2.9281493717836e-08,0.056133374,2.21678536383961e-08,0.711235650048,0.217799942154759,0.0838243742823526,0.161319659579968,0.145128508640928,0.117399044686631,0.123364827729149,0.151163642926213,276367,106365,204699,184154,148968,156538,0.151163642926213,37.4,3526.70654953695,357.990035816254,116239.901707191,0.0030797517079637,27448975,29703358,6740543,3.51e+08,9412146,3077557,2406505,7169004,48225162,41200210,2.74e+08,449383460
"182","MN-501","Saint Paul/Ramsey County CoC","Other Largely Urban CoC","Sheltered and Unsheltered Count","27","Minnesota","MN",1640,348,200,283,303,237,195,74,646,967,9,14,3,0,0,1,1491,149,75,95,791,4,445,11,169,65,573,569,1071,177,22,1230,748,482,0,410,1539,955,584,0,2504,1747,276,546598,46008727,394323905,0,0,0.012697806,0.999799041,0.391545523,544438,0.00562965847350846,0.149835242947774,0.121635521400049,0.0809274885294561,0.000266329683086045,0.034362039387405,0.607343719578722,0.490939280505769,0.509060719494231,0.0824483228576991,0.917551677142301,3065,81576,66223,44060,145,18708,330661,267286,277152,44888,499550,0.134144351,0.00138616501071625,67238,50633,0.484530741,0.003165038,0.048251407,0.004156641,0.008625369,0.404487393,0.002132857,0.000826933,0.010440946,0.014912239,0.000786684,0.01122763,0.026966802,0.001136118,0.003093681,0.002852188,0.016374651,0.000236005,0,0,0,2.17350295521108e-07,0.032391264,2.80454449628155e-08,0.60738516358,0.232248667433206,0.0937994776264699,0.160448021629644,0.1346875126277,0.107597191966762,0.117444043215205,0.153775085501012,126445,51068,87354,73329,58580,63941,0.153775085501012,35.9,2420.1151725076,324.644779161285,108201.333536585,0.00300037687660767,18105858,15820910,5281018,99003522,3880273,1201895,1173624,1307800,1989333,3689476,1.25e+08,177450187
"183","MN-502","Rochester/Southeast Minnesota CoC","Largely Rural CoC","Sheltered and Unsheltered Count","27","Minnesota","MN",608,176,37,100,130,74,65,26,275,330,0,2,1,0,0,0,532,76,21,11,150,3,350,0,36,24,106,270,338,28,5,487,340,147,0,121,533,341,192,0,1128,254,152,742188,630295353,30780023314,0,0,19.687223774,8.175198946,0.14036201059683,756523,0.00340505179617804,0.0268147828949021,0.0354781017893706,0.0504545136102934,0.000586895573564849,0.0238512246157751,0.859409429719916,0.501155946349285,0.498844053650715,0.0672537384851485,0.932746261514852,2576,20286,26840,38170,444,18044,650163,379136,377387,50879,705644,0.0989439117741718,2.41126523014173e-05,67488.0227004479,8171.77417851003,0.442762650120956,0.000506234526479233,0.0767827621889938,0.013432440219214,0.0203579208093057,0.433588255213106,0.0030617949187726,0.000432505064910777,0.00401515519351566,0.00621405894870033,0.0030127138397239,0.00702786903323956,0.0136744330468507,0.00141743071624305,0.00313128205910093,0.00251957718018615,0.020920935,6.33262602399931e-05,0,0,1.34736711329205e-06,7.93278972659664e-09,0.0277908024159916,0,4.07642438413,0.22607508297831,0.103806493655844,0.119696294759049,0.126097950756289,0.110053494738428,0.131115643542893,0.183155039569187,171031,78532,90553,95396,83258,99192,0.183155039569187,39.0818735953694,977.615982158702,96.7291494877309,118077.654605263,0.000819199448118267,4091820,2228166,1569350,45314724,0,475340,0,0,9750687,12125939,41549912,71791214
"184","MN-503","Dakota, Anoka, Washington, Scott, Carver Counties CoC","Largely Suburban CoC","Sheltered and Unsheltered Count","27","Minnesota","MN",758,196,87,135,136,101,63,40,391,356,8,2,0,0,1,0,670,88,12,22,236,6,369,1,71,17,202,327,431,72,9,516,391,125,0,242,687,512,175,0,982,476,238,1714151,377260396,6842189685,0,0,4.522762339,5.18016308,0.205275964677671,1785380,0.00399970874547715,0.0552929908478867,0.0663528212481377,0.0656263652555758,0.000221241416393149,0.0310191667880227,0.777487705698507,0.498526924240218,0.501473075759782,0.0693437811558324,0.930656218844168,7141,98719,118465,117168,395,55381,1388111,890060,895320,123805,1661575,0.0538891035723726,0.000250526670395868,91211.2282179341,19045.8380889432,0.460700678563928,0.000954908680747994,0.0310959357832694,0.00320799205362655,0.00705113163061306,0.385286943430168,0.0039141920373561,0.000249102807972577,0.00481754527867848,0.00252486495314007,0.000619548805196275,0.00543709408387476,0.0082110618449874,0.000996411716426383,0.00175480455724729,0.00149345063893029,0.041395099,0.000272438144647233,0,0,0,3.71096393569496e-08,0.0364670325162486,5.01798500782137e-09,3.43464712653,0.243848368414567,0.0775425959739663,0.123595537084542,0.1416409951943,0.128569828271852,0.134354591179469,0.150448083881303,435362,138443,220665,252883,229546,239874,0.150448083881303,38.6450060700603,1022.62572636429,55.1083836838178,124622.811345646,0.000442201416327966,8420694,12668013,2522710,125364479,10648654,1425772,661474,0,5650089,8591229,43875456,94464091
"185","MN-503","Dakota, Anoka, Washington, Scott, Carver Counties CoC","Largely Suburban CoC","Sheltered and Unsheltered Count","31","Nebraska","MN",758,196,87,135,136,101,63,40,391,356,8,2,0,0,1,0,670,88,12,22,236,6,369,1,71,17,202,327,431,72,9,516,391,125,0,242,687,512,175,0,982,476,238,40248,16287638,1368944202,1,0,1.938137028,1.587897322,0.534237726,42662,0.0285499976559936,0.0281280765083681,0.0812432609816699,0.181004172331349,0,0.203787914303127,0.477286578219493,0.499695279171159,0.500304720828841,0.411607519572453,0.588392480427547,1218,1200,3466,7722,0,8694,20362,21318,21344,17560,25102,0.140983607,2.94007600464639e-05,61227,11264,0.369244136,0,0.065717554,0.006609889,0.041057582,0.390926257,0.001764914,0.001242298,0.010981912,0.007056251,0.000993838,0.01197575,0.020274299,0.00129199,0.003180282,0.00233552,0.02436503,0.000645995,0,0,0,0,0.099185053,0,0.5305571856,0.293469598237307,0.089962964699264,0.150485209319769,0.123013454596597,0.0962449017861329,0.117106558529839,0.129717312831091,12520,3838,6420,5248,4106,4996,0.129717312831091,32.1,1134.28311551919,159.915324985092,8491.12401055409,0.018833233949513,1708446,0,283400,5554666,0,0,0,0,163388,159036,4122002,6436272
"186","MN-504","Northeast Minnesota CoC","Largely Rural CoC","Sheltered and Unsheltered Count","27","Minnesota","MN",113,24,25,16,18,12,12,6,50,62,1,0,0,0,0,0,111,2,24,0,2,0,81,0,6,3,33,34,79,28,0,62,30,32,0,51,75,32,43,0,129,23,57,125043,8464384258,31122326464,0.166666666666667,0,5.98275358,1.139913785,0.0948153836728725,126022,0.0262255796606942,0.00411832854580946,0.010450556252083,0.0540223135642983,0.000261859040484995,0.00587992572725397,0.899041437209376,0.513807113043754,0.486192886956246,0.0162670009998254,0.983732999000175,3305,519,1317,6808,33,741,113299,64751,61271,2050,123972,0.114060141268604,4.0177908982685e-06,58510.3408027639,1663.71890469678,0.485837212768064,0.000624257362667097,0.341483450206434,0.0721735875885895,0.0613055377448398,0.662012267715546,0.0037474060031909,0.000183936711083387,0.00357477034600897,0.00672568630997337,0.00438249239342466,0.00795726273943363,0.0148668857604904,0.00176739203132522,0.00323888582248507,0.0041745639401086,0.011184555,0.000343881728425422,0,0,7.99724982206121e-06,2.36284144828341e-10,0.0143070784400646,0,0.74717512777,0.19666407452667,0.0643379727349193,0.0983637777530907,0.116765326688991,0.116241608608021,0.158456459983178,0.249170779705131,24784,8108,12396,14715,14649,19969,0.249170779705131,47.4472781363211,682.856308202015,77.886686979679,86187.4778761062,0.000903689130938957,698799,0,203688,4955840,0,0,0,0,2263534,2365101,4208063,9739185
"187","MN-505","St. Cloud/Central Minnesota CoC","Largely Rural CoC","Sheltered and Unsheltered Count","27","Minnesota","MN",881,207,88,176,169,120,95,26,404,467,3,7,0,0,0,0,751,130,52,17,128,3,544,9,47,38,152,309,572,82,8,542,381,161,0,339,721,468,253,0,588,269,234,751895,2394713268,29244024071,0.153846153846154,0,12.718684281,3.796284399,0.102471754808957,774550,0.00888386805241753,0.0130953456845911,0.031193596281712,0.0475024207604415,0.000272416241688722,0.013875153314828,0.885177199664321,0.509404170163321,0.490595829836679,0.0329546188109225,0.967045381189078,6881,10143,24161,36793,211,10747,685614,394559,379991,25525,749025,0.0875532729849088,2.57110648717329e-05,71767.4390493353,5335.65850683939,0.42057529712662,0.00122730790517745,0.169217052451289,0.0194185290088696,0.0174381424309751,0.457945590818854,0.00384889775762041,0.000631737237502577,0.0024724196050007,0.00397395917132711,0.00167576595469713,0.00414818555969783,0.00875388196852752,0.00110387761878853,0.00178748354014191,0.00222105482073827,0.011561849,9.17681358951715e-05,0,0,2.65994474294948e-06,0,0.0238929637462225,6.92654213928341e-10,2.45471865375,0.240546123555613,0.0866980827577303,0.117221612549222,0.130122006326254,0.120258214447098,0.136716803305145,0.168437157058937,186315,67152,90794,100786,93146,105894,0.168437157058937,39.3549365270417,715.959766218794,62.6846208579655,53498.5845629966,0.00117170615577973,3251827,1327059,2327751,29785907,0,830211,0,0,5877778,5707641,27809986,47132253
"188","MN-506","Northwest Minnesota CoC","Largely Rural CoC","Sheltered and Unsheltered Count","27","Minnesota","MN",260,91,40,44,33,33,12,7,136,121,1,1,0,1,0,0,235,25,96,0,22,0,108,0,30,5,35,136,124,44,5,225,141,84,0,35,291,160,131,0,460,91,122,171047,3221327930,38134770408,0.25,0,11.980896123,1.491374577,0.167410126861027,169411,0.0757743003701058,0.00822260656037684,0.0113628985130836,0.0632780634079251,0.000271529003429529,0.0107431040487336,0.830347498096346,0.50914639545248,0.490853604547521,0.0354935629917774,0.964506437008223,12837,1393,1925,10720,46,1820,140670,86255,83156,6013,163398,0.130360587690717,4.48532921976416e-06,55939.1007091618,1960.48151677609,0.448258393415459,0.00125426172851153,0.240347351133836,0.0417317708107421,0.0374254889471315,0.526481025636024,0.00234689250345227,0.000309856506831456,0.00661806392397996,0.00577034385495215,0.00358381017358971,0.0102018740975697,0.0162820744593533,0.00182406000851228,0.00412752069008518,0.00375335418850374,0.015784559,6.4309806454951e-05,0,0,1.16926828894982e-05,0,0.0418656859188995,0,1.56872640648,0.239175732390459,0.0869660175549404,0.109024797681378,0.117064417304661,0.107053261004303,0.140646120972074,0.200069653092184,40519,14733,18470,19832,18136,23827,0.200069653092184,40.5958058311458,604.196135360959,78.7633632861143,51816.2961538462,0.00152005004472455,2673078,0,358268,19035456,0,208937,0,0,2701350,2741949,4788655,13472237
"189","MN-508","Moorhead/West Central Minnesota CoC","Largely Rural CoC","Sheltered and Unsheltered Count","27","Minnesota","MN",184,61,31,15,28,24,18,7,86,98,0,0,0,0,0,0,169,15,23,0,40,0,110,1,9,4,26,97,87,21,8,174,99,75,0,10,199,125,74,0,332,379,68,244558,1487782518,22315322182,0.1,0,9.916105875,3.433460031,0.0968481914077561,251507,0.012118946987559,0.00891824084419122,0.0185481915016282,0.047402259181653,0.00137173120430048,0.012834632833281,0.898805997447387,0.504240438635903,0.495759561364097,0.0362812963456286,0.963718703654371,3048,2243,4665,11922,345,3228,226056,126820,124687,9125,242382,0.104987275088752,1.09591964662408e-05,61729.6817401189,4538.28385904366,0.4729444648969,0.00195677024404704,0.224078120861881,0.0222872853257837,0.0195338281330237,0.535145037402939,0.00412491434101931,0.000310764697045282,0.00583501628538833,0.00558967588385577,0.0036637525489986,0.00949876883438694,0.015399209415288,0.00150884452901561,0.00348383607101383,0.00298906607143091,0,0.000114492167900457,0,0,0,0,0.0279647362353225,0,1.55592572313,0.231023390999058,0.0906495644256422,0.110378637572712,0.119738218021765,0.105909577069425,0.135320289296123,0.206980322615275,58104,22799,27761,30115,26637,34034,0.206980322615275,41.1353642080815,1012.83524219387,106.334812191791,141331.679347826,0.000752377759059201,1608364,598132,764391,22466511,0,198864,0,0,4808635,4364870,13661773,26005029
"190","MN-509","Duluth/St. Louis County CoC","Largely Rural CoC","Sheltered and Unsheltered Count","27","Minnesota","MN",736,139,80,209,128,86,67,27,301,424,3,1,1,0,6,0,698,38,147,3,91,0,379,4,108,28,281,178,558,95,9,360,211,149,0,376,426,257,169,0,843,486,65,199499,1586178745,16182544691,0,0,0.989527859,0.607123772,0.096717277,200056,0.0166203463030352,0.0104670692206182,0.015990522653657,0.0448974287199584,0.000114967809013476,0.0065781581157276,0.90533150717799,0.503484024473148,0.496515975526853,0.0188297276762507,0.981170272323749,3325,2094,3199,8982,23,1316,181117,100725,99331,3767,196289,0.137672567,1.2328036400292e-05,57480,8352,0.506714764,0.001507613,0.178849633,0.0550519,0.047643082,0.526368553,0.002204564,0,0.009503807,0.01266673,0.008320844,0.017824651,0.030491381,0.001759407,0.004225585,0.004350899,0.000894663,0.000511281,0,0,1.00251e-05,6.30446417588328e-09,0.04707793,0,0.120658591192,0.187557483904507,0.122005838365258,0.114622905586436,0.118326868476826,0.109304394769465,0.139870836165874,0.208311672731635,37522,24408,22931,23672,21867,27982,0.208311672731635,41.3,2436.42019617356,335.428222697858,90920.6453804348,0.00368924155008296,6921637,8663887,0,31170543,2438359,1446638,754526,0,11624135,11043682,24024731,66917595
"191","MN-511","Southwest Minnesota CoC","Largely Rural CoC","Sheltered and Unsheltered Count","27","Minnesota","MN",155,50,47,16,19,10,11,2,87,66,1,0,1,0,0,0,98,57,16,6,4,0,113,0,9,2,4,81,74,30,14,151,58,93,0,4,215,111,104,0,64,220,156,275162,655624833,31251459998,0.111111111111111,0,17.913968102,3.781918752,0.146331978858244,279130,0.00970515530398022,0.0169956651022821,0.0197542363773152,0.0505499229749579,0.00190233941174363,0.0429011571669115,0.858191523662809,0.504345645398202,0.495654354601798,0.0969584064772687,0.903041593522731,2709,4744,5514,14110,531,11975,239547,140778,138352,27064,252066,0.097211679322759,8.80477264158569e-06,59733.3625355245,2660.49865897181,0.375931617376469,0.000899813871664418,0.132393115924392,0.0152848669344132,0.0198132520189888,0.474916594477406,0.00168654767640154,0.000272566651877803,0.00313633420981822,0.00612729966610942,0.00502976423894288,0.00816609844876109,0.0145659647667483,0.00188252723082766,0.00382683662383614,0.00373234675968702,0,5.45133024523735e-05,0,0,0,0,0.0350193705078427,0,3.05073843333,0.242632465159603,0.0767312721670906,0.109751728585247,0.117540214237094,0.109293160892774,0.136735571239208,0.207315587718984,67726,21418,30635,32809,30507,38167,0.207315587718984,41.1155144969145,1187.77260403107,115.465369491427,204978.593548387,0.000563304526061011,2502492,0,242944,12695462,0,525882,0,0,6616988,6008231,15875145,31771682
"192","MO-500","St. Louis County CoC","Largely Suburban CoC","Sheltered and Unsheltered Count","29","Missouri","MO",452,106,112,73,65,45,39,12,230,219,1,1,1,0,0,0,440,12,3,1,321,0,107,3,12,23,95,161,291,101,16,360,199,161,0,92,379,219,160,0,375,474,81,996179,39811029,1315699985,0,0,0.257128942,0.986453878,0.351900612,996618,0.0010706208396798,0.046942760415726,0.241504769129195,0.0642803963002876,0.000210712630115049,0.0163191915056722,0.629671549179324,0.478431053824033,0.521568946175967,0.0373352678759565,0.962664732124043,1067,46784,240688,64063,210,16264,627542,476813,519805,37209,959409,0.092998416,0.000757147534663839,68661,31720,0.455518738,0.000466243,0.072317722,0.012882903,0.02058683,0.443286799,0.001177642,0.000954648,0.007486606,0.003632881,0.000728785,0.008215391,0.01280292,0.00086631,0.002316853,0.002411213,0.010093037,0.00047381,4.01534e-06,1.00384e-06,1.00384e-06,1.00474604307766e-07,0.058035755,1.76157188267354e-08,0.87276238369,0.221219163209976,0.0839579457726029,0.127266415015583,0.126830942246678,0.118201758346729,0.135742079713591,0.18678169569484,220471,83674,126836,126402,117802,135283,0.18678169569484,40.2,949.851855082294,88.3347179573149,194684.050884956,0.000453733716530864,3695326,11844561,9783251,1.19e+08,8216580,610570,978539,0,4033686,4429376,44405302,87997191
"193","MO-501","St. Louis City CoC","Other Largely Urban CoC","Sheltered and Unsheltered Count","29","Missouri","MO",1235,193,94,217,236,213,203,79,432,787,8,4,3,0,1,0,1200,35,6,3,863,4,304,0,39,122,273,302,933,74,12,1081,715,366,0,154,1106,714,392,0,495,1699,425,304709,11534970,159853177,1,1,0,1,0.560666078,293109,0.00242230705983098,0.0341715880440382,0.431092187547977,0.0587597105513648,0.000330934908174092,0.0161066360978339,0.457116635790781,0.485109634982208,0.514890365017792,0.0511925597644562,0.948807440235544,710,10016,126357,17223,97,4721,133985,142190,150919,15005,278104,0.204324678,0.00190618044457133,45782,54058,0.473464354,0.000863714,0.188686389,0.068881919,0.092159023,0.580734406,0.001733766,0.002953638,0.014764907,0.014945407,0.009208786,0.023973693,0.041872738,0.000203473,0.003271974,0.006022139,0.021425073,0.000846709,1.64091e-05,9.84546e-06,0,1.64716577601849e-06,0.047015349,1.10639097217943e-07,2.59078522541,0.185627189884992,0.0879536281724546,0.197987779290298,0.142196247812247,0.111149777045399,0.126260196718627,0.148825181075982,54409,25780,58032,41679,32579,37008,0.148825181075982,36.6,3029.37837706848,618.97676143468,152718.858299595,0.00405304733368558,19598855,36180390,6751085,1.06e+08,6279385,2824539,3168818,5089546,31231818,19406657,58076697,188607790
"194","MO-503","St. Charles, Lincoln, Warren Counties CoC","Largely Suburban CoC","Sheltered and Unsheltered Count","29","Missouri","MO",578,196,48,86,96,80,55,17,314,259,1,2,2,0,0,0,541,37,11,1,149,0,363,1,36,18,49,312,266,35,8,421,400,21,0,157,109,86,23,0,120,261,8,491152,142441416,4184524271,0.333333333333333,0,2.706784749,1.487711631,0.123599211588237,507933,0.00124622735675768,0.0239815093722991,0.0445885579397283,0.0555073208474346,0.000502034717177266,0.0109325442528837,0.863241805513719,0.496067394715445,0.503932605284555,0.0388122055467946,0.961187794453205,633,12181,22648,28194,255,5553,438469,251969,255964,19714,488219,0.0609224609427876,0.000117373437980472,83988.1529098935,14105.6572588527,0.402641639332097,0.00107893748968522,0.0598024965535306,0.0080417889509439,0.0115606652292406,0.395034530891146,0.00520872652687559,0.000502899057868033,0.00389492487380281,0.00110556443877252,0.000142522019073525,0.00403744689287634,0.00564591038951689,0.00060062914097876,0.0017570931729485,0.00127659018107225,0.028421149,2.44323759504186e-05,0,0,0,7.02043952216819e-09,0.0306442812264513,0,0.559200058316,0.231672287486735,0.079703425451782,0.125679961727236,0.138945490842296,0.12421913913843,0.136913726810426,0.162865968543095,117674,40484,63837,70575,63095,69543,0.162865968543095,39.4394977522234,535.846399744079,32.645081359742,27739.9602076125,0.00117682509691501,950193,2786589,919704,13846771,0,128568,0,0,423533,312542,10512568,16033697
"195","MO-600","Springfield/Greene, Christian, Webster Counties CoC","Other Largely Urban CoC","Sheltered and Unsheltered Count","29","Missouri","MO",621,123,30,98,122,121,110,17,279,336,1,2,3,0,0,0,585,36,18,1,65,0,467,1,56,39,212,175,446,26,7,448,418,30,0,173,354,336,18,0,171,197,170,418025,12766210,4741031793,0.333333333333333,0,2.760573359,1.628929729,0.112684647720959,432218,0.00296146851820146,0.0152561901632972,0.0230554951436544,0.0575589170279813,0.00160104391765267,0.0155500233678375,0.884016861861376,0.49090505254293,0.50909494745707,0.0441814084559181,0.955818591544082,1280,6594,9965,24878,692,6721,382088,212178,220040,19096,413122,0.142276500420917,8.81717352364526e-05,51506.7463883739,14923.45406136,0.457817586671823,0.00404710784497313,0.056209320538637,0.0137836223674876,0.0209726109623731,0.440313378020362,0.00438713017680043,0,0.00311464604969798,0.00205250913799414,0.00121523844227498,0.00432988449197297,0.00638239362996711,0.000641110165669517,0.00365767626296992,0.00195203644566952,0,0.000495185760688954,0,0,2.39220066943365e-06,0,0.0539752403880677,0,0.58585564873,0.224618132516462,0.112954573849308,0.136100301236876,0.126831830233817,0.113590826851265,0.11962713260438,0.166277202707893,97084,48821,58825,54819,49096,51705,0.166277202707893,37.052599964117,277.419063494017,39.470213503977,26569.3011272142,0.00148555708390646,1997487,3193765,0,19272829,2467439,349267,0,0,2371844,2952947,3166787,16499536
"196","MO-602","Joplin/Jasper, Newton Counties CoC","Largely Rural CoC","Sheltered and Unsheltered Count","29","Missouri","MO",292,34,13,39,73,53,66,14,105,186,0,1,0,0,0,0,284,8,11,1,19,0,244,3,13,42,43,55,237,13,1,163,98,65,0,129,277,196,81,0,0,249,48,178816,11878888,3271829836,0.5,0,1.875787697,1.133051912,0.162496644581872,183022,0.0104741506485559,0.0145392357202959,0.015069226650348,0.0897269180754226,0.00651287823321786,0.0209483012971118,0.842729289375048,0.493306815574084,0.506693184425916,0.0852793653222017,0.914720634677798,1917,2661,2758,16422,1192,3834,154238,90286,92736,15608,167414,0.164065721414549,5.46532090491029e-05,50104.2140300644,6350.89692197566,0.443468131355226,0.00038020508277538,0.104331814194224,0.032737587545723,0.0369675847791697,0.428222306466893,0.00291846433321403,0.000363502299749463,0.00470875118146027,0.00425577114253758,0.00257247714164281,0.00728122832310308,0.0119005017653901,0.000855628432086614,0.00168888702791696,0.00176717987079456,0,0.000167770204098067,0,0,5.59234255458125e-06,0,0.0533173763257874,0,0.48764258112,0.245167247653288,0.0911693676170078,0.128793259826687,0.125241774212936,0.117739943831889,0.124307460305318,0.167580946552873,44871,16686,23572,22922,21549,22751,0.167580946552873,37.7734788833214,386.814915599977,63.4630681818182,38863.7397260274,0.00163296349319971,982436,1107728,0,9053386,1167379,569130,0,0,2144445,1964392,3412702,11348212
"197","MO-603","St. Joseph/Andrew, Buchanan, DeKalb Counties CoC","Other Largely Urban CoC","Sheltered and Unsheltered Count","29","Missouri","MO",268,54,9,44,79,52,24,6,109,154,3,1,0,1,0,0,253,15,4,0,28,0,210,2,18,8,85,79,189,10,0,187,128,43,16,81,178,74,86,18,82,205,107,117330,39180933,3269184162,0.333333333333333,0,2.887304222,1.559208024,0.153404926113577,113117,0.00359804450259466,0.010794133507784,0.0505405907158075,0.0596992494496848,0.00529540210578428,0.0231530185560084,0.846919561162336,0.513044016372429,0.486955983627571,0.0584439120556592,0.941556087944341,407,1221,5717,6753,599,2619,95801,58034,55083,6611,106506,0.138633551673741,3.58896881258046e-05,53634.6944685929,8056.9030086082,0.411709720995875,0.00079925444215068,0.124166056465506,0.0359320263240433,0.0550316040315861,0.430520753482571,0.00117394657262422,0.00046876323013722,0.00707406484766045,0.00736384547087701,0.00215631139111907,0.00923037623877951,0.0170629849397937,0.000809682430529276,0.00209665053998125,0.00156822652230461,0.011452274,0.000349441860564221,0,0,0,0,0.031040654613006,0,0.62719506304,0.220612286393734,0.0883244781951431,0.127045448517906,0.129220187946993,0.11926589283662,0.13740640222071,0.178125303888894,24955,9991,14371,14617,13491,15543,0.178125303888894,39.7227870109946,979.609604422045,135.806758714736,59455.9962686567,0.00228415579988068,2764975,3108913,399606,11598802,842609,272955,0,0,1358354,742501,6444294,15934207
"198","MO-604","Kansas City (MO&KS), Independence, Lees Summit/Jackson,
Wyandotte Counties CoC","Major City CoC","Sheltered and Unsheltered Count","20","Kansas","MO",2181,367,175,360,494,385,300,100,778,1338,14,14,30,1,0,6,1957,224,33,12,885,4,984,9,93,154,383,508,1673,161,31,1305,611,681,13,876,NA,NA,NA,NA,NA,NA,NA,330894,23603194,785478762,1,0,0.860449214,1.89422435,0.59902567,334554,0.0136898677044662,0.0522008405220084,0.192572798412214,0.127483156680237,0.00174560758502364,0.147408191203812,0.464899537892239,0.50324312368108,0.49675687631892,0.333369201982341,0.666630798017659,4580,17464,64426,42650,584,49316,155534,168362,166192,111530,223024,0.184810513,0.000421264095234697,48093,24163,0.493037671,0.002201987,0.114875658,0.051993728,0.051773912,0.412452326,0.001750184,0.000241769,0.006993176,0.008171801,0.012608267,0.019601443,0.028015013,0.001106094,0.003844131,0.001039608,0.058586132,0.000610467,0,0,0,0,0.104988304,0,1.60181483778,0.276116860058466,0.0899047687368855,0.143976757115443,0.132074343753176,0.114092194384165,0.113410690053026,0.130424385898838,92376,30078,48168,44186,38170,37942,0.130424385898838,34.2,2136.09861214469,394.773480329048,59893.707473636,0.0065912346552068,21210726,8924112,940732,49054498,3842856,1055322,775872,0,41336510,27560282,24981764,130628176
"199","MO-604","Kansas City (MO&KS), Independence, Lees Summit/Jackson,
Wyandotte Counties CoC","Major City CoC","Sheltered and Unsheltered Count","29","Missouri","MO",2181,367,175,360,494,385,300,100,778,1338,14,14,30,1,0,6,1957,224,33,12,885,4,984,9,93,154,383,508,1673,161,31,1305,611,681,13,876,NA,NA,NA,NA,NA,NA,NA,700733,30621016,1565698756,0,0,0.558837175,0.957310612,0.382171241,717021,0.00379486793273837,0.0179255558763272,0.225134270823309,0.0816001204985628,0.00286602484446062,0.0412874936717335,0.627391666352868,0.485736122094053,0.514263877905947,0.110712238553683,0.889287761446317,2721,12853,161426,58509,2055,29604,449853,348283,368738,79383,637638,0.136192923,0.000447552888009065,56960,28143,0.469507534,0.001269157,0.105068471,0.022780645,0.031851768,0.464883201,0.004550738,0.00077633,0.012325665,0.008876419,0.003045382,0.015371047,0.025023796,0.000941871,0.00323233,0.002570166,0.005662397,0.000525164,0,0,0,0,0.034522422,2.31270717114244e-09,0.6392086426,0.234849467449349,0.0835651954405798,0.153335815826873,0.132531683172459,0.1152169880659,0.125148356882155,0.155352493162683,168392,59918,109945,95028,82613,89734,0.155352493162683,36.9,1956.14121145296,266.41258938854,85595.6409903714,0.00311245510058753,18316123,18266226,4752730,1.64e+08,6360708,2028886,1346530,6385220,21369532,13368952,94489186,186684093
"200","MO-606","Missouri Balance of State CoC","Largely Rural CoC","Sheltered and Unsheltered Count","29","Missouri","MO",1911,367,147,349,426,301,251,70,914,956,3,4,9,0,25,0,1822,89,50,8,332,2,1383,10,86,140,616,580,1331,98,35,1036,829,199,8,875,1526,1224,294,8,404,1113,474,2917216,2199291740,159544431259,0.603960396039604,0.108910891089109,99.414426538,23.017134809,0.121058570908683,2925143,0.00276738607309113,0.0121484659040601,0.0400175307668719,0.0590935212398163,0.0015660772823756,0.0127675809353594,0.871639437798426,0.499441223899139,0.500558776100861,0.0407836471584466,0.959216352841553,8095,35536,117057,172857,4581,37347,2549670,1460937,1464206,119298,2805845,0.141594581615327,1.82846620028014e-05,54911.4466888979,5303.77855496473,0.41861263248586,0.00125266033403171,0.168752356677423,0.0387105764336378,0.0421926507933358,0.464548048499865,NA,9.90670129164244e-05,0.00383276386089957,0.00260248127542253,0.0031612332140246,0.00699399707492417,0.00969554536326312,0.000976273199127867,0.00231933468490026,0.0019240948178767,0.184012596,0.00013266074268628,0,0,1.37117082360717e-06,1.40954459428243e-08,0.0256251165158024,0,14.230501946132,0.225190700078594,0.0953197843660977,0.122258296432003,0.122164625797782,0.11749340117731,0.135512691174414,0.182060500973799,658715,278824,357623,357349,343685,396394,0.182060500973799,39.8505184737777,485.450910986058,68.7372186358501,104930.043956044,0.000655076620997554,11930144,4854492,3254512,152651517,1234464,3132784,0,2239532,51107583,52317159,70450644,200521314
"201","MS-500","Jackson/Rankin, Madison Counties CoC","Largely Suburban CoC","Sheltered and Unsheltered Count","28","Mississippi","MS",273,9,26,38,51,68,54,27,82,184,2,0,0,5,0,0,262,11,4,0,157,1,91,0,13,8,5,15,258,10,2,160,93,67,0,113,224,146,78,0,0,382,58,569574,253578270,9649047871,0.4,0.2,4.626380061,2.989945214,0.539777096523044,562632,0.00198353453056349,0.0124912909326167,0.483424334200685,0.0269501201495827,0.000428343926403049,0.0122335736324987,0.46248880262765,0.476170925222881,0.523829074777119,0.0279952082355785,0.972004791764421,1116,7028,271990,15163,241,6883,260211,267909,294723,15751,546881,0.155744537146864,5.90290366070047e-05,56511.6796588327,9612.71365090401,0.480211337490898,0.000852822751587314,0.124877444539692,0.0413320807081802,0.0421303657297331,0.427981263286551,0.00269786271868449,0.000482817109882122,0.00938420635169618,0.00724401043208257,0.000537243709451274,0.00992145006114745,0.0176482776031121,0.000816399645547374,0.00129043823600445,0.00136593323135888,0.019576412,0.000210683905830498,0,0,1.75569739895079e-06,2.3661374848878e-08,NA,0,1.26584901321,0.234894211491703,0.0929595188329139,0.131307853090475,0.131661547867878,0.121845184774417,0.126841345675326,0.160490338267287,132159,52302,73878,74077,68554,71365,0.160490338267287,38.1677415050547,1084.09047345796,168.841169014035,352262.051282051,0.000479305586280273,4023850,3224999,1812352,99930166,1902918,745678,306270,8225666,1990658,1718093,72217056,96167540
"202","MS-501","Mississippi Balance of State CoC","Largely Rural CoC","Sheltered and Unsheltered Count","28","Mississippi","MS",469,54,25,69,132,92,79,18,189,278,1,0,1,0,0,0,463,6,1,1,238,0,225,0,3,25,74,77,392,21,4,250,210,40,0,219,429,376,53,0,0,200,516,1917989,1521427931,102804577023,0.873239436619718,0.591549295774648,70.036001624,13.031217997,0.441207952800435,1888703,0.00559113846909758,0.00689044280651855,0.382889739678499,0.0313008450772832,0.000493460327007475,0.0165536879011682,0.556280685740426,0.486023477486932,0.513976522513068,0.0319446731434217,0.968055326856578,10560,13014,723165,59118,932,31265,1050649,917954,970749,60334,1828369,0.217004006013801,1.86566498840893e-05,43901.3626209535,3632.310602407,0.47586614472993,0.00311045406337442,0.174218565232754,0.058134262121056,0.0602500018504705,0.449631358649356,NA,0.000307092447991099,0.006426522644877,0.00682120707985082,0.00402296363022676,0.0104494862751038,0.0175777858029457,0.00112044440277603,0.00253807501142342,0.00248333015162965,0.225195018,0.000232013846266167,0,0,2.60689683872014e-06,9.85917037532026e-09,NA,0,13.11355990877,0.235243444840189,0.102898126386203,0.123530274479365,0.123993025901902,0.119612241840035,0.126009753783416,0.16871313276889,444305,194344,233312,234186,225912,237995,0.16871313276889,38.1535047385569,619.869439334037,134.514151541015,550099.49466951,0.000244526949841735,1842843,1065754,5491303,129014485,680253,2642708,0,0,54293787,46046365,145933650,257996663
"203","MS-503","Gulf Port/Gulf Coast Regional CoC","Largely Rural CoC","Sheltered and Unsheltered Count","28","Mississippi","MS",299,47,17,41,80,39,52,23,138,158,3,0,0,0,0,0,284,15,6,2,100,0,172,2,7,7,5,75,224,13,3,145,75,70,0,154,112,42,70,0,126,30,374,494272,2139345065,9080303327,0.833333333333333,0,5.625856714,2.412590238,0.297856240920983,500103,0.00300938006770605,0.0177483438411687,0.191204611849959,0.0637728627902652,0.000475901964195376,0.0219074870576661,0.70188141242904,0.491214809749192,0.508785190250808,0.0600696256571146,0.939930374342885,1505,8876,95622,31893,238,10956,351013,245658,254445,30041,470062,0.164773097692214,5.44334238846733e-05,50879.3324910171,4330.91107123203,0.487633405900561,0.00117310179959664,0.149226565401344,0.0192800614478829,0.0231748485381531,0.454632267114409,0.00473968864782144,0.000226595626875486,0.0151819238923427,0.00285874995453718,0.000795108570948789,0.0159770324632915,0.0190623780447041,0.00131506515325974,0.00293563062654166,0.00256336589949056,0.039258091,0.000188155450478684,0,0,2.02317763480432e-06,1.30881056504552e-08,NA,0,1.34203506345,0.231694270980178,0.0843006340693817,0.127653703337113,0.125768091773095,0.123112638796408,0.135168155359996,0.172302505683829,115871,42159,63840,62897,61569,67598,0.172302505683829,39.5790637543701,411.641648063087,67.827469490483,112124.47826087,0.00060493007898485,3603740,2918303,1015574,152742296,1103472,363934,0,0,2885554,2230597,19404045,33525219
"204","MT-500","Montana Statewide CoC","Largely Rural CoC","Sheltered and Unsheltered Count","30","Montana","MT",2008,336,154,338,420,335,312,113,809,1172,6,8,9,1,0,3,1829,179,414,11,79,2,1244,16,123,168,451,542,1466,122,19,1432,927,505,0,576,2102,1426,676,0,26,708,315,1061705,3867186457,376973177040,0.428571428571429,0.0535714285714286,55.878736823,10.616707145,0.144035301639938,1105072,0.0571075911795792,0.00832253464027683,0.00544308425152388,0.0597861496807448,0.000438885430089623,0.0121467198517382,0.856755034966047,0.506785983175757,0.493214016824243,0.0439057364588009,0.956094263541199,63108,9197,6015,66068,485,13423,946776,560035,545037,48519,1056553,0.127889524871798,2.81639401597887e-06,57258.5687380204,6270.98810309832,0.439225585662742,0.00101396049132739,0.153232509190465,0.0279681327629115,0.0311995849231302,0.48502738529177,0.00404441571094515,0.000427614103558898,0.00511347320252707,0.00401900706967284,0.00133558745033696,0.00644906065286403,0.0108956818260958,0.00108410530804885,0.00252612546515087,0.00245265870817788,0.005200903,0.000641421095303403,0,0,1.13025748289591e-05,0,NA,0,3.25431753873,0.212603341682714,0.0903063329810184,0.12872826385973,0.127810676589399,0.110067036356002,0.133515282262151,0.196969066268985,234942,99795,142254,141240,121632,147544,0.196969066268985,40.5540531503572,622.847868152321,79.6557179254124,42116.969123506,0.00189129748847373,2943398,3936843,3564567,86858643,2192175,1552150,0,1512514,10760386,9108313,49000528,84570874
"205","NC-500","Winston-Salem/Forsyth County CoC","Other Largely Urban CoC","Sheltered and Unsheltered Count","37","North Carolina","NC",627,120,32,79,156,120,87,33,231,395,0,0,0,1,0,0,600,27,5,2,341,0,255,0,8,47,90,188,439,20,0,393,366,27,0,234,450,416,34,0,90,325,58,378499,11652284,1056284390,0,0,0.431665944,0.924185159,0.439076457,386740,0.00395614624812536,0.0237136060402337,0.254930961369395,0.0772301804830118,0.000729172053576046,0.0575425350364586,0.581897398769199,0.475650307700264,0.524349692299736,0.146230025340022,0.853769974659978,1530,9171,98592,29868,282,22254,225043,183953,202787,56553,330187,0.158251347,0.000358330581785839,53583,17876,0.467694818,0.001961179,0.10718676,0.013689923,0.023140347,0.440595616,0.004768753,0.000615589,0.009144014,0.003822996,0.003801859,0.012945873,0.017384458,0.000956409,0.001944523,0.000980188,0,5.28403e-05,0,0,0,0,0.031339581,0,0.356451054751,0.228096395511196,0.0998526141593836,0.131318198272741,0.121195118167244,0.124104049232042,0.129342710865181,0.166090913792212,88214,38617,50786,46871,47996,50022,0.166090913792212,38.3,991.870667159576,156.964869127792,94754.4593301435,0.00165654334621756,4791859,4093499,1698443,61969975,2963436,887135,363905,1577762,13660071,8339009,21035927,59411046
"206","NC-501","Asheville/Buncombe County CoC","Largely Suburban CoC","Sheltered and Unsheltered Count","37","North Carolina","NC",739,49,38,133,168,130,148,73,220,509,2,4,3,0,1,0,713,26,12,7,138,0,556,0,18,191,230,79,660,31,3,520,270,250,0,219,544,242,302,0,130,586,173,259576,8942802,1700318977,0,0,0.741261625,0.776965842,0.16687213,271790,0.00207881084660951,0.0115677545163545,0.0540932337466426,0.0792854777585636,0.000349534567129033,0.0213400051510357,0.831285183413665,0.483211302844108,0.516788697155892,0.0825747820008094,0.917425217999191,565,3144,14702,21549,95,5800,225935,131332,140458,22443,249347,0.114939301,0.000152663119985868,55032,11240,0.514017632,0.004706352,0.164413055,0.024437524,0.035782382,0.48491386,0.006050445,0.000192622,0.011183623,0.003582766,0,0.011183623,0.014959011,0.001105649,0.002523346,0.001394582,0,0.00012713,0,0,3.85244e-06,0,0.028781551,0,0.3097131044,0.180797674675301,0.075455314765076,0.13675263990581,0.139107399094889,0.127142278965378,0.132598697523824,0.208145995069723,49139,20508,37168,37808,34556,36039,0.208145995069723,42.4,584.796814495093,67.2161370850926,23609.8728010825,0.00284695041144019,4593625,2063713,0,58024193,2729939,264110,0,0,0,0,7796309,17447696
"207","NC-502","Durham City & County CoC","Other Largely Urban CoC","Sheltered and Unsheltered Count","37","North Carolina","NC",405,106,12,68,76,66,56,21,168,236,0,0,1,0,0,0,375,30,2,1,281,1,93,2,9,43,102,170,235,2,5,233,223,10,0,172,231,211,20,0,327,306,134,317665,26723652,744736824,0,0,0.491754683,0.948869111,0.573909622,329405,0.00512135517068654,0.0514564138370699,0.330550538091407,0.0860096234119093,0.000497867366919142,0.0710553877445698,0.455308814377438,0.480013964572487,0.519986035427513,0.152720814802447,0.847279185197553,1687,16950,108885,28332,164,23406,149981,158119,171286,50307,279098,0.135030831,0.000426546653479297,62812,26017,0.479451069,0.002551334,0.065165698,0.006163837,0.014446943,0.438194324,0.009295952,0.00024869,0.008307494,0.003988478,0.003500543,0.011808037,0.016045205,0.001164749,0.003138526,0.001328443,0,0.000273873,0,0,0,0,0.040772512,0,0.42771368595,0.201423779238324,0.105189660144807,0.17973011945781,0.142799896783595,0.11815242634447,0.112332842549445,0.14037127548155,66350,34650,59204,47039,38920,37003,0.14037127548155,35.8,1179.76863418392,159.30513906159,124952.264197531,0.00127492799017833,3065767,4116065,276702,55324398,2632535,75038,362295,2032066,15871657,9433993,12739549,50605667
"208","NC-503","North Carolina Balance of State CoC","Largely Rural CoC","Sheltered and Unsheltered Count","37","North Carolina","NC",4180,798,286,714,860,722,629,171,1853,2313,3,2,4,1,1,3,3961,219,71,13,1620,5,2227,7,135,134,573,1254,2926,187,32,2053,1752,301,0,2127,2937,2510,427,0,1189,1712,592,5182234,12123967570,100180674868,0.582278481012658,0.0632911392405063,74.829318996,24.759178806,0.334588905060721,5215082,0.0172100841367403,0.0156595811916284,0.181861569961891,0.0646055038060763,0.000585800951931341,0.0455156793316002,0.674561780620132,0.493911505130696,0.506088494869304,0.102682182178535,0.897317817821465,89752,81666,948423,336923,3055,237368,3517895,2575789,2639293,535496,4679586,0.152933652983174,5.17288789163001e-05,52751.3369488912,5269.14394583494,0.458006202121559,0.00182332562594239,0.160035175169976,0.0292127774286586,0.0333318970999959,0.460155214929915,0.00407564439678583,0.000330552420118621,0.00441913662041486,0.00314516865832921,0.00303170410629972,0.00745084072671458,0.0109265618051624,0.00100632277010359,0.00263245543489507,0.0012149200289985,0.1666914848,0.000135076858091182,0,0,5.78901112363896e-07,2.47443643516773e-10,0.0214816621618084,0,16.494320212871,0.220464031054545,0.0901013636985957,0.121355905813178,0.11959083289582,0.127101548930582,0.135655968592632,0.185730349014646,1149738,469886,632881,623676,662845,707457,0.185730349014646,41.0807647628417,605.249910268793,92.5630797451447,114756.827511962,0.000806601940398677,2569111,12325874,18315152,297159088,13004870,1948921,0,0,144391156,105970632,181157823,479683539
"209","NC-504","Greensboro, High Point/Guilford County CoC","Other Largely Urban CoC","Sheltered and Unsheltered Count","37","North Carolina","NC",665,108,66,97,97,86,133,78,259,403,3,0,0,0,0,0,627,38,7,1,481,0,141,1,29,61,116,168,497,50,4,431,376,50,5,234,457,390,61,6,0,2161,96,532956,30337205,1673033183,0,0,0.634906923,0.85843314,0.503717005,542987,0.00356730455793601,0.0517176285988431,0.340138898352999,0.0727291813616164,0.000121549871359719,0.0404595321803284,0.491265905076917,0.474749855889736,0.525250144110264,0.0979544629981933,0.902045537001807,1937,28082,184691,39491,66,21969,266751,257783,285204,53188,489799,0.152779862,0.000318556741979457,54794,18760,0.487420638,0.004562175,0.094890574,0.014195988,0.025440636,0.431677287,0.003743234,0.000375266,0.010595621,0.003026516,0.002735685,0.013331306,0.016733088,0.001206479,0.00346933,0.001634281,0,0.000105074,0,0,1.87633e-06,0,0.070495501,0,0.434623486176,0.221598307141792,0.116601318263605,0.133920333267647,0.122874028291653,0.125645733691599,0.123126336357961,0.156233942985744,120325,63313,72717,66719,68224,66856,0.156233942985744,37.4,961.105897390176,146.837626370657,117681.193984962,0.00124775778863546,4643458,6511986,1073669,79117510,4844611,1111662,405711,2377675,15437823,10574044,31277355,78257994
"210","NC-505","Charlotte/Mecklenburg County CoC","Major City CoC","Sheltered and Unsheltered Count","37","North Carolina","NC",2095,429,102,374,333,328,400,129,870,1206,11,1,7,0,0,0,1974,121,26,8,1539,2,375,5,82,116,445,645,1450,77,11,1711,1243,450,18,384,1878,1265,593,20,895,1409,1027,1095170,58206612,1356132970,0,0,0.112828127,0.991556117,0.537340322,1130906,0.00385089476932654,0.0615250073834607,0.304684032094621,0.086097341423602,0.000383763106748041,0.0779605024643958,0.465498458757845,0.483260324023394,0.516739675976606,0.154371804553164,0.845628195446836,4355,69579,344569,97368,434,88166,526435,546522,584384,174580,956326,0.108956439,0.000807568302096512,69240,37348,0.454289757,0.001324802,0.073862714,0.003913503,0.010307242,0.4160103,0.008599108,0.00011779,0.004673247,0.001716628,0,0.004673247,0.006507665,0.001152333,0.002872613,0.002296447,0,5.02205e-05,5.4786e-06,0,9.131e-07,0,0.0746916,2.68086026542073e-08,0.7583942733,0.230667270312475,0.0912065193747314,0.170999181187473,0.147447267942694,0.131513140791542,0.111197570797219,0.116969049593865,260863,103146,193384,166749,148729,125754,0.116969049593865,35.4,610.470608839502,66.5147036533141,34770.8391408115,0.00191294502223399,13905110,13176217,1185328,1.87e+08,6993126,1153521,994928,6927069,1075508,1255165,26178936,72844908
"211","NC-506","Wilmington/Brunswick, New Hanover, Pender Counties CoC","Largely Suburban CoC","Sheltered and Unsheltered Count","37","North Carolina","NC",593,80,52,126,99,108,93,35,246,343,2,1,0,1,0,0,564,29,12,0,227,0,330,2,6,35,165,128,465,42,11,274,197,77,0,319,310,221,89,0,0,199,22,430642,1033272076,4956251577,0,0,2.256484797,2.008992232,0.21799313593992,440578,0.00272823427406725,0.0103250729723227,0.103761422494995,0.0593901647381394,0.000279178715233171,0.0354874732737449,0.788028453531497,0.482749933042503,0.517250066957497,0.0706208662257307,0.929379133774269,1202,4549,45715,26166,123,15635,347188,212689,227889,31114,409464,0.134191967106197,8.68886482676624e-05,58151.2673287789,8518.17336674082,0.519730948834582,0.000213489821804632,0.232636759822023,0.0106549424679711,0.0157239601247092,0.545381082264157,0.0114183418029918,0.000206668388424724,0.00397546024292103,0.00177873959877346,0.00233372496445772,0.00630918520737875,0.00829459319457693,0.00104495145026495,0.0033809987849722,0.00140023501746694,0.056022232,0.000106817256168233,0,0,2.3221117720984e-06,1.45169889687409e-08,0.0227288561148889,0,0.93511852402,0.175651076540363,0.091014530911666,0.113827744462955,0.118142530947982,0.117754404441438,0.149358342904094,0.234251369791501,77388,40099,50150,52051,51880,65804,0.234251369791501,45.4456530017973,478.307080584708,64.1849680244844,46611.7082630691,0.00137701385373466,711976,1957936,869045,32163358,1478850,68745,0,0,11296362,6191422,5066407,27640743
"212","NC-507","Raleigh/Wake County CoC","Major City CoC","Sheltered and Unsheltered Count","37","North Carolina","NC",992,176,46,196,193,161,147,73,415,555,10,1,9,0,0,2,913,79,16,7,621,1,256,3,57,32,144,269,723,38,8,851,763,88,0,141,860,739,121,0,92,695,409,1091662,58017921,2161634072,0,0,0.383317907,0.948426169,0.407082962,1151009,0.00288876976635283,0.0809663521310433,0.192861220025213,0.0807865099230328,0.000332751524966356,0.048278510419988,0.593885886209404,0.489725102062625,0.510274897937375,0.113903540285089,0.886096459714911,3325,93193,221985,92986,383,55569,683568,563678,587331,131104,1019905,0.085219075,0.000505017021215791,83567,27977,0.43428831,0.001156979,0.070560536,0.004606991,0.00783528,0.404630737,0.009669554,0.000140153,0.003597267,0.000864737,0.00144825,0.005045517,0.006050407,0.0006513,0.002611614,0.001530694,0,2.38169e-05,0,0,9.16034e-07,0,0.038217873,0,0.487655240358,0.233936485292469,0.0872608294114121,0.14619781426557,0.150646085304285,0.140826874507497,0.115977372896302,0.125154538322463,269263,100438,168275,173395,162093,133491,0.125154538322463,37.2,1011.25022419018,86.1778086990296,94835.7247983871,0.000908706174621815,8907786,11354121,1820518,86370897,5336237,3178544,885972,10863256,14850066,10306909,26573630,94077039
"213","NC-509","Gastonia/Cleveland, Gaston, Lincoln Counties CoC","Largely Suburban CoC","Sheltered and Unsheltered Count","37","North Carolina","NC",466,83,44,74,110,78,51,26,205,259,1,0,0,1,0,0,444,22,6,2,159,1,275,2,4,13,112,121,345,34,1,250,227,23,0,216,261,236,25,0,0,99,0,404464,54076920,2890030147,0.333333333333333,0,2.461648163,1.451983174,0.255231615378456,422014,0.00262787490462402,0.0131583312401958,0.152502049695034,0.0626922329590962,0.000419417365300677,0.0287265351386447,0.739873558697105,0.486735037226253,0.513264962773747,0.0782177842441246,0.921782215755875,1109,5553,64358,26457,177,12123,312237,205409,216605,33009,389005,0.146570138194158,0.000139951481274289,52345.4088522093,8556.78610704537,0.467927835117343,0.00142952701147641,0.110578081710521,0.0244293752912521,0.0263477005375855,0.430856639663854,0.00422045471997508,0.000615629551794474,0.00571126240077238,0.00225978075248971,0.00189139224910993,0.00760265464988231,0.0104780649541665,0.00105571825295453,0.00327594045497745,0.00145872059587009,0,0.000126092720850311,0,0,0,0,0.0232233277665824,0,1.05158233451,0.221229627453118,0.079092162819243,0.128810892529632,0.120813527513305,0.136410166487368,0.139004867137109,0.174638756060225,93362,33378,54360,50985,57567,58662,0.174638756060225,40.9146734938091,456.414827811875,66.8967843862495,58062.9635193133,0.00115214209422841,1932093,1192781,1485202,27380141,1662332,525912,0,0,5221085,5174712,9863224,27057341
"214","NC-511","Fayetteville/Cumberland County CoC","Other Largely Urban CoC","Sheltered and Unsheltered Count","37","North Carolina","NC",380,51,29,77,96,55,54,18,145,231,0,0,3,0,1,0,346,34,3,2,222,2,112,2,12,7,16,86,294,20,0,127,82,45,0,253,172,126,46,0,0,435,104,334562,15331092,1690118408,0,0,0.745475494,0.861583136,0.575026452,336749,0.0121930577373652,0.0264291801905871,0.373384924676836,0.102488797294127,0.00366741994779495,0.0427024282180496,0.43913419193524,0.496553813077396,0.503446186922604,0.123664806725484,0.876335193274516,4106,8900,125737,34513,1235,14380,147878,167214,169535,41644,295105,0.187492317,0.000197951811196414,48177,9511,0.508504204,0.00228178,0.132305515,0.033093388,0.021384153,0.439314686,0.004112986,0.000271997,0.005702979,0.003449286,0.002394175,0.008097154,0.011818437,0.000992342,0.0028216,0.001282274,0.005493123,0.000642631,0,0,2.98898e-06,0,0.019404475,0,0.33915888188,0.2512732034839,0.125630662600334,0.167311558460456,0.123249066812374,0.10114952085975,0.104454653168977,0.126931334614208,84616,42306,56342,41504,34062,35175,0.126931334614208,31.8,588.899089630586,110.414054794029,97211.4394736842,0.00113581339183769,1476661,5197793,329029,31522287,3120362,43489,0,1617957,7555867,5185538,12413651,36940347
"215","NC-513","Chapel Hill/Orange County CoC","Other Largely Urban CoC","Sheltered and Unsheltered Count","37","North Carolina","NC",148,20,4,22,28,26,32,16,45,102,1,0,0,0,0,0,137,11,2,2,85,0,52,1,5,6,27,32,116,3,1,115,65,50,0,33,101,49,52,0,220,44,56,146354,8829147,1029651668,0,0,0.879871785,0.709555065,0.30630526,147292,0.00459631208755397,0.0787890720473617,0.105878119653477,0.0680417130597724,0.000264780164571056,0.037727778833881,0.704702224153382,0.478233712625261,0.521766287374739,0.105504711729082,0.894495288270918,677,11605,15595,10022,39,5557,103797,70440,76852,15540,131752,0.123964484,0.000142139331725921,74803,15234,0.51162532,0.000526098,0.097825166,0.02330785,0.026935399,0.403084302,0.003734444,0.00054662,0.003436872,0.001141069,0.002295803,0.005732675,0.007420364,0.001223062,0.003375378,0.002815092,0,3.41637e-05,0,0,0,0,0.011315031,0,0.24712165608,0.19356787877142,0.173071178339625,0.118662249137767,0.115505254867881,0.123727018439562,0.118628302962822,0.156838117480922,28511,25492,17478,17013,18224,17473,0.156838117480922,36.2,559.902664359002,69.4080448774888,68636.1148648649,0.00101124670319909,1435098,840980,508522,10945476,872994,41047,0,0,2741985,2343275,1374244,10158145
"216","NC-516","Northwest North Carolina CoC","Largely Rural CoC","Sheltered and Unsheltered Count","37","North Carolina","NC",336,50,26,60,80,65,39,16,157,177,1,0,0,0,0,1,293,43,4,2,47,0,251,5,18,3,65,90,246,20,2,145,115,30,0,191,167,134,33,0,0,54,32,212443,24477941,6496718644,0.714285714285714,0,6.888779282,0.812469272,0.101415438340063,209788,0.00299349819818102,0.00692127290407459,0.0242006215798806,0.0457128148416497,0.000476671687608443,0.0193624039506549,0.900332716837951,0.500309836596946,0.499690163403054,0.0656472248174347,0.934352775182565,628,1452,5077,9590,100,4062,188879,104959,104829,13772,196016,0.179415668189265,3.27000462296763e-05,44757.6332757493,3214.18857293486,0.503186935885875,0.0012683761981189,0.315902813521845,0.0307204787777098,0.0291136368553965,0.603295942741766,0.00332365123593623,0.000235357281214255,0.00857641838451255,0.00132270788541868,0.00133212191825101,0.00990854030276356,0.0114666054693965,0.000917893305521952,0.00224060110608963,0.00148745782318551,0,5.64857634179521e-05,0,0,0,0,0.0161031428760044,0,1.42352673883,0.167092493374264,0.132867466203977,0.108256906972753,0.103990695368658,0.120864873109997,0.14068011516388,0.226247449806471,35054,27874,22711,21816,25356,29513,0.226247449806471,43.2653761244193,223.801524152777,40.1534999976464,25387.8869047619,0.00158160071172032,906902,0,172392,24735831,0,103677,0,0,2216788,2625095,2505476,8530330
"217","ND-500","North Dakota Statewide CoC","Largely Rural CoC","Sheltered and Unsheltered Count","38","North Dakota","ND",865,145,90,161,188,144,104,33,316,535,4,4,5,0,1,0,774,91,234,5,150,6,384,5,49,44,116,219,646,83,12,675,544,131,0,190,917,757,160,0,103,544,51,760394,4414779344,178694311361,0.0943396226415094,0.0754716981132075,52.876261187,8.282963112,0.163218015906446,779361,0.0448008047618498,0.0156371694246954,0.032345729385997,0.0525507434937083,0.0014460564488087,0.0143014597856449,0.838918036699296,0.512119544088041,0.487880455911959,0.0448611105764851,0.955138889423515,34916,12187,25209,40956,1127,11146,653820,399126,380235,34963,744398,0.10542569443023,4.2552781574778e-06,65356.3838220712,9545.17899141761,0.376854175221797,0.00153501951246157,0.147967190380237,0.0223574757393956,0.0193172081809943,0.495265612362423,0.00862549653461574,7.10158169882982e-05,0.00785513832084814,0.00323121969568408,0.00171358541984813,0.00956872374069627,0.0128709592533686,0.00127302428834394,0.00349687139553968,0.00310102400149528,0,0.000448451675820956,0,0,1.05208566603629e-05,0,NA,0,5.75604399376,0.237107065916822,0.109602610343602,0.143389263768651,0.129693428334238,0.100711993543429,0.117670758480345,0.161824879612914,184792,85420,111752,101078,78491,91708,0.161824879612914,36.3438255693759,640.898447292322,67.5671638650489,59396.1456647399,0.00113756815545625,1693707,3332500,330687,97653668,1070086,866521,0,0,9858955,8944676,25280534,51377666
"218","NE-500","Nebraska Balance of State CoC","Largely Rural CoC","Sheltered and Unsheltered Count","31","Nebraska","NE",612,134,70,114,111,85,71,27,261,350,0,1,0,0,0,0,471,141,20,0,68,0,473,1,23,18,63,210,402,62,7,582,375,207,0,30,925,596,329,0,100,139,418,838031,1284912717,194639274699,0.269662921348315,0.0112359550561798,88.691680912,16.157971903,0.156982259602922,841410,0.0136675342579717,0.00648197668199807,0.0115817496820813,0.0655138398640377,0.0003470365220285,0.0459621349876992,0.856445728004184,0.505562092202375,0.494437907797625,0.12196551027442,0.87803448972558,11500,5454,9745,55124,292,38673,720622,425385,416025,102623,738787,0.105330769277616,4.30555961172776e-06,58322.2697871558,3278.94879306374,0.365720957176655,0.000824133795719872,0.132186837510461,0.0321339967443376,0.0414471679864993,0.472870335454089,NA,0.00022552860002315,0.00326718225573636,0.00433754836295316,0.00470865634729622,0.00797583860303258,0.0125389155660089,0.00185196009695465,0.00930633832456317,0.00463944653129658,0.044914696,0.000368721419944847,0,0,7.15963883126042e-06,7.78265488985739e-10,NA,0,11.39654508056,0.242649837772311,0.0860198951759547,0.110055739770148,0.118584281147122,0.109909556577649,0.134967495038091,0.197813194518725,204168,72378,92602,99778,92479,113563,0.197813194518725,40.1876148973009,833.606422945429,87.8044058036039,120233.35620915,0.000730283247278442,3425984,704907,666515,31209991,0,737864,0,0,18554050,19225884,30267610,73582814
"219","NE-501","Omaha, Council Bluffs CoC","Major City CoC","Sheltered and Unsheltered Count","19","Iowa","NE",1609,202,82,265,324,311,319,106,565,1032,0,7,5,0,0,0,1414,195,62,16,424,0,924,16,111,92,518,309,1300,62,12,1385,1178,197,10,224,1588,1267,311,10,281,859,168,93478,20387191,2463774735,0,0,0.963025765,0.730748289,0.129238965,93407,0.00270857644502018,0.00934619461068228,0.0182962732985751,0.0606699712013018,0.00138105281188776,0.0178573340327813,0.889740597599752,0.497714304067147,0.502285695932853,0.0870063271489289,0.912993672851071,253,873,1709,5667,129,1668,83108,46490,46917,8127,85280,0.103151957,3.79409686575912e-05,59901,14630,0.443452664,0,0.07886191,0.01578737,0.036970424,0.428250497,0.001625433,0.000395815,0.008397698,0.006054901,0.003155823,0.011553521,0.018004237,0.000984189,0.00209675,0.002342797,0.004218985,0.001091166,0,0,0,0,0.034831725,0,0.26385287236,0.231727814831865,0.0852184525785005,0.119883948740458,0.124648045649684,0.116618668836383,0.138330103739548,0.183572965623561,21645,7960,11198,11643,10893,12921,0.183572965623561,40.1,1471.78992110555,151.818010654913,8820.1640770665,0.0172126061747149,2132364,1962979,118011,9964277,0,110480,0,0,1130616,1287559,7449635,14191644
"220","NE-501","Omaha, Council Bluffs CoC","Major City CoC","Sheltered and Unsheltered Count","31","Nebraska","NE",1609,202,82,265,324,311,319,106,565,1032,0,7,5,0,0,0,1414,195,62,16,424,0,924,16,111,92,518,309,1300,62,12,1385,1178,197,10,224,1588,1267,311,10,281,859,168,749695,57909334,1462079589,0,0,1.199608294,1.924070732,0.283976817497941,779512,0.00672728578905777,0.0383560483995115,0.0896894467307752,0.0865952031527417,0.000579849957409251,0.0426625889017744,0.73538957706873,0.498357947023266,0.501642052976734,0.133613081004526,0.866386918995474,5244,29899,69914,67502,452,33256,573245,388476,391036,104153,675359,0.0948199423979538,0.000512759363881661,70636.6551144132,28804.9343106197,0.4397751412432,0.000623743719275859,0.059507523702882,0.00730616458800579,0.0171108474066867,0.409526540669043,0.00517095869082493,0.000496201659604239,0.00721493401729903,0.00196213105756074,0.00345473839139517,0.0106696724086942,0.0131280051258592,0.000697616761663076,0.0046739010235229,0.00157263959748298,0.010439202,6.40260409595902e-05,0,0,1.33387611815472e-06,5.18051333348092e-08,0.0473472544209512,0,1.24818610163,0.257894682827205,0.0889081887129383,0.146233797555394,0.142800880550909,0.116066205523456,0.113716017200505,0.134380227629594,201032,69305,113991,111315,90475,88643,0.134380227629594,35.5,1206.10969412311,114.363251722367,53286.2386575513,0.00214620612382369,7580831,9288307,2962352,105238512,4768680,1242769,774793,0,18175727,19226422,21717677,85737558
"221","NE-502","Lincoln CoC","Other Largely Urban CoC","Sheltered and Unsheltered Count","31","Nebraska","NE",499,124,39,77,84,86,70,19,207,289,1,0,2,0,0,0,422,77,40,6,138,6,260,0,39,19,103,181,318,30,10,452,348,104,0,47,521,368,153,0,296,297,301,315976,22847034,2169272978,0,0,0.887561459,0.902696151,0.194622376,323673,0.00688349043633544,0.0406397815078799,0.0377016309670563,0.0700583613708898,0.000583922662687342,0.0212560207369784,0.822876792318173,0.50355142381354,0.49644857618646,0.0823979757347694,0.917602024265231,2228,13154,12203,22676,189,6880,266343,162986,160687,26670,297003,0.118674778,0.000145659860794154,62464,23708,0.433473192,0.000765794,0.048203726,0.00852864,0.015937662,0.421174393,0.005775561,0,0.008576601,0.003326202,0.000632959,0.00920956,0.012535762,0.000557004,0.00055384,0.000822847,0,7.59551e-05,0,0,3.1648e-06,0,0.039974555,0,0.245171149992,0.22643223253098,0.146190754248887,0.136023085027172,0.12817256922882,0.106443849193476,0.107806335406413,0.14893117436425,73290,47318,44027,41486,34453,34894,0.14893117436425,34.3,834.736850496107,99.0622104210446,62728.0180360721,0.00157923386586323,8757592,3702410,0,38523267,2563667,310480,324148,1602313,562944,1340030,12137697,31301281
"222","NH-500","New Hampshire Balance of State CoC","Largely Rural CoC","Sheltered and Unsheltered Count","33","New Hampshire","NH",1258,207,93,226,298,195,160,79,562,679,8,0,9,0,0,0,1195,63,6,9,44,0,1146,0,34,36,436,348,910,68,10,871,717,154,0,387,1075,776,299,0,4,466,166,1355244,1025960758,23190126218,0.1,0,9.094528068,4.291904065,0.104198948665834,1387834,0.0013856124003303,0.0258085621191007,0.015249662423604,0.0552385948175358,0.000203914877427704,0.0128509605615657,0.889262692800436,0.499027981732686,0.500972018267314,0.045220105574586,0.954779894425414,1923,35818,21164,76662,283,17835,1234149,692568,695266,62758,1325076,0.0745230013893609,5.84405616105733e-05,78913.8071247687,10950.0907666811,0.46167375122476,0.000721186820882767,0.155799070188014,0.0135987329540245,0.0144843749452541,0.471214777490006,0.00258390002234505,0.000860361425196496,0.00741268709070618,0.00427007959560419,0.00258698782024787,0.00999967491095404,0.0151301159317547,0.000953333827739507,0.00182623946536269,0.00188305576679771,0.0061507462,0.000273013534342893,0,0,2.2136239589181e-06,6.82286891980717e-09,0.0320687637370518,0,2.278866811095,0.185112916962691,0.0876949260502337,0.126719045649552,0.121191727540902,0.127583702373627,0.156771631189321,0.194926050233673,256906,121706,175865,168194,177065,217573,0.194926050233673,43.2938375672573,1892.73469482704,141.052270292287,151955.678060413,0.000928246131323953,13343004,6733384,9539133,240806888,2676476,703021,298183,2808804,28051201,20718783,106288254,191160243
"223","NH-502","Nashua/Hillsborough County CoC","Other Largely Urban CoC","Sheltered and Unsheltered Count","33","New Hampshire","NH",987,216,78,178,194,118,134,69,405,572,6,2,1,0,0,1,874,113,1,6,96,0,816,8,37,92,199,381,606,50,20,795,465,326,4,192,1100,581,514,5,498,374,61,415305,41309760,2270202106,0,0,0.79584241,0.755627907,0.163157198,424732,0.0012831620880932,0.042299614815931,0.0257738997768004,0.0765847640394413,0.000108303589086765,0.0209025926937457,0.833047662996902,0.501287870939793,0.498712129060207,0.0825014361997683,0.917498563800232,545,17966,10947,32528,46,8878,353822,212913,211819,35041,389691,0.074307447,0.000182937456934947,82099,19861,0.481735669,0.000755329,0.054343471,0.008095191,0.01063873,0.414637435,0.002236588,0.000951108,0.01013472,0.00341195,0.00429323,0.01442795,0.018791008,0.000895727,0.001784231,0.00172885,0,0.000250418,0,0,2.40787e-06,0,0.033866676,0,0.29190625596,0.199061996741475,0.0828616633547743,0.140910032679431,0.128598739911285,0.131956151172975,0.149308269685355,0.167303146454706,84548,35194,59849,54620,56046,63416,0.167303146454706,41,2489.25544527701,184.970217069383,77830.8571428571,0.00237656661971322,8454118,4595763,2657216,1.64e+08,2676476,301999,298183,2044562,15452208,10578480,29760051,76819056
"224","NJ-500","Atlantic City & County CoC","Largely Suburban CoC","Sheltered and Unsheltered Count","34","New Jersey","NJ",427,43,45,56,99,61,95,28,153,273,1,0,0,0,0,0,385,42,0,6,190,1,185,1,13,42,120,74,353,38,2,259,232,27,0,168,313,241,72,0,79,143,66,264650,301106094,1438939253,0,0,0.792109541,0.850648736,0.441859059,274704,0.0044011008212476,0.0781968955675928,0.138509086143631,0.102495777272992,0.000498718620769992,0.0945890849787408,0.581309336595026,0.48690590599336,0.51309409400664,0.199072456171006,0.800927543828994,1209,21481,38049,28156,137,25984,159688,133755,140949,54686,220018,0.134567249,0.000183920203336061,63680,13830,0.58579844,0.003254107,0.213034747,0.014470079,0.016525002,0.485441149,0.002664275,0.000725486,0.009408653,0.010651804,0.005512942,0.014921595,0.026298885,0.001216701,0.003370489,0.001821273,0.001489348,0.000154922,0,0,3.77858e-06,3.32109252162794e-09,0.017192518,3.27282323432454e-08,0.4183507805,0.209734841866154,0.0884188071524259,0.120103820839886,0.112524753916943,0.125629768769293,0.151057137864756,0.192530869590541,57615,24289,32993,30911,34511,41496,0.192530869590541,42.2,2610.62584651373,351.304738333648,217734.892271663,0.00161345172869828,918313,6215159,1339889,29511443,2504140,671856,0,0,19138271,9578640,52606531,92972799
"225","NJ-501","Bergen County CoC","Largely Suburban CoC","Sheltered and Unsheltered Count","34","New Jersey","NJ",303,70,18,51,50,30,53,31,127,175,0,0,1,0,0,0,220,83,3,8,100,2,172,0,3,16,12,105,198,18,3,263,171,92,0,40,372,202,170,0,203,495,62,931275,35387155,602918746,0,0,0.068455348,0.99878941,0.445072616,954717,0.00283853749330954,0.16668499670583,0.0571467775267435,0.11349646020758,0.000254525686669453,0.071653694236093,0.587925008143775,0.489889674112852,0.510110325887148,0.221053987726206,0.778946012273794,2710,159137,54559,108357,243,68409,561302,467706,487011,211044,743673,0.064375202,0.00154461112078277,104623,98048,0.478218358,0.002622355,0.04744679,0.005232569,0.013475468,0.385597165,0.002991616,0.000201874,0.008507691,0.002439666,0.000724813,0.009232504,0.011874044,0.000607769,0.001988671,0.001376607,0.008934245,3.86567e-05,0,0,0,0,0.05623688,1.29349133398815e-07,1.29086821575,0.210354482008805,0.0792266189876162,0.114250610390304,0.134640945955713,0.140219562446254,0.142880036701976,0.178427743509333,200829,75639,109077,128544,133870,136410,0.178427743509333,42.1,3545.81130268023,228.262318863923,701567.627062706,0.000325360393009584,11796661,18251871,773755,1.87e+08,6142228,1085595,1620734,0,3194422,3709725,1.66e+08,212574991
"226","NJ-502","Burlington County CoC","Largely Suburban CoC","Sheltered-Only Count","34","New Jersey","NJ",1054,335,65,172,208,142,97,35,508,545,1,0,0,0,0,0,986,68,7,6,592,1,348,7,24,10,195,536,518,29,19,994,978,16,0,60,1007,984,23,0,0,258,38,446301,54133685,2070137467,0,0,0.753229829,0.902303728,0.334178055,464226,0.00232214481739498,0.0562786229121161,0.165363422126292,0.0827872631003003,9.47814211181623e-05,0.0329817804259132,0.660171985196865,0.493789662793553,0.506210337206447,0.0922395557336297,0.90776044426637,1078,26126,76766,38432,44,15311,306469,229230,234996,42820,421406,0.059134361,0.000215590030669205,90329,26735,0.483806577,0.000481584,0.065349671,0.012736517,0.012275291,0.403214423,0.002479878,0.000358502,0.002027779,0.000815593,0.000470534,0.002498313,0.003672408,0.000835759,0.001897822,0.001985207,0.005600115,7.39411e-05,0,0,0,0,0.056246793,1.6136611969547e-08,0.377582249826,0.206894917561705,0.0778155467380112,0.125736171606071,0.129645905227195,0.133045111648206,0.147800855617738,0.179061491601074,96046,36124,58370,60185,61763,68613,0.179061491601074,41.7,1561.95757803509,92.3653632862127,39110.7722960152,0.00236163486077782,1114466,2904967,230548,0,1906809,170491,0,0,1307110,1090413,32497950,41222754
"227","NJ-503","Camden City & County/Gloucester, Cape May, Cumberland
Counties CoC","Largely Suburban CoC","Sheltered and Unsheltered Count","34","New Jersey","NJ",1359,266,96,207,261,235,217,77,593,762,0,3,1,0,0,0,1147,212,6,3,676,7,515,15,33,120,214,430,929,68,16,1125,959,137,29,234,882,667,185,30,0,1027,196,1041252,1512742861,3310706651,0.25,0,2.508607231,3.442887789,0.368333506109984,1076697,0.00356367668898492,0.0397140513997903,0.150890176159124,0.0853397009557935,0.00037893669249566,0.0767374665295807,0.643375991574231,0.489584349171587,0.510415650828413,0.169941032621062,0.830058967378938,3837,42760,162463,91885,408,82623,692721,527134,549563,182975,893722,0.111415541059521,0.000314510498743671,73957.4011545716,29452.1209399838,0.55829573301711,0.00142572754830944,0.183496954805135,0.0178943326723781,0.0238073848429256,0.457139098103094,0.00236071520080538,0.000769266038377837,0.00807201337542497,0.00675148773822956,0.00304441226736947,0.0111164256427944,0.0186371794194018,0.00085089860633449,0.00262856656357539,0.00194861542309547,0.036121953,0.000187274148681587,2.8811480245128e-06,1.92076697182815e-06,0,7.27155661010917e-09,0.0378429047098656,2.33263838043983e-08,2.29317945145,0.221478280333279,0.0839279760229665,0.130018937546961,0.128401026472629,0.126507271776554,0.136804504888562,0.17286200295905,238465,90365,139991,138249,136210,147297,0.17286200295905,40.1130338285064,1652.58350178046,184.123484996908,141073.544518028,0.00130515955791682,7794971,17178237,10268193,105589707,7202708,2064886,862940,2529353,31903383,16969828,94944448,191718947
"228","NJ-504","Newark/Essex County CoC","Largely Suburban CoC","Sheltered and Unsheltered Count","34","New Jersey","NJ",2451,429,163,413,452,402,457,135,988,1444,5,3,11,0,0,0,2032,419,32,7,1813,1,453,8,19,62,251,721,1730,111,37,2167,1761,406,0,284,2385,1687,698,0,428,1331,393,798698,8653266,326552231,1,0,0.028057068,0.999862225,0.699811443,854130,0.00459648999566811,0.0584629974359875,0.368976619484153,0.113906548183532,0.000372308664957325,0.122028262676642,0.33165677355906,0.485734021753129,0.514265978246871,0.246711858850526,0.753288141149474,3926,49935,315154,97291,318,104228,283278,414880,439250,210724,643406,0.152958744,0.00244585069149321,63959,92788,0.539898977,0.008239301,0.08701729,0.021087677,0.033559998,0.39863002,0.002552197,0.000346814,0.015327445,0.015865822,0.008332311,0.023659756,0.039872392,0.001151875,0.002847134,0.001065484,0.00842374,0.000117692,3.75611e-06,5.00815e-06,1.25204e-06,1.50232386211172e-06,0.054660209,1.58599475994393e-07,1.31261224112,0.236871436432393,0.0887722009530165,0.135309613290717,0.141168206244951,0.135754510437521,0.122352569281023,0.139771463360378,202319,75823,115572,120576,115952,104505,0.139771463360378,37.7,4254.17073427643,650.71261227648,212045.231334149,0.00306874438148086,10349540,31243021,8125364,2.48e+08,11278023,1082658,2171235,11147869,1.2e+08,67325152,2.57e+08,519722862
"229","NJ-506","Jersey City, Bayonne/Hudson County CoC","Largely Suburban CoC","Sheltered and Unsheltered Count","34","New Jersey","NJ",1168,208,73,184,216,210,196,81,439,720,0,3,6,0,0,0,721,447,7,13,540,6,302,3,19,25,250,350,818,33,29,956,917,39,0,212,442,380,62,0,353,623,243,671923,41836491,119640821,1,0,0,1,0.714264879,710478,0.00864206914218315,0.165311241164399,0.122024890285132,0.180843038067329,0.000181567902172903,0.152691568211824,0.37030562522696,0.499307508466131,0.500692491533869,0.407078051677884,0.592921948322116,6140,117450,86696,128485,129,108484,263094,354747,355731,289220,421258,0.142123089,0.00561616841462497,75062,310434,0.452199602,0.00574077,0.081782114,0.012099339,0.033753747,0.423502395,0.00633266,0.000388437,0.014971954,0.010370236,0.009865714,0.024837668,0.035596341,0.001211448,0.001674299,0.001147453,0.033392279,0.000117573,2.97653e-06,8.92959e-06,0,6.45370002316877e-07,0.05827007,6.22855541855568e-07,1.88624240329,0.200284878631006,0.0753253443456377,0.207895247987974,0.164005078271248,0.119086023775543,0.108956223838036,0.124447203150555,142298,53517,147705,116522,84608,77411,0.124447203150555,35.8,3941.40964375633,560.165313585039,322249.964041096,0.00173829441766393,15481364,20606675,1020222,2.08e+08,10328337,0,1334898,4892444,67779912,52944106,2.02e+08,376387958
"230","NJ-507","New Brunswick/Middlesex County CoC","Largely Suburban CoC","Sheltered and Unsheltered Count","34","New Jersey","NJ",689,152,37,159,112,114,80,35,276,410,1,2,0,0,0,0,486,203,1,19,297,1,305,1,34,4,199,280,409,16,8,540,538,2,0,149,495,490,5,0,453,551,83,825015,35297517,800946846,0,0,0.203516081,0.990234742,0.580299752,861535,0.00919869767333887,0.250703685863024,0.104118811191652,0.0885593736760549,0.000349376403744479,0.104810599685445,0.442259455506741,0.496576459458989,0.503423540541011,0.230024317061988,0.769975682938012,7925,215990,89702,76297,301,90298,381022,427818,433717,198174,663361,0.086693498,0.00103004962703855,91731,44600,0.471376972,0.002812783,0.048501569,0.007077482,0.011396002,0.366841815,0.00266211,0.00046787,0.008051975,0.002496924,0.000783016,0.008834991,0.011799785,0.00058908,0.001825421,0.000968467,0.008925688,0.000118786,1.2121e-06,0,0,2.83306239784515e-07,0.087422653,8.29580338574677e-08,0.88782339195,0.216456673263419,0.0937872518237796,0.128835160498413,0.138831272089933,0.133625447602245,0.130736418137394,0.157727776584817,186485,80801,110996,119608,115123,112634,0.157727776584817,39.4,1356.08432818621,117.563693993443,140771.859216255,0.000835136330854591,6047316,10624797,4823053,1.36e+08,5905565,511088,147551,0,7690527,4477224,56764690,96991811
"231","NJ-508","Monmouth County CoC","Largely Suburban CoC","Sheltered and Unsheltered Count","34","New Jersey","NJ",497,126,34,72,75,78,91,21,217,276,2,0,2,0,0,0,412,85,1,0,232,3,237,1,6,12,103,197,300,19,10,428,305,123,0,69,332,213,119,0,0,857,96,620821,500430336,1212586195,0,0,0.409706,0.948711574,0.249980268,643615,0.00487713928357792,0.0529742159520832,0.0619780458814664,0.0759926353487722,0.000486315576858836,0.0418790736698181,0.761812574287423,0.490336614280276,0.509663385719724,0.126727935178639,0.873272064821361,3139,34095,39890,48910,313,26954,490314,315588,328027,81564,562051,0.064955919,0.000511980923549934,103523,24507,0.530465888,0.00143136,0.091011416,0.015376515,0.018165654,0.422163554,0.002445123,0.000333429,0.007635051,0.005065872,0.002387162,0.010022213,0.015421514,0.000758673,0.002250246,0.001868493,0.000562366,4.188e-05,0,0,0,9.99139910425015e-09,0.020300538,4.05546233314985e-08,0.612778884766,0.210478313898837,0.0818765877115978,0.109644741033071,0.117865494123039,0.136856661202738,0.157626842133884,0.185651359896833,135467,52697,70569,75860,88083,101451,0.185651359896833,43.2,3023.86275021479,196.417783870069,245352.6861167,0.000800552816351251,10421407,7306546,3670765,1.17e+08,3314798,1416413,417065,0,13450040,9204657,72738594,121940285
"232","NJ-509","Morris County CoC","Largely Suburban CoC","Sheltered and Unsheltered Count","34","New Jersey","NJ",680,157,41,106,136,106,99,35,260,415,1,2,2,0,0,0,494,186,3,6,209,7,364,0,10,14,90,247,433,31,5,589,477,112,0,91,617,492,125,0,84,208,56,492715,53103740,1194048303,0,0,0.477289737,0.914450651,0.294569883,510375,0.00138329659564046,0.10643742346314,0.0328915013470487,0.100645603722753,6.26989958363948e-05,0.0488150869458731,0.709764388929709,0.495610090619642,0.504389909380358,0.154772471222141,0.845227528777859,706,54323,16787,51367,32,24914,362246,252947,257428,78992,431383,0.047902217,0.000412642435621802,117298,33122,0.422246174,0.00145524,0.052791293,0.005940564,0.016829025,0.394601342,0.002863867,0.000322702,0.003383295,0.001788052,0.001140619,0.004523914,0.006634668,0.000598723,0.002155404,0.001516089,0,0.000105538,0,0,0,0,0.052649097,6.90148600001821e-08,0.5417697054,0.20800587803086,0.0820318393338232,0.112062698995836,0.12835660053882,0.141456771981386,0.15025814352192,0.177828067597355,106161,41867,57194,65510,72196,76688,0.177828067597355,42.7,1544.32160340679,73.9764285641801,53601.9058823529,0.00138010817612616,3285281,4285273,1235836,47240477,1997154,3169254,335390,0,4827147,4223199,13090762,36449296
"233","NJ-510","Lakewood Township/Ocean County CoC","Largely Suburban CoC","Sheltered and Unsheltered Count","34","New Jersey","NJ",553,156,29,91,113,61,63,40,281,270,0,0,1,0,1,0,478,75,2,8,167,0,318,0,17,5,109,243,310,18,7,516,508,8,0,37,74,62,12,0,178,295,236,602018,742151361,1627263273,0,0,0.60484269,0.963068222,0.157000289,646434,0.00380085205914293,0.0185045959835033,0.0302180887762711,0.062965438080299,0.000275356803633472,0.034657830497777,0.849577837799373,0.486696244318832,0.513303755681168,0.106320212117556,0.893679787882444,2457,11962,19534,40703,178,22404,549196,314617,331817,68729,577705,0.09884018,0.000369957344941564,72679,14325,0.603982513,0.00081062,0.194256478,0.011384506,0.015254255,0.473030707,0.003859216,0.000416931,0.007107761,0.001413579,0,0.007107761,0.008938271,0.000793996,0.003016521,0.001770711,0.001162806,2.82384e-05,0,0,0,0,0.012840148,1.83805537729972e-09,0.359570902968,0.249057134989806,0.0726926492109017,0.110088578261663,0.102974162868909,0.10666982244127,0.134644836131763,0.223872816095688,160999,46991,71165,66566,68955,87039,0.223872816095688,41.4,1668.88249226352,164.952645934175,179574.072332731,0.000918577185399772,836124,6807212,3992740,72349115,2985271,344495,0,4243726,0,0,80094894,99304462
"234","NJ-511","Paterson/Passaic County CoC","Largely Suburban CoC","Sheltered and Unsheltered Count","34","New Jersey","NJ",710,124,37,77,155,155,125,37,238,469,0,0,3,0,0,0,466,244,13,5,289,0,218,48,7,21,109,191,519,17,13,616,603,13,0,94,280,265,15,0,477,557,80,502763,31997851,482081967,1,0,0.504205356,0.971687673,0.592684824,518289,0.00362346104200552,0.0547918246383774,0.106224519524821,0.194790937102659,0.000273978417446637,0.173208383739574,0.467086895535117,0.491069654189072,0.508930345810928,0.434408216265443,0.565591783734557,1878,28398,55055,100958,142,89772,242086,254516,263773,225149,293140,0.148335655,0.00104289941216573,73562,68652,0.530933604,0.00578607,0.048161566,0.008656103,0.022413326,0.352484172,0.001276542,0.000159121,0.013590897,0.005233082,0.002597645,0.016188542,0.021580745,0.000763779,0.002154096,0.001010416,0.002210546,4.37582e-05,1.98901e-06,0,0,0,0.028530341,5.52146407380552e-08,0.7258389431,0.23703763730274,0.0929577899588839,0.132595906916797,0.126753606578569,0.126875160383493,0.128679173202595,0.155100725656921,122854,48179,68723,65695,65758,66693,0.155100725656921,38.1,1394.1890859708,206.80795126133,146444.205633803,0.00141219620377792,8305885,12112969,1445668,1.36e+08,5090771,1888279,437941,3995961,12079181,11290402,47328329,103975386
"235","NJ-512","Salem County CoC","Largely Suburban CoC","Sheltered and Unsheltered Count","34","New Jersey","NJ",83,11,3,14,20,20,12,3,33,44,0,0,0,0,0,6,69,14,0,0,43,0,31,0,1,1,34,24,59,0,1,22,14,8,0,61,43,32,11,0,0,0,46,62754,105389623,859515222,0,0,0.941132363,0.468420809,0.263361698,64973,0.00235482431163714,0.00904991304080156,0.14152032382682,0.062533667831253,0.00136979976297847,0.0417404152494113,0.741431055977098,0.490757699352039,0.509242300647961,0.107352284795223,0.892647715204777,153,588,9195,4063,89,2712,48173,31886,33087,6975,57998,0.137681278,7.30109233597727e-05,64234,10820,0.605691057,0.001720324,0.115659072,0.038794509,0.039301626,0.439924148,0.000898355,0,0.010166683,0.005959779,0.005306435,0.015473118,0.021432897,0.000653345,0.001481977,0.001928164,0.011605694,0.000143417,0,0,0,0,0.042913599,0,0.27770339358,0.218875532913672,0.0829421451987749,0.112215843504225,0.125021162636788,0.124544041371031,0.147184214981608,0.189217059393902,14221,5389,7291,8123,8092,9563,0.189217059393902,41.9,1434.37325952201,197.486343500016,149313.951807229,0.00132262485259904,173792,0,0,1353117,0,0,0,0,4544473,1425604,6249189,12393058
"236","NJ-513","Somerset County CoC","Largely Suburban CoC","Sheltered and Unsheltered Count","34","New Jersey","NJ",454,95,41,70,95,65,63,25,221,229,0,2,2,0,0,0,390,64,4,7,275,0,136,1,8,87,52,154,300,33,7,453,327,126,0,1,244,83,161,0,92,451,7,330151,7993022,781832071,0,0,0.440189886,0.924684605,0.449258067,346203,0.00390522323607825,0.191205737674139,0.0962989922097729,0.0890489106102489,0.000141535457520588,0.0782806619237846,0.541118938888456,0.492658931320641,0.507341068679359,0.17047512586546,0.82952487413454,1352,66196,33339,30829,49,27101,187337,170560,175643,59019,287184,0.050846316,0.000422278660912082,116510,31565,0.464104974,0.001478437,0.057982532,0.003422771,0.006294752,0.384945071,0.003623127,0.000433135,0.003983026,0.001926391,0.000151446,0.004134472,0.006493998,0.000499771,0.002038461,0.001965767,0,6.66362e-05,0,0,0,0,0.057355574,4.80472883172376e-08,0.43786276375,0.214027608079653,0.0799819758927566,0.112786428771559,0.131668414196295,0.146188796746418,0.149735848620607,0.165610927692712,74097,27690,39047,45584,50611,51839,0.165610927692712,41.9,2144.07281329091,109.018203791598,79278.5660792952,0.0013751283503609,1138109,2096131,2147869,14409967,1359970,400292,0,0,354604,269884,28225610,35992469
"237","NJ-514","Trenton/Mercer County CoC","Largely Suburban CoC","Sheltered and Unsheltered Count","34","New Jersey","NJ",934,261,63,151,161,146,116,36,404,523,3,1,3,0,0,0,781,153,10,2,604,5,199,3,23,24,149,428,506,30,30,787,706,81,0,147,494,395,99,0,577,407,464,368085,11337168,581395408,0,0,0.443093548,0.949220323,0.511968703,383286,0.00702608496005594,0.120625329388498,0.191903695934628,0.0909816690408729,0.000219157495969067,0.0913338864451089,0.497910176734866,0.494427137959644,0.505572862040356,0.222468339568886,0.777531660431114,2693,46234,73554,34872,84,35007,190842,189507,193779,85269,298017,0.111047928,0.00063310613557512,83306,38309,0.510136469,0.000433658,0.094235606,0.010564035,0.018447438,0.394243178,0.001702372,0.000641156,0.006042083,0.009296766,0.004333238,0.010375321,0.020313243,0.000676474,0.002382602,0.001132891,0.016656778,0.000249942,0,0,2.71676e-06,0,0.045826372,5.81480128855782e-08,0.82858510095,0.21927229275267,0.103611924254995,0.123758759777294,0.129790808952062,0.13576024169941,0.131233595800525,0.156572376763044,84044,39713,47435,49747,52035,50300,0.156572376763044,39.2,4920.49284890738,546.410535609981,215337.817987152,0.00253745738076803,13268397,6454432,3463024,6.33e+08,3588573,830040,513383,3701935,21705213,12600525,1.35e+08,201125522
"238","NJ-515","Elizabeth/Union County CoC","Largely Suburban CoC","Sheltered and Unsheltered Count","34","New Jersey","NJ",996,246,74,169,166,125,153,63,469,513,0,0,14,0,0,0,709,287,7,5,605,1,281,3,11,10,163,434,562,40,16,926,823,103,0,70,547,311,236,0,8,491,654,555208,6841269,266163569,0,0,0,1,0.61008667,572549,0.00326784257766584,0.0560842827426124,0.205119561819163,0.120988771266739,0.000230547953100957,0.197354287580626,0.416954706060093,0.493070462091454,0.506929537908546,0.343717306291689,0.656282693708311,1871,32111,117441,69272,132,112995,238727,282307,290242,196795,375754,0.087945479,0.00208596541625124,82644,68189,0.512765589,0.004815961,0.054042194,0.01017143,0.024829531,0.365309938,0.002862473,0.000765479,0.006775839,0.003652685,0.003809383,0.010585222,0.015003386,0.000742064,0.001541765,0.001365254,0.002749465,9.00563e-05,1.80113e-06,0,0,1.16937253483235e-06,0.058970692,1.96469364484664e-07,1.07745330104,0.235396446417687,0.0824645576186492,0.124382367273369,0.140340826724001,0.137652847179892,0.13157651135536,0.148186443431043,134776,47215,71215,80352,78813,75334,0.148186443431043,39.1,2317.65002351087,203.826841472025,113620.776104418,0.00179392227777698,9298056,14429514,6546928,78155374,4815646,502547,802886,0,24129705,13527107,39113904,113166293
"239","NJ-516","Warren, Sussex, Hunterdon Counties CoC","Largely Suburban CoC","Sheltered and Unsheltered Count","34","New Jersey","NJ",404,93,25,47,86,63,64,26,207,195,1,0,1,0,0,0,319,85,0,3,117,0,241,0,24,68,67,154,250,14,4,354,257,97,0,50,392,274,118,0,0,121,48,371789,84471239,3374398920,0,0,2.75700073,1.497962593,0.161486757118718,384803,0.00214655291148978,0.0308157680683363,0.0334430864624236,0.0746200003638225,0.000153325207963555,0.0281442712244967,0.830676995761468,0.497587077023828,0.502412922976172,0.106114037572472,0.893885962427528,826,11858,12869,28714,59,10830,319647,191473,193330,40833,343970,0.0539294560442267,0.000110179326396892,99881.1959901987,11408.2377450651,0.470443394943923,0.000564969823301479,0.0904989366782489,0.0187800642886745,0.0177915493072926,0.426255214287383,0.00205481997504499,0,0.0057532631516075,0.00160037016415494,0.00176982107749826,0.00752308422910576,0.00912345439326069,0.000613251222319649,0.00149816178557999,0.00233734708176681,0.000278251,9.95187857408369e-05,0,0,0,0,0.0158880443376028,6.4559640681132e-09,0.89820649263,0.19398497412962,0.0784115508454976,0.108273584145654,0.11988472023347,0.139447977276684,0.168189956939005,0.191807236430069,74646,30173,41664,46132,53660,64720,0.191807236430069,44.7495251338797,989.120777302757,53.3427454819804,49089.7178217822,0.00108663785103916,2272281,1212903,-2043640,28768970,0,268113,0,0,5933587,4524990,7664012,19832246
"240","NM-500","Albuquerque CoC","Major City CoC","Sheltered and Unsheltered Count","35","New Mexico","NM",2740,296,174,506,662,503,365,234,1029,1673,15,6,10,2,3,2,1490,1250,425,16,263,3,1023,24,108,209,1280,490,2250,125,16,1509,1289,220,0,1231,1908,1504,404,0,148,2587,702,679037,15882874,3007611393,0,0,0.817679727,0.960185913,0.621748152,674357,0.0512784771271003,0.0288319095078719,0.0303029404306621,0.224952065449013,0.00104395742907688,0.115303911726281,0.548286738329994,0.491829995091621,0.508170004908379,0.489279417281944,0.510720582718056,34580,19443,20435,151698,704,77756,369741,331669,342688,329949,344408,0.159027568,0.000225772851366506,54308,26891,0.511955987,0.001919069,0.076523749,0.009206705,0.014120111,0.434602238,0.001946684,0.000475674,0.007507691,0.002382786,0.001117759,0.00862545,0.01148391,0.001055907,0.003313516,0.002309153,0,9.13058e-05,0,0,1.47267e-06,0,0.029278228,1.35802144324102e-08,0.339415286376,0.206604217054172,0.089161972071173,0.144476886871494,0.136328383927208,0.117457073923753,0.128194709923675,0.177776756228526,139325,60127,97429,91934,79208,86449,0.177776756228526,39.3,677.322626133824,107.712969985435,26693.8291970803,0.00403512621550814,11297389,8625880,3309967,90191344,4549363,1486053,766823,2650836,6971119,8148696,25334966,73141092
"241","NM-501","New Mexico Balance of State CoC","Largely Rural CoC","Sheltered and Unsheltered Count","35","New Mexico","NM",1891,277,154,369,404,316,239,132,748,1120,8,6,7,1,1,0,1121,770,475,11,79,3,687,8,85,89,591,397,1494,82,9,880,728,152,0,1011,1274,1033,241,0,0,1218,345,1415989,681490933,305174143064,0.838709677419355,0.354838709677419,30.730097647,14.773941608,0.638640554237346,1438831,0.115903118573342,0.011552433885564,0.0168699451151664,0.202255164088069,0.000934786642767636,0.121838492498424,0.530646059196667,0.498809102667374,0.501190897332626,0.477726710086174,0.522273289913826,166765,16622,24273,291011,1345,175305,763510,717702,721129,687368,751463,0.198646611840629,4.63993766242196e-06,50231.276454125,4791.01544150414,0.460655583900273,0.00363444886521944,0.197326961345697,0.0573138009469353,0.0527018062069945,0.457226715814407,NA,0.000247883225793421,0.00414339393028406,0.00291668941329982,0.00210665486070796,0.00625004879099202,0.00941462143008526,0.00131710066169652,0.00371048078052372,0.00223659924695884,0,0.000228109180544976,0,0,4.23732020289706e-06,0,0.0151950333230964,3.73458984652899e-10,2.383684703716,0.22720527984176,0.0951612802337453,0.126144071124406,0.12193787873628,0.109443708121385,0.127664750064462,0.192443031877962,326910,136921,181500,175448,157471,183688,0.192443031877962,39.4781994069163,351.207623185905,69.7662043984805,52241.2363828662,0.00133546235175556,6006725,5148786,2393793,92238591,1117496,2116049,0,0,22184023,18133930,41687376,98788178
"242","NV-500","Las Vegas/Clark County CoC","Major City CoC","Sheltered and Unsheltered Count","32","Nevada","NV",7906,971,508,1243,1710,1406,1379,689,2883,4949,36,21,12,0,0,5,7004,902,109,155,3407,2,3012,115,642,495,2709,1485,6421,444,31,3704,3163,541,0,4202,4185,3482,703,0,628,2142,1872,2228866,438384090,20439308551,0,0,0.942473425,0.98731075,0.582656382,2293764,0.0108359011650719,0.104661159561315,0.121250922065217,0.155163739600063,0.00805139499965995,0.128887278726146,0.471149603882527,0.500536236509074,0.499463763490926,0.314477426622791,0.685522573377209,24855,240068,278121,355909,18468,295637,1080706,1148112,1145652,721337,1572427,0.133552933,0.000109048013754406,61048,40777,0.517191439,0.003239698,0.113362156,0.007656184,0.016162812,0.409385311,0.004893057,0.000144019,0.004982354,0.000897766,0.000957886,0.00594024,0.006982025,0.000527623,0.001864177,0.00117414,0,0.000111716,3.14061e-06,0,4.48659e-07,0,0.033449297,3.05245019141059e-10,0.0830936846862,0.225370177577118,0.0803356404582163,0.146442702911023,0.141073362386017,0.130325962043174,0.120659318046669,0.155792836577782,516946,184271,335905,323589,298937,276764,0.155792836577782,38.3,529.183188668993,70.6739669410364,19924.4626865672,0.00354709524933307,25711365,33800294,1744704,3.12e+08,16189663,2565614,2630591,6643541,26496990,12319761,29420279,157522802
"243","NV-501","Reno, Sparks/Washoe County CoC","Other Largely Urban CoC","Sheltered and Unsheltered Count","32","Nevada","NV",1760,102,94,235,379,354,408,188,575,1160,4,3,14,2,0,2,1505,255,83,31,211,1,1258,37,44,129,385,162,1598,84,5,1397,1131,266,0,363,1516,1116,400,0,189,461,93,464182,582745905,16358036862,0,0,0.972008322,0.958282973,0.377823785,491770,0.0136893263110804,0.0556133965064969,0.0238668483234032,0.139532708379934,0.00709681355105029,0.105484271102345,0.654716635825691,0.507692620533989,0.492307379466011,0.256355613396506,0.743644386603494,6732,27349,11737,68618,3490,51874,321970,249668,242102,126068,365702,0.109112676,2.83763879441e-05,68272,21406,0.470117529,0.004491822,0.075893367,0.006906619,0.015714917,0.433883692,0.006164122,0.000204661,0.005497844,0.002759693,0.0016179,0.007115744,0.010080098,0.000827262,0.002184488,0.00163298,0,0.00015942,0,0,2.15433e-06,0,0.055133547,0,0.09020448806,0.20993553897147,0.0880574252191065,0.1496614270899,0.131138540374565,0.118949915610956,0.12924741240824,0.173009740325762,103240,43304,73599,64490,58496,63560,0.173009740325762,38.9,690.041961698509,75.2923249932139,19857.5806818182,0.00379161621950011,3933612,5409798,421924,61710571,3209876,670730,361319,0,3391081,4277715,13273287,34949342
"244","NV-502","Nevada Balance of State CoC","Largely Rural CoC","Sheltered and Unsheltered Count","32","Nevada","NV",440,33,20,49,93,89,91,65,144,294,0,0,2,0,0,0,394,46,14,4,20,1,371,2,5,20,109,55,385,17,0,91,68,23,0,349,157,98,59,0,106,141,88,337233,818378132,247740072938,0.333333333333333,0,14.802390717,5.271499693,0.284906874531603,355466,0.0277016648568358,0.0186093747362617,0.0167217117811549,0.116385252035356,0.00175262894341512,0.0659416090427777,0.752887758604198,0.519588371321027,0.480411628678974,0.195945603798957,0.804054396201043,9847,6615,5944,41371,623,23440,267626,184696,170770,69652,285814,0.114643341670421,1.36123718702705e-06,62177.706561932,3518.25754300439,0.396833329516213,0.00132389633448648,0.128004034319428,0.0280043775468771,0.0277054741049719,0.458635424347739,NA,0,0.0033804521098469,0.00124542985182352,0,0.0033804521098469,0.00462588196167042,0.00115647026605937,0.00316694984411075,0.00200751427464098,0,0.00129880528992418,0,0,2.965308156082e-06,0,NA,0,0.975699146297,0.204478065412726,0.068847653502726,0.122084812612177,0.119789234413418,0.113951826616329,0.14583673262703,0.225011674815594,72685,24473,43397,42581,40506,51840,0.225011674815594,44.095563304896,211.827507424837,24.2846133088992,18612.6659090909,0.00130473589476712,646765,374115,38688,22800651,0,324958,0,1026194,0,0,5778853,8189573
"245","NY-500","Rochester, Irondequoit, Greece/Monroe County CoC","Largely Suburban CoC","Sheltered and Unsheltered Count","36","New York","NY",1056,268,99,194,166,133,141,55,440,607,5,1,2,0,0,1,879,177,17,2,610,0,311,1,26,82,181,415,641,74,24,976,815,150,11,80,894,717,165,12,226,1453,470,743084,1838269506,1701477040,0,0,0.578374569,0.918798382,0.300529954,754068,0.00153434438273471,0.0380482927269159,0.146270628113114,0.068500453539999,0.00081027175268013,0.0332914272983338,0.711544582186222,0.485238731785462,0.514761268214538,0.097503142952625,0.902496857047375,1157,28691,110298,51654,611,25104,536553,365903,388165,73524,680544,0.140765719,0.000436728784773963,62087,27813,0.516915697,0.000910848,0.072606007,0.009601799,0.016329135,0.44289071,0.00165073,0.000734776,0.011613761,0.005136701,0.00310732,0.014721081,0.020592558,0.00082494,0.002326789,0.001622966,0.013662439,0.000196478,0,0,1.34574e-06,5.43988712697495e-10,0.030949395,0,0.84906264008,0.205533187988351,0.0966451301474138,0.138486184269854,0.122597696759443,0.117254677297008,0.136804638308481,0.182678485229449,154986,72877,104428,92447,88418,103160,0.182678485229449,39.5,1543.54418624984,217.278107185729,152893.830492424,0.001421104478094,24838216,22793094,3105746,1.5e+08,8264635,815717,1742645,2154720,19544418,14046437,64150257,161455885
"246","NY-501","Elmira/Steuben, Allegany, Livingston, Chemung, Schuyler
Counties CoC","Largely Rural CoC","Sheltered and Unsheltered Count","36","New York","NY",686,155,69,142,155,88,61,16,309,374,3,0,0,0,0,0,662,24,2,0,113,0,552,2,15,15,32,270,416,41,8,648,608,40,0,38,648,607,41,0,0,315,306,307325,115156780,9809272120,0.6,0,4.887455752,1.544303407,0.0926771331851916,302203,0.00185967710446289,0.0136001297141326,0.0284974007537979,0.0417500818985913,8.60348838363617e-05,0.0102083698705837,0.903998305774595,0.50029946757643,0.49970053242357,0.0292750237423189,0.970724976257681,562,4110,8612,12617,26,3085,273191,151192,151011,8847,293356,0.13953108759822,3.13300514289331e-05,55488.6479101928,4561.06039209306,0.484431202457854,0.00117222013855699,0.184570491795572,0.0373967073436232,0.0365499548815586,0.496217359314742,0.00145747430333686,0.000253802784794599,0.00820955018121533,0.00456845374181079,0.00155535662259823,0.00976490680381355,0.0145871633304189,0.000855771739354104,0.00188725293225087,0.00369966636702514,0.005511721,4.88082723563003e-05,0,0,3.25388815586106e-06,0,0.0171967785223363,0,1.55905544364,0.203277267267367,0.103857340926463,0.111878439327207,0.113605755071922,0.119055734059556,0.147616006459234,0.200709456888251,61431,31386,33810,34332,35979,44610,0.200709456888251,42.0387394452127,585.798154480858,81.7370536077442,36617.8425655977,0.00223216464654682,3939727,2290644,1165209,3330195,537297,102634,0,0,3078773,2492564,11512992,25119840
"247","NY-503","Albany City & County CoC","Largely Suburban CoC","Sheltered and Unsheltered Count","36","New York","NY",1011,214,46,246,200,164,108,33,332,673,3,3,0,0,0,0,900,111,7,7,465,6,410,2,60,42,128,325,686,38,1,838,684,154,0,173,674,515,155,4,25,838,218,306165,26971925,1354273421,0,0,0.762469182,0.904318909,0.287665148,315374,0.000754659547077438,0.072830987969839,0.122698764007179,0.069869424873325,0.000592946786989416,0.0253984158491188,0.707854800966472,0.48573439788949,0.51426560211051,0.0702752921927616,0.929724707807238,238,22969,38696,22035,187,8010,223239,153188,162186,22163,293211,0.120703778,0.000226073254671074,68327,35944,0.447744977,0.000444888,0.099292774,0.015494285,0.01694951,0.464605686,0.00205672,0.000538925,0.013649503,0.006421374,0.005686476,0.019335979,0.026296278,0.001342413,0.002825274,0.002270018,0.007322095,0.000140447,0,0,3.26621e-06,1.48302915290622e-07,0.040853788,0,0.63083155095,0.182110763728145,0.142830417218921,0.132997647237883,0.121249690843253,0.113297228053042,0.129528749992073,0.177985502926684,57433,45045,41944,38239,35731,40850,0.177985502926684,38.3,2152.35917051573,259.797883494194,78675.587537092,0.00330214100240067,8926528,7078418,448702,1.35e+09,2042248,351412,577203,5049858,14242002,12090966,28733682,79541019
"248","NY-505","Syracuse, Auburn/Onondaga, Oswego, Cayuga Counties CoC","Largely Suburban CoC","Sheltered and Unsheltered Count","36","New York","NY",1192,359,90,211,229,131,131,41,542,640,7,1,2,0,0,0,1085,107,17,7,440,0,602,5,94,55,83,567,625,55,27,1140,1027,113,0,52,1265,1098,167,0,881,921,497,656179,1449679512,6271865811,0.333333333333333,0,2.733251015,1.638590769,0.190217913240098,665020,0.00418182911792127,0.0302517217527292,0.0820306156205828,0.0631484767375417,0.000497729391597245,0.0163814622116628,0.803508165167965,0.491361162070314,0.508638837929686,0.0503984842561126,0.949601515743887,2781,20118,54552,41995,331,10894,534349,326765,338255,33516,631504,0.14210126918242,0.000104622614669011,61473.7724279503,17665.3053602752,0.48261503841637,0.000919858000756604,0.119689117157212,0.0206601726663913,0.0310539713560202,0.458443503715258,0.00167656065100681,0.00069950438785301,0.0106602006339444,0.00536438979942973,0.00360115180007285,0.0142613524340172,0.0203252466213,0.00106525850922995,0.00271572265199283,0.00258466074346329,0.025126186,0.000132585749219039,0,0,1.52397436403786e-06,0,0.0374775782321806,0,1.28860268159,0.208631319358816,0.0995894860304953,0.127587140236384,0.119456557697513,0.118025021803856,0.143460347057231,0.183250127815705,138744,66229,84848,79441,78489,95404,0.183250127815705,40.1897761129204,1381.58889995743,196.325536172294,108074.407718121,0.0018165774887645,20245123,16040718,3457599,94227854,4556424,506093,1214267,0,24097434,15486904,43220132,128824694
"249","NY-507","Schenectady City & County CoC","Largely Suburban CoC","Sheltered and Unsheltered Count","36","New York","NY",362,80,29,81,62,40,54,16,147,214,1,0,0,0,0,0,302,60,5,3,135,0,178,0,35,2,13,134,228,17,5,344,287,56,1,18,294,202,92,0,10,463,190,155086,12366944,530089712,0,0,0.738908798,0.911515175,0.278148898,159603,0.00385957657437517,0.048852465179226,0.108224782742179,0.0941774277425863,0.000338339504896524,0.0422924381120656,0.702254970144671,0.490999542615114,0.509000457384886,0.0805435988045338,0.919456401195466,616,7797,17273,15031,54,6750,112082,78365,81238,12855,146748,0.11399201,0.000292565572372399,66488,18642,0.474262462,0.000434941,0.177520212,0.010474351,0.017314159,0.450620946,0.001515311,0.000631907,0.011587119,0.004578105,0.004616793,0.016203912,0.021413924,0.001134854,0.002295501,0.00216654,0.016367799,0.000128961,0,0,0,0,0.021465509,0,0.77829288756,0.215810479752887,0.095386678195272,0.131520084208943,0.126752003408457,0.120668157866707,0.133857133011284,0.176005463556449,34444,15224,20991,20230,19259,21364,0.176005463556449,39.6,2009.32441493745,229.046928800794,98126.9944751381,0.00233418877268096,9796949,4230108,0,32198827,2423790,0,378473,0,7161758,6785090,4745804,35521972
"250","NY-508","Buffalo, Niagara Falls/Erie, Niagara, Orleans, Genesee,
Wyoming Counties CoC","Largely Suburban CoC","Sheltered and Unsheltered Count","36","New York","NY",1549,327,127,332,331,209,165,58,717,820,3,8,1,0,0,0,1401,148,11,7,818,8,620,3,33,66,84,523,1026,108,15,1528,1207,321,0,21,1599,1224,375,0,75,1210,389,1267223,3194758268,7878840500,0.2,0,4.530905056,2.410809349,0.219640110684634,1298994,0.00410471487936049,0.0358839224815511,0.10695430463882,0.0537508256389175,0.00020631350106313,0.022729127309287,0.776370791551,0.490147760497739,0.509852239502261,0.0572019578227459,0.942798042177254,5332,46613,138933,69822,268,29525,1008501,636699,662295,74305,1224689,0.132096024108997,0.000160838768090305,58919.1202621796,22076.036944563,0.476498379570814,0.00073489168851046,0.0896388539886164,0.018519731979837,0.0373572451251051,0.467909752045448,0.0013883880097039,0.00138491788645014,0.00995010315823419,0.00574089951597864,0.00481998831730958,0.0147700914755438,0.0218959088779725,0.000928013743435055,0.00242025271595449,0.00217877970979457,0.022931757,0.000301446552111744,0,6.31301860632264e-06,1.57825457482227e-06,9.39038462333514e-10,0.0327408828643704,1.32456142629109e-09,2.55054657234,0.201462824308657,0.0861612909682416,0.13537321958377,0.121654911416065,0.118906630823545,0.14541945536315,0.191021667536571,261699,111923,175849,158029,154459,188899,0.191021667536571,41.0705184486077,1713.03369578169,226.284940377503,185121.679147837,0.00122235786440114,34453630,44609225,12020637,176317815,12788681,3038894,3544509,1936315,62892798,39741500,71727292,286753481
"251","NY-510","Ithaca/Tompkins County CoC","Largely Rural CoC","Sheltered and Unsheltered Count","36","New York","NY",210,15,32,43,49,39,24,8,78,126,0,2,3,1,0,0,188,22,2,1,71,0,118,0,15,2,42,22,188,34,0,194,162,32,0,16,221,176,45,0,114,153,41,102237,43786803,1229315822,0,0,0.948260314,0.558937015,0.231070943,102879,0.0015066242867835,0.0953644572750513,0.0399012432080405,0.0675453688313456,0.000301324857356701,0.0275566442131047,0.767824337328318,0.489973658375373,0.510026341624627,0.0649598071520913,0.935040192847909,155,9811,4105,6949,31,2835,78993,50408,52471,6683,96196,0.174709456,8.31657725137455e-05,61361,8833,0.586940147,0.000293995,0.072741316,0.00636089,0.014720916,0.430558408,0.003883865,0,0.02030576,0.000401029,0.003442981,0.023748741,0.02414977,0.000625996,0.002670266,0.00269961,0.005697946,9.78119e-06,0,0,9.78119e-06,0,0.009967037,0,0.37431726099,0.14568570845362,0.256388572983797,0.120180017301879,0.109079598363126,0.0987567919594864,0.10958504651095,0.160324264427143,14988,26377,12364,11222,10160,11274,0.160324264427143,32.8,481.681920964553,84.1543863767521,40969.9619047619,0.0020540508817747,1420295,1271047,0,22463066,650089,0,0,0,1853342,1987860,1421059,8603692
"252","NY-511","Binghamton, Union Town/Broome, Otsego, Chenango,
Delaware, Cortland, Tioga Counties CoC","Largely Rural CoC","Sheltered and Unsheltered Count","36","New York","NY",800,122,63,207,192,122,71,23,307,491,0,2,0,0,0,0,760,40,4,1,134,6,608,1,36,16,1,208,592,33,8,732,712,20,0,68,798,699,99,0,0,534,134,439887,157144013,13107846519,0,0,5.853880579,2.151464905,0.116709518540466,443219,0.00167637217718554,0.0281847122979836,0.0331438859796173,0.0496594234452945,0.000385813785058854,0.0158905642583012,0.871059228056559,0.496436298985377,0.503563701014623,0.0433329798587154,0.956667020141285,743,12492,14690,22010,171,7043,386070,220030,223189,19206,424013,0.155944639801474,3.35590594047907e-05,54309.3417082114,8018.06458931498,0.497595027692762,0.00171719858130604,0.186277846991282,0.0277448406308029,0.0277488634903896,0.507571262842323,0.00131089934632985,0.000100025705337962,0.00565372453372571,0.00315308272192631,0.00250746220114029,0.008161186734866,0.0114142951621303,0.00096615725630446,0.00193231448248755,0.00369867694056428,0,9.32057341285376e-05,0,0,2.27330924073683e-06,0,0.0177159136950421,0,1.89913047203,0.18655563051223,0.134639986101679,0.108142927085707,0.107655583357212,0.11120461893556,0.14511787626433,0.206683377743283,82685,59675,47931,47715,49288,64319,0.206683377743283,41.3650071495634,610.108923571426,95.143216326011,52315.33,0.00181864888028062,5144665,3632980,557638,21012222,1184563,74804,326798,0,8483889,7851912,14595015,41852264
"253","NY-512","Troy/Rensselaer County CoC","Largely Suburban CoC","Sheltered and Unsheltered Count","36","New York","NY",270,89,19,60,52,34,11,5,128,141,0,0,0,1,0,0,244,26,1,2,99,0,147,1,5,3,17,164,106,5,5,245,203,42,0,25,150,97,53,0,38,734,136,159013,33525770,1689859764,0,0,0.910252704,0.668683672,0.1752624,160341,0.00129099855932045,0.0310400957958351,0.0675123642736418,0.0641570153610118,6.86037881764489e-05,0.0218347147641589,0.814096207457855,0.498331680605709,0.501668319394291,0.0594919577650133,0.940508042234987,207,4977,10825,10287,11,3501,130533,79903,80438,9539,150802,0.107914561,9.40983408135635e-05,72510,15355,0.423577377,0.000244443,0.106428581,0.022579897,0.026634449,0.460660449,0.001492095,0,0.011860665,0.00547754,0.001075384,0.012936049,0.018413589,0.001018785,0.001949526,0.002131901,0.004321705,0.000188664,0,0,0,2.98277821589183e-08,0.01496733,0,0.45187996314,0.192352548630731,0.10024884464984,0.138074478767128,0.128101982649478,0.1204121216657,0.142128338977554,0.178681684659569,30842,16074,22139,20540,19307,22789,0.178681684659569,40.2,1537.49677672862,165.918289699584,97715.4259259259,0.00169797437945325,7776361,3434821,0,32397962,0,0,304361,0,1195968,2117553,11554101,26383165
"254","NY-513","Wayne, Ontario, Seneca, Yates Counties CoC","Largely Rural CoC","Sheltered and Unsheltered Count","36","New York","NY",426,99,34,96,93,53,37,14,193,229,1,3,0,0,0,0,388,38,9,3,93,0,305,4,3,19,43,157,269,23,3,426,341,85,0,0,469,336,133,0,0,170,1,259153,2336346020,4946210490,0,0,3.85791358,1.538920278,0.102360381898184,261295,0.00146194913794753,0.0103293212652366,0.023674391013988,0.0499665129451386,0.000156910771350389,0.0165177290036166,0.897893185862722,0.498314165980979,0.501685834019021,0.0492814634799747,0.950718536520025,382,2699,6186,13056,41,4316,234615,130207,131088,12877,248418,0.106214559810718,5.23942522308629e-05,61595.5901764595,4483.33976454064,0.473242029021208,0.00160023345372102,0.143157143595494,0.0214683060180164,0.0225450374514978,0.475908054380131,0.00228605305719015,0.000239240798682631,0.00944229865543521,0.00455329476906692,0.00014663162874441,0.00958893028417962,0.0143814658519292,0.00120392192257084,0.00219947270030445,0.00316029529459045,0.0485896017,0.000150490079790317,0,0,0,0,0.0205554246883154,0,1.49023286352,0.205277559846151,0.0808549723492604,0.113435006410379,0.114349681394592,0.122620027172353,0.153527622036396,0.209935130790869,53638,21127,29640,29879,32040,40116,0.209935130790869,43.4284187333351,286.930288659187,30.4761743062978,18539.8873239437,0.00164381658711263,760003,0,107145,5884867,0,217818,0,0,318209,230700,6264117,7897992
"255","NY-514","Jamestown, Dunkirk/Chautauqua County CoC","Largely Rural CoC","Sheltered and Unsheltered Count","36","New York","NY",219,77,18,40,49,20,11,4,125,94,0,0,0,0,0,0,186,33,0,0,19,0,161,0,29,6,17,115,104,16,7,213,194,19,0,6,237,214,23,0,52,13,20,127584,1139029655,2746450219,0,0,0.96077308,0.559311279,0.130290632,126329,0.00283387029106539,0.00645140862351479,0.0267871985054896,0.0540414315002889,0.000554108716130105,0.0362624575513144,0.873069524812197,0.496291429521329,0.503708570478671,0.0933435711515171,0.906656428848483,358,815,3384,6827,70,4581,110294,62696,63633,11792,114537,0.177593551,4.64541461983804e-05,48315,5567,0.504109941,0.000391608,0.207387371,0.025082772,0.033995507,0.530285929,0.000946311,0.000611362,0.008112302,0.006176323,0.003754389,0.011866691,0.018654376,0.000893529,0.002092739,0.003824931,0.000184562,0.000290005,0,0,0,0,0.016067845,0,0.39792046176,0.206761709504548,0.0924728288833126,0.112167435822337,0.112254510049157,0.118420948475805,0.148350734985633,0.209571832279207,26120,11682,14170,14181,14960,18741,0.209571832279207,42.7,698.096401026383,123.977418798595,72226.1872146119,0.00171651617757713,614159,3154647,544480,2579852,789757,528887,0,0,2619601,2575241,4990763,15817535
"256","NY-518","Utica, Rome/Oneida, Madison Counties CoC","Largely Rural CoC","Sheltered and Unsheltered Count","36","New York","NY",369,94,36,74,75,48,31,11,164,204,1,0,0,0,0,0,339,30,3,2,115,2,219,2,21,21,69,147,222,24,6,265,229,36,0,104,288,251,37,0,22,447,126,300064,134048568,4836267564,0.5,0,1.921760559,0.96482021,0.159615948627973,297217,0.0020052688776214,0.0344798581507787,0.0467974577497249,0.0580215801922501,0.000427297227278386,0.0211764468385052,0.837092090963841,0.498551563335879,0.501448436664121,0.0582268174431476,0.941773182556852,596,10248,13909,17245,127,6294,248798,148178,149039,17306,279911,0.128712096477491,6.20445407598214e-05,59601.0704449717,8515.98774261491,0.441400422928202,0.000703383273999217,0.153845037925765,0.012314694598339,0.0150231762150874,0.459368668420137,0.00104972153628559,0.000176628769475845,0.00935133797603178,0.00647528526664312,0.00331595959378666,0.0126672975698184,0.0193192116059374,0.000949797277634105,0.00210955016719766,0.00274941363367815,0.005996522,0.000133304700863816,0,0,0,0,0.0215120772336835,0,0.6466637621,0.208914698688164,0.100855603818086,0.117452904780009,0.115097723212333,0.119091438242092,0.143884771059529,0.194702860199787,62093,29976,34909,34209,35396,42765,0.194702860199787,41.2258491521809,1419.34724918777,182.687160072518,148557.83197832,0.00122973765596673,5048842,6761395,2247,31722123,1381784,0,432018,0,9797644,6874003,24519907,54817840
"257","NY-519","Columbia, Greene Counties CoC","Largely Rural CoC","Sheltered and Unsheltered Count","36","New York","NY",158,16,8,36,46,27,19,6,65,93,0,0,0,0,0,0,138,20,0,0,20,0,117,0,10,0,7,29,129,8,0,146,137,9,0,12,33,24,9,0,0,46,6,107351,63272461,3319911216,0,0,1.972829472,0.440230132,0.147609244439213,108799,0.00165442697083613,0.017435822020423,0.0375830660208274,0.0672248825816414,0.000147060175185434,0.0252392025662001,0.850715539664887,0.510013878804033,0.489986121195967,0.0624362356271657,0.937563764372834,180,1897,4089,7314,16,2746,92557,55489,53310,6793,102006,0.107629926707595,3.23355032756996e-05,63428.3344822126,4343.96648377751,0.502633162662304,0.00150211239702557,0.321360939177419,0.0297750712350421,0.0306442383183296,0.590287933556464,0.00173892601958063,0.000996730011355274,0.00688396037215303,0.00461104207796853,0.000745218806857877,0.00762917917901091,0.0132369512683347,0.000987414930955464,0.00159290550723328,0.00444336822181442,0.008128517,6.52066342893872e-05,0,0,0,1.58046517267599e-08,0.0268092518703598,0,0.75465215381,0.163126499324442,0.0680612873280085,0.114100313421998,0.116517615051609,0.126765871009844,0.165865495087271,0.245562918776827,17748,7405,12414,12677,13792,18046,0.245562918776827,48.5740328455254,548.230065341794,59.0059617516372,40090.8164556962,0.00147180743542212,1129058,0,963078,1922461,0,0,0,0,365395,558893,3317925,6334349
"258","NY-520","Franklin, Essex Counties CoC","Largely Rural CoC","Sheltered and Unsheltered Count","36","New York","NY",56,6,2,15,15,9,9,0,19,32,5,0,0,0,0,0,49,7,2,0,3,0,43,0,8,0,0,10,46,2,0,56,56,0,0,0,12,12,0,0,2,7,40,87670,492972817,8866610342,0,0,1.992699406,0.432980162,0.142397627379583,84143,0.0395517155318921,0.0053599229882462,0.0298064010078081,0.0285347563077142,1.18845299074195e-05,0.0158539628964976,0.880881356737934,0.520316603876734,0.479683396123266,0.0279761834020655,0.972023816597934,3328,451,2508,2401,1,1334,74120,43781,40362,2354,81789,0.145357444035816,9.88765679537291e-06,55117.9613778944,1653.65045055321,0.485416132505794,0.00208752695056652,0.328635710845277,0.0320439298006274,0.0359464518512604,0.595699783416562,0.00201442739006502,0.000353598930603399,0.0114064105357705,0.00393521182560739,0.00431162298155583,0.0157180335173263,0.0200068442735371,0.00147142665452264,0.00349036140707198,0.00626211918482947,0.00456937855,0.000228128297748375,0,0,1.14064097000114e-05,0,0.00831527296368199,0,0.37729526858,0.183413950061205,0.0749913837158171,0.121341050354753,0.119356333860214,0.124573642489571,0.157327406914419,0.218996232604019,15433,6310,10210,10043,10482,13238,0.218996232604019,45.0743663739021,460.522143222876,66.9403216607733,104797.464285714,0.000638758982548192,299322,0,336973,1091526,0,0,0,0,1728110,2391305,1112948,5868658
"259","NY-522","Jefferson, Lewis, St. Lawrence Counties CoC","Largely Rural CoC","Sheltered and Unsheltered Count","36","New York","NY",200,20,21,59,49,27,18,6,84,115,1,0,0,0,0,0,187,13,1,0,15,0,171,1,10,11,9,37,163,17,3,169,159,10,0,31,52,42,10,0,0,465,98,246262,1931418063,13529510702,0,0,2.964616251,0.836846899,0.126243593919549,250544,0.00387157545181685,0.0131633565361773,0.0325890861485408,0.0523580688421994,0.00110958554186091,0.0142290376141516,0.882679289865253,0.517086819081678,0.482913180918322,0.046534740404879,0.953465259595121,970,3298,8165,13118,278,3565,221150,129553,120991,11659,238885,0.156623196291714,1.82018408074134e-05,53715.3281789314,2978.47228561451,0.457324884615653,0.00158254739383285,0.261924110122215,0.0405735257339013,0.0344879946687187,0.524697273625651,0.00200988493558893,9.33963900317548e-05,0.00776408842811315,0.0052464444587147,0.00644841667486661,0.0142125051029798,0.0195523459517262,0.00100299680050515,0.00207096507905402,0.0041662943919809,0.000510349,8.93358847438906e-05,0,0,1.21821653179947e-05,0,0.0123445761970665,0,0.62969974808,0.222232422249186,0.121962609362028,0.13717351044128,0.115939715179769,0.106755699597675,0.127905677246312,0.16803036592375,55679,30557,34368,29048,26747,32046,0.16803036592375,36.6973093696957,951.676638330003,149.054636931398,183532.465,0.000812143164597055,2100876,1818542,230511,0,1815147,0,0,0,7657130,10349762,12734525,36706493
"260","NY-523","Glens Falls, Saratoga Springs/Saratoga, Washington, Warren,
Hamilton Counties CoC","Largely Suburban CoC","Sheltered and Unsheltered Count","36","New York","NY",529,105,36,107,106,87,54,34,236,288,3,1,1,0,0,0,481,48,6,2,42,0,458,0,10,28,19,180,349,24,11,515,472,43,0,14,161,114,47,0,35,227,62,359258,526655686,10944668212,0,0,3.802348027,1.63861554,0.0911768146176146,368620,0.00165210786175465,0.021406868862243,0.0170012478975639,0.0456974662253812,0.000385220552330313,0.0114725191253866,0.902384569475341,0.499376051218057,0.500623948781943,0.0347647984374152,0.965235201562585,609,7891,6267,16845,142,4229,332637,184080,184540,12815,355805,0.0727093790524915,3.28249329299997e-05,76874.3166749244,7746.48879078545,0.415795954017016,0.000428845691635669,0.190677851904278,0.0153615669834993,0.0162157543641784,0.517280060434306,0.00401471335225381,0.000247732968894221,0.00740136607680274,0.00246619409037795,0.0004537130344961,0.00785507911129884,0.010569006170571,0.00100763219375769,0.0021989767886505,0.0038050646392008,0.024392427,0.000219897692779562,0,0,0,0,0.0222375005673444,0,0.95397767211,0.18849221420433,0.0757717975150562,0.118306114698063,0.124686669198633,0.133286311106288,0.153852205523303,0.205604687754327,69482,27931,43610,45962,49132,56713,0.205604687754327,44.4515768611972,768.618333601499,55.8857617645258,37953.5103969754,0.00147247938807208,4245719,643225,2411,33939943,0,0,0,0,1674305,2049961,11461786,20077407
"261","NY-525","New York Balance of State CoC","Largely Rural CoC","Sheltered and Unsheltered Count","36","New York","NY",948,194,88,210,225,123,85,23,416,527,0,1,1,1,2,0,816,132,1,2,159,1,685,1,42,22,79,329,619,65,9,884,883,1,0,64,971,966,5,0,145,202,206,526786,605898029,16770914358,0.375,0,7.643036982,3.326097717,0.153483577831592,524734,0.00590966089485339,0.0135116077860402,0.0328109099086394,0.0630147846337382,0.000444034501290177,0.0405557863603273,0.843753215915111,0.505080669443947,0.494919330556053,0.0955493640587421,0.904450635941258,3101,7090,17217,33066,233,21281,442746,265033,259701,50138,474596,0.127494845776019,3.14106904820437e-05,65470.9562497864,5464.97499553899,0.460159123625905,0.00126311852500566,0.238711123915252,0.0328717704589302,0.0330355934271962,0.51649436387101,0.00152548447742157,0.000387253952341178,0.00875497820526931,0.00369409959845364,0.0026728122638187,0.011427790469088,0.0155091440198828,0.00113138923160828,0.0023140327018087,0.00395796394983542,0.030566796,0.000201220230097421,0,0,1.89830417664858e-06,0,0.0245697494812372,2.11520737610101e-09,2.56236953416,0.203878536553759,0.0879588515323955,0.114324591126171,0.119121307176589,0.126826163351336,0.150878349792466,0.197012200467284,106982,46155,59990,62507,66550,79171,0.197012200467284,42.925035593201,590.215240679357,75.2494010850706,41814.6951476793,0.00179959224428895,1188417,944483,1830136,28713893,0,1072408,0,0,8685705,9209439,16709743,39640331
"262","NY-600","New York City CoC","Major City CoC","Sheltered and Unsheltered Count","36","New York","NY",140134,45900,15604,34115,21934,10712,8536,3333,61277,78155,482,81,66,8,2,63,55304,84830,672,1422,51242,799,13729,1024,443,624,4280,87455,52679,6823,3734,135737,132892,2808,37,4397,112324,108962,3322,40,15886,39794,1194,8379552,445408358,778180766,0.6,0.2,0.150534913,4.999968558,0.68056382952995,8516202,0.00692562247818922,0.146180656588465,0.22700201333881,0.105429979232526,0.0006998424884708,0.155242794851508,0.358519091022031,0.480029243082773,0.519970756917227,0.284227523020238,0.715772476979762,58980,1244904,1933195,897863,5960,1322079,3053221,4088026,4428176,2420539,6095663,0.172884131687571,0.0107681304474698,68634.7543332865,335950.620603464,0.525239803637676,0.00869200044312157,0.0931652648308998,0.00968672112169589,0.0162738609577624,0.42002185791984,0.00243375092908535,0.000992534985169374,0.0165168731947531,0.00745576846096641,0.0189954069054936,0.0355122801002468,0.0439605835463826,NA,NA,NA,0.061687623,1.4678602782687e-05,1.93327570982709e-05,3.22213178842616e-05,2.38676348413853e-07,1.99816735280571e-07,0.033343906603307,6.55589384079688e-07,17.51272362946,0.204339563575406,0.0804762498587986,0.169665656122295,0.138759038360058,0.123566585198425,0.122816837834518,0.160376069050499,1740197,685352,1444907,1181700,1052318,1045933,0.160376069050499,38.0301406805519,5557.85289130687,960.864571160845,57456.5390197953,0.0167233284070557,290004865,335406480,208524907,4.428e+09,161812985,14438399,29461650,89846502,2.531e+09,1518243373,2872875478,8051614639
"263","NY-601","Poughkeepsie/Dutchess County CoC","Largely Suburban CoC","Sheltered and Unsheltered Count","36","New York","NY",705,191,62,133,133,75,84,27,342,362,0,0,1,0,0,0,596,109,5,4,302,0,319,3,41,13,40,328,377,55,16,658,543,115,0,47,588,446,142,0,72,262,1,293524,76906718,2060598611,0,0,0.828577725,0.682603891,0.294606233,297144,0.00507834585251595,0.0343335217941469,0.098884715828016,0.0977034703712678,0.000467786662358991,0.0551079611232264,0.708424198368468,0.497745200979996,0.502254799020004,0.148591255418248,0.851408744581752,1509,10202,29383,29032,139,16375,210504,147902,149242,44153,252991,0.08793081,0.000142445985566085,81842,11940,0.530392603,0.001634952,0.09133302,0.01064699,0.010894595,0.412780556,0.0014121,0.000623458,0.009263297,0.002848149,0.001223069,0.010486366,0.013957973,0.00087216,0.001280986,0.00188741,0.005885418,5.79169e-05,0,0,0,1.30027788355238e-08,0.013842139,3.15757167284628e-08,0.46081213332,0.186246399052311,0.102381336994858,0.119783673908947,0.121479821231457,0.131421129149503,0.152370567805508,0.186317071857416,55342,30422,35593,36097,39051,45276,0.186317071857416,42.6,1248.1796899839,109.753451165833,45695.4212765957,0.00240184788978073,3322529,4716635,171808,26150563,2138442,0,0,0,3889505,3213711,14762642,32215272
"264","NY-602","Newburgh, Middletown/Orange County CoC","Largely Suburban CoC","Sheltered and Unsheltered Count","36","New York","NY",779,261,58,146,133,87,79,15,351,426,1,1,0,0,0,0,540,239,1,1,327,0,316,0,53,10,104,412,367,25,9,666,609,57,0,113,321,264,57,0,66,305,77,382077,67953621,2103272841,0,0,0.81873093,0.724178316,0.368755513,403840,0.0108706418383518,0.0284147187004754,0.114116977020602,0.108570225832013,0.000423435023771791,0.0942848652931854,0.643319136291601,0.49898969889065,0.50101030110935,0.231794770206022,0.768205229793978,4390,11475,46085,43845,171,38076,259798,201512,202328,93608,310232,0.113802461,0.000181658314866245,80816,12854,0.550073053,0.002162112,0.095907503,0.020199079,0.0199634,0.377578342,0.002717433,0,0.00976243,0.001978659,0.000549627,0.010312057,0.012290716,0.000704047,0.001614858,0.001981276,0.00204116,4.18764e-05,0,0,2.61727e-06,1.47158996838447e-08,0.040193469,4.5055076911441e-08,0.57598489827,0.256883914421553,0.102684231378764,0.118655903328051,0.123175019809826,0.127567848652932,0.127548038827258,0.143485043581616,103740,41468,47918,49743,51517,51509,0.143485043581616,36.9,771.107068333887,87.7538820708915,43040.7445442875,0.0020388560421067,5756116,8334590,0,21890474,2614545,906470,148060,0,2048609,1004007,12716343,33528740
"265","NY-603","Nassau, Suffolk Counties CoC","Largely Suburban CoC","Sheltered and Unsheltered Count","36","New York","NY",4002,1396,248,605,658,421,476,198,1941,2052,9,0,0,0,0,0,3239,763,55,15,1950,18,1209,16,417,115,217,2320,1682,88,63,3793,3716,62,15,209,4001,3901,82,18,0,2130,409,2837047,4224708706,3096237894,0,0,0.427674848,1.97606727,0.368565624634579,2913818,0.0031583990489454,0.0774993496505273,0.0929440342533405,0.0958937723632705,0.000193217283989597,0.0867926548603928,0.643518572539534,0.49391519991983,0.50608480008017,0.204330538146171,0.795669461853829,9203,225819,270822,279417,563,252898,1875096,1439179,1474639,595382,2318436,0.0595510055716359,0.000916288443306547,112373.971370936,44926.4607410452,0.56677470757359,0.00173439860633248,0.099432213239162,0.00668692849861564,0.0111419067241998,0.370117942878159,0.000707239755811589,0.00024003830810191,0.00424984127835069,0.00189457526246269,0.0012343819055047,0.0054842231838554,0.00761883675442,0.000864279234732452,0.00235138825794215,0.0017779052419047,0.017733079,3.80677401001464e-05,0,0,3.52479424435337e-07,4.26064685255722e-09,0.0353219383590113,1.34928761356895e-07,1.641353492412,0.212594952738984,0.0864861841062139,0.119290566535041,0.121799302495901,0.134489525426777,0.146940886493254,0.17839858220383,619463,252005,347591,354901,391878,428159,0.17839858220383,41.7477850032093,3079.42255208782,183.382709556803,130001.340829585,0.00141062167810403,27137558,41334226,8891933,196023659,10944647,8394131,3103828,4971961,21882333,17604749,3.76e+08,520265366
"266","NY-604","Yonkers, Mount Vernon/Westchester County CoC","Largely Suburban CoC","Sheltered and Unsheltered Count","36","New York","NY",1611,584,117,276,239,182,153,60,740,867,3,1,0,0,0,0,1039,572,16,12,984,2,363,5,25,20,78,988,623,48,43,1561,1147,414,0,50,1626,1104,522,0,3756,1531,157,968738,179391718,1115811940,0,0,0.409348836,0.95466904,0.472763534,996888,0.00520720482140421,0.0611914277230742,0.139639558305447,0.113347738161158,0.000158493230934669,0.133449294203561,0.547006283554421,0.487502106555601,0.512497893444399,0.269925006620603,0.730074993379397,5191,61001,139205,112995,158,133034,545304,485985,510903,269085,727803,0.083791369,0.000868191103959687,99489,54665,0.532948974,0.003694641,0.06066726,0.006967567,0.011562122,0.388459005,0.001272691,0.000330327,0.013886107,0.006232851,0.001662988,0.015549095,0.022112273,0.000885688,0.002969843,0.00166815,0.001037212,2.78713e-05,0,0,1.03227e-06,3.34463865212551e-08,0.025954386,1.14981493426213e-07,1.34633269764,0.215409353909366,0.0852121803051095,0.114662830729229,0.130617481602748,0.138322459493945,0.138596311722079,0.177179382237523,214739,84947,114306,130211,137892,138165,0.177179382237523,41.5,6156.21538102471,515.837714634917,310187.210428305,0.001662988341533,42134860,23132518,8503175,2.29e+08,7604913,149727,1334652,0,16866512,14985239,3.85e+08,499711596
"267","NY-606","Rockland County CoC","Largely Suburban CoC","Sheltered and Unsheltered Count","36","New York","NY",130,23,9,31,28,18,13,8,35,95,0,0,0,0,0,0,87,43,2,0,59,0,45,0,1,1,25,38,92,5,6,94,94,0,0,36,45,45,0,0,170,77,44,325213,66919666,449840998,0,0,0.299516507,0.996101428,0.370720113,338936,0.00426334175183515,0.0592884792409186,0.110416125758255,0.0838535888781363,0.000123917199707319,0.100340477258243,0.641714069912904,0.494559444850945,0.505440555149055,0.200483277078859,0.799516722921142,1445,20095,37424,28421,42,34009,217500,167624,171312,67951,270985,0.145480838,0.000722951001455852,94840,33685,0.598686976,0.001769352,0.05115315,0.004698887,0.012849251,0.327849748,0.00118305,0.000249068,0.009901203,0.006303561,0.000448937,0.01035014,0.016902769,0.000851749,0.001946417,0.00217396,0.001144719,4.91985e-05,0,0,0,0,0.023406198,4.06521131726637e-08,0.97379504229,0.294253192343097,0.0903090849009843,0.114593905634102,0.113401940189298,0.113103948828097,0.11845304128213,0.155884886822291,99733,30609,38840,38436,38335,40148,0.155884886822291,35.1,2324.87633307356,338.224957181908,846116.561538462,0.000399738017852915,5954313,4829355,1043871,81683983,2160496,2139892,397105,0,1671866,734877,91063378,109995153
"268","NY-608","Kingston/Ulster County CoC","Largely Rural CoC","Sheltered and Unsheltered Count","36","New York","NY",617,178,52,86,130,80,62,29,297,318,2,0,0,0,0,0,547,70,3,1,156,2,416,1,29,7,45,284,333,43,8,553,540,13,0,64,88,75,13,0,97,165,65,178371,94596810,2911757764,0,0,0.954396276,0.438765803,0.23049711,182109,0.004909147818065,0.0206524663800252,0.0614192598937999,0.103212910948937,0.000219648671949217,0.0457967481014118,0.763789818185812,0.498157696764026,0.501842303235974,0.118401616614226,0.881598383385774,894,3761,11185,18796,40,8340,139093,90719,91390,21562,160547,0.136691238,6.12588733188315e-05,65306,7329,0.569115066,0.001055816,0.179028253,0.027409455,0.026706649,0.478620404,0.00152373,0.00010652,0.011509719,0.003733791,0.001267022,0.012776741,0.016617052,0.001188534,0.002270548,0.003565602,0.003387197,0.000112126,0,0,0,2.11423902624201e-08,0.015142596,0,0.30576713562,0.173720134644636,0.088672168865899,0.12461218281359,0.123222904963511,0.128390139971116,0.153776035231647,0.207606433509601,31636,16148,22693,22440,23381,28004,0.207606433509601,44.2,575.240841271693,78.6303827415892,22731.5721231767,0.00345908247416901,2710396,1372713,366485,10174867,0,0,0,0,2166516,1314309,6094961,14025380
"269","OH-500","Cincinnati/Hamilton County CoC","Largely Suburban CoC","Sheltered and Unsheltered Count","39","Ohio","OH",1031,187,86,154,185,168,183,68,353,666,1,0,11,0,0,0,1009,22,5,1,618,1,346,1,48,145,107,258,773,79,8,961,758,183,20,70,894,611,263,20,0,1863,1114,815790,18612559,1050120461,0,0,0.270147732,0.976179784,0.354069062,827878,0.00101585016149723,0.0272709263925361,0.251010414577993,0.060739625886906,0.000692130966156849,0.0159033094248186,0.643367742590092,0.485515981823409,0.514484018176591,0.0451938570658962,0.954806142934104,841,22577,207806,50285,573,13166,532630,401948,425930,37415,790463,0.14840281,0.000776853732783329,59190,35691,0.4488789,0.000786446,0.093428045,0.019392265,0.027171797,0.465928732,0.001490158,0.000612903,0.012743476,0.010523542,0.005570061,0.018313537,0.029449982,0.000887483,0.003109869,0.002592579,0.00235847,0.000149548,0,0,0,3.22362807054097e-07,0.04753184,5.41175731600186e-09,0.9181308555,0.230927745392437,0.0919519542734557,0.149801057643759,0.126290347128442,0.111532133961767,0.127454769905711,0.162041991694428,191180,76125,124017,104553,92335,105517,0.162041991694428,36.9,2145.69980817583,318.427880949754,251959.535402522,0.00126380563625443,31302545,29411742,3135127,1.91e+08,9334307,873750,2575479,3598750,52746587,28173500,98618494,259770281
"270","OH-501","Toledo/Lucas County CoC","Other Largely Urban CoC","Sheltered and Unsheltered Count","39","Ohio","OH",563,153,34,104,88,74,78,32,255,307,0,1,0,0,0,0,506,57,0,3,232,0,243,1,66,25,64,221,342,37,2,551,503,48,0,12,588,533,55,0,172,898,117,430319,663490729,879721651,1,0,0.50754762,0.95014828,0.320699295,428748,0.00195452806776941,0.0173901685838768,0.194851054698797,0.069588662804258,0.000564434119809305,0.0236875740528236,0.691963577672665,0.485886814632371,0.514113185367629,0.0766417569294784,0.923358243070522,838,7456,83542,29836,242,10156,296678,208323,220425,32860,395888,0.186736421,0.000489153585694801,49946,20813,0.454534705,0.000732895,0.1086224,0.038602851,0.04723311,0.473104836,0.001310624,0.000743634,0.008723761,0.01043412,0.006009495,0.014733256,0.02591101,0.001206082,0.002774686,0.002326181,0.002148548,0.000432237,0,0,2.32386e-06,1.35646097163477e-08,0.031678824,0,0.73492891053,0.229293197869145,0.0889403565730919,0.140380829764804,0.119559741386549,0.118556821256309,0.132273503316634,0.170995549833469,98309,38133,60188,51261,50831,56712,0.170995549833469,38.3,1713.45370593652,319.964212595772,244558.934280639,0.00130833172599862,7396291,14728676,3929089,57186338,4937005,1684589,1286380,0,28779900,17091103,57853647,137686680
"271","OH-502","Cleveland/Cuyahoga County CoC","Largely Suburban CoC","Sheltered and Unsheltered Count","39","Ohio","OH",1637,295,98,258,318,265,283,120,604,1018,7,0,6,2,0,0,1534,103,10,3,1151,4,401,1,33,82,317,421,1216,83,14,1522,1440,47,35,115,1585,1443,91,51,0,4495,1281,1241475,2041734546,1184169993,0,0,0.093048946,0.994344636,0.417608893,1249418,0.00210658082403167,0.0324855252605613,0.289746906159508,0.0649870579741928,0.00029773862710478,0.0230347249679451,0.587341466186657,0.479736165158498,0.520263834841502,0.0679228248672582,0.932077175132742,2632,40588,362015,81196,372,28780,733835,599391,650027,84864,1164554,0.17104416,0.00104839255118669,51741,33220,0.47351808,0.00075563,0.113157277,0.03292678,0.052447818,0.497629835,0.000585537,0.000901347,0.01167885,0.012239473,0.00492962,0.01660847,0.02974929,0.001325037,0.004344026,0.003609416,0.001804679,0.000264202,5.63845e-06,1.61099e-06,8.05493e-07,2.93867732597987e-09,0.052795264,4.68049612514544e-08,1.045236288225,0.20619760560517,0.0830626739810056,0.14308021814957,0.121807113391995,0.117208172124941,0.138421248933503,0.190222967813814,257627,103780,178767,152188,146442,172946,0.190222967813814,40.5,2639.34767572238,451.445006141888,342368.777642028,0.00131859280291589,65022883,62680583,15037651,2.64e+08,17572372,2234454,4722220,4476346,1.04e+08,50711180,2.34e+08,560457689
"272","OH-503","Columbus/Franklin County CoC","Major City CoC","Sheltered and Unsheltered Count","39","Ohio","OH",2380,479,215,371,449,372,375,119,1006,1353,10,7,2,0,0,2,2261,119,21,11,1294,4,786,4,209,91,224,760,1620,158,45,1866,1748,118,0,514,1301,1173,128,0,0,3593,443,1304715,29029553,1378950150,0,0,0.276560202,0.986273679,0.378284146,1321635,0.00235163263684754,0.0539596787312685,0.230325316747816,0.0780132184756003,0.000368482977524052,0.0302844582657088,0.604697212165235,0.491060693761893,0.508939306238107,0.0708440681428685,0.929155931857132,3108,71315,304406,103105,487,40025,799189,649003,672632,93630,1228005,0.151076284,0.000946165457830365,62352,40740,0.429947294,0.000768435,0.071925974,0.015886237,0.023271693,0.428812423,0.004149596,0.00078178,0.009779147,0.006121643,0.000161721,0.009940868,0.016844291,0.000679842,0.002311616,0.002219642,0,3.83225e-05,0,0,1.5329e-06,0,0.065566043,0,0.729086484435,0.233743809750801,0.0948718821762438,0.176389850450389,0.141129737030269,0.115916270377222,0.110843765487445,0.127104684727629,308924,125386,233123,186522,153199,146495,0.127104684727629,34.7,1666.59117403655,251.782401520639,138027.006722689,0.00182415316755,28608664,19142067,28427932,2.64e+08,12080559,3876137,1654847,10400927,2320424,1992719,2.2e+08,328504276
"273","OH-504","Youngstown/Mahoning County CoC","Largely Suburban CoC","Sheltered and Unsheltered Count","39","Ohio","OH",253,51,22,51,36,37,37,19,91,162,0,0,0,0,0,0,233,20,1,0,108,0,124,0,6,16,68,76,177,21,1,223,207,16,0,30,273,253,20,0,45,492,40,228452,35461887,1065746923,1,0,0.736993054,0.843566011,0.247658151,227063,0.00254995309671765,0.00927495893210254,0.142713696198852,0.0650436222546166,0.000206991011305232,0.0199460061744978,0.760264772331908,0.490462999255713,0.509537000744287,0.0650260059983353,0.934973994001665,579,2106,32405,14769,47,4529,172628,111366,115697,14765,212298,0.175551856,0.000214358582764588,47092,11374,0.479605933,0.001729561,0.111625274,0.041063149,0.043282536,0.48715704,0.000580947,0.000341428,0.007585839,0.007012414,0.00540595,0.012991789,0.020345631,0.000731007,0.002648259,0.001733406,0,0.000131319,0,0,0,0,0.034269781,0,0.5104417262,0.203260769037668,0.0808277878826581,0.120693375847232,0.112691191431453,0.117843946393732,0.144470917762912,0.220212011644345,46153,18353,27405,25588,26758,32804,0.220212011644345,43.4,1347.02517127901,236.472768896749,213528.367588933,0.00110745364452927,3070055,6908186,867653,24627377,1555864,277623,606509,0,13331768,7398977,20006042,54022677
"274","OH-505","Dayton, Kettering/Montgomery County CoC","Largely Suburban CoC","Sheltered and Unsheltered Count","39","Ohio","OH",781,110,103,107,143,126,145,47,330,440,5,4,1,0,0,1,754,27,6,2,375,5,355,5,19,56,38,172,609,86,12,689,595,94,0,92,593,476,117,0,0,1436,290,531988,7494894,1194894573,0,0,0.52361738,0.944763628,0.298059355,535528,0.00163950344333069,0.0216608655383099,0.204838962668619,0.0641254985733706,0.000181129651484143,0.0155920885555937,0.691961951569292,0.484310811012683,0.515689188987317,0.0405039512406447,0.959496048759355,878,11600,109697,34341,97,8350,370565,259362,276166,21691,513837,0.160190602,0.000445217521295077,53064,20030,0.452818805,0.000704607,0.109260937,0.035480189,0.039689171,0.479204418,0.000925386,0.000533847,0.007334752,0.009592322,0.004392956,0.011727708,0.021853877,0.001184237,0.003184282,0.002449303,0,0.000107145,0,0,1.87974e-06,0,0.035837275,0,0.59189516868,0.222417875442554,0.090561091110082,0.138299024514124,0.119887288806561,0.114746567873202,0.131044501874785,0.183043650378692,119111,48498,74063,64203,61450,70178,0.183043650378692,38.8,1677.36246916409,268.697703707602,183026.829705506,0.00146807822732844,22623721,16482574,7174080,61813139,5372371,923805,1345758,0,18623348,15214744,55183553,142943954
"275","OH-506","Akron, Barberton/Summit County CoC","Largely Suburban CoC","Sheltered and Unsheltered Count","39","Ohio","OH",695,95,75,355,57,47,49,17,278,412,3,0,2,0,0,0,674,21,5,8,309,0,314,2,57,44,136,141,554,55,14,484,363,106,15,211,483,328,133,22,0,784,281,540810,19007561,1069129523,0,0,0.275501673,0.962179976,0.237405004,538087,0.001211699966734,0.0405046024155945,0.139953204593309,0.059925253722911,0.000130090487226043,0.00830906526268057,0.749966083551545,0.487147989079833,0.512852010920167,0.0258025189235198,0.97419748107648,652,21795,75307,32245,70,4471,403547,262128,275959,13884,524203,0.127809438,0.000505841423668178,59253,20583,0.458144226,0.000176428,0.078980188,0.020124877,0.030479804,0.455174645,0.001026344,0.000277362,0.009019804,0.007858582,0.00796398,0.016983784,0.025119728,0.001431187,0.002895657,0.002512897,0,0.000190455,0,0,1.84908e-06,0,0.045955141,0,0.6853360644,0.208230267596132,0.0806523852090833,0.134151168863028,0.122519220869488,0.123249586033485,0.141426943970027,0.189770427458757,112046,43398,72185,65926,66319,76100,0.189770427458757,41.2,2358.70818134901,301.465167064218,234583.276258993,0.00128510937297757,12011540,16619676,1823302,78382864,4315203,913543,1050275,0,43608715,29698603,52994520,163035377
"276","OH-507","Ohio Balance of State CoC","Largely Rural CoC","Sheltered and Unsheltered Count","39","Ohio","OH",4089,731,365,847,889,625,476,156,1746,2296,9,9,27,1,1,0,3973,116,24,4,559,8,3223,39,164,108,528,1173,2916,285,41,2819,2386,433,0,1270,3745,3034,711,0,204,3514,2014,6210210,7446256788,96511142635,0.2125,0.025,75.158632017,33.605382394,0.112611811860372,6277925,0.00115882238159902,0.0171117049024956,0.0387411445660788,0.0483787238617855,0.000353301449125308,0.0119052075327437,0.882351095306172,0.499324219387775,0.500675780612225,0.0362481233847171,0.963751876615283,7275,107426,243214,303718,2218,74740,5539334,3134720,3143205,227563,6050362,0.118647816617636,6.43470777616496e-05,62157.6574908095,8333.73860932239,0.421167775305012,0.000765524245607641,0.0970195198762517,0.0243899872376065,0.0340664168206616,0.431024071644529,0.00183177970777504,0.00045554010351212,0.00539917330808733,0.00457907221436892,0.00203294251822756,0.00743211582631489,0.0124667281441959,0.000891596272967581,0.00224259732904733,0.0019015460191731,0.0683042672,0.000141219057679628,0,0,0,6.04330172683e-09,0.0310424285752596,0,19.35748520883,0.222359139365316,0.0895335640358877,0.117140934305523,0.12178817045441,0.125304778250776,0.138352879335131,0.185520534252958,1395954,562085,735402,764577,786654,868569,0.185520534252958,40.9353899626583,805.782297952697,95.6043103212291,145200.010760577,0.000658431840469163,12725878,34776762,18386327,460204411,10157528,8453553,317280,0,108311907,76169470,324424139,593722844
"277","OH-508","Canton, Massillon, Alliance/Stark County CoC","Largely Suburban CoC","Sheltered and Unsheltered Count","39","Ohio","OH",330,88,24,48,71,47,38,14,163,163,2,0,0,0,0,2,323,7,3,1,108,0,187,0,31,22,23,135,195,11,7,265,241,24,0,65,279,249,26,4,97,590,172,371516,13646459,1489745358,0,0,0.671145615,0.852416814,0.140440789,373764,0.000931068802773943,0.00870602840294945,0.0751115677272289,0.0558614526813711,0.000329084663049411,0.00615361565051744,0.85290718207211,0.48917498742522,0.51082501257478,0.029128005907471,0.970871994092529,348,3254,28074,20879,123,2300,318786,182836,190928,10887,362877,0.133247886,0.000249382216903676,55045,14505,0.430901529,0.000894234,0.0758885,0.0208629,0.034683673,0.449496119,0.001415905,0.000621777,0.002915083,0.005396807,0.006408876,0.009323959,0.015342543,0.001057828,0.002495182,0.00197838,0,7.80585e-05,0,0,0,0,0.026001572,0,0.497552803,0.216379854667651,0.0823112980383344,0.120370073094252,0.119222290001177,0.120822230070312,0.139965325713552,0.200928928414722,80875,30765,44990,44561,45159,52314,0.200928928414722,41.9,1539.4999913832,205.13511934883,230942.360606061,0.000888252457498466,5428141,10519886,1548876,18243934,3679002,561106,453485,0,21863417,15992245,16164821,76210979
"278","OK-500","North Central Oklahoma CoC","Largely Rural CoC","Sheltered and Unsheltered Count","40","Oklahoma","OK",267,37,59,69,46,31,18,7,72,192,1,2,0,0,0,0,245,22,34,0,22,0,189,1,11,23,45,49,218,59,10,180,75,104,1,87,333,87,246,0,0,14,20,338154,404956801,21135334639,0.5,0,7.869120933,3.2109447,0.262575631365804,337394,0.0716284225564177,0.0147750108182125,0.0351043587022887,0.102500340847792,0.00870792011713309,0.0254598481300794,0.741824098828076,0.503049846766688,0.496950153233312,0.0750902505675857,0.924909749432414,24167,4985,11844,34583,2938,8590,250287,169726,167668,25335,312059,0.171123614273331,1.59994627847539e-05,49671.4295025343,4870.84650780414,0.441846618258329,0.00226249806638177,0.152001255170431,0.0535339351753047,0.0510789564543285,0.452394471192977,0.00190883463371422,0.000275022629985155,0.00432643110347652,0.00259645003784666,0.00317311058962189,0.00749954169309841,0.0103710143609302,0.00112374836111653,0.00327069931007174,0.0026526375541144,0.006815666,0.000227706708662325,0,0,2.95722682091591e-06,0,0.0175570893598006,0,1.30820638887,0.226195486582453,0.128469978719242,0.124750291943544,0.118588356639419,0.106513453114163,0.121463333669241,0.174019099331938,76317,43345,42090,40011,35937,40981,0.174019099331938,36.7790352916127,432.126755078733,73.9470921532793,93653.5767790262,0.000789581078443549,504912,946456,338143,11342362,0,516712,0,0,6858739,6155581,9684962,25005505
"279","OK-501","Tulsa City & County CoC","Major City CoC","Sheltered and Unsheltered Count","40","Oklahoma","OK",1389,147,97,238,287,307,232,81,504,865,6,6,6,0,0,2,1275,114,141,13,304,7,716,5,146,81,462,228,1161,86,6,855,658,191,6,534,965,757,202,6,189,582,567,650291,42925549,1476917124,1,0,0.52787026,0.948670136,0.388616788,673708,0.0505486056273638,0.0370279112018857,0.0972854708568104,0.142079357822677,0.00158080355287454,0.0450432531601228,0.626434597778266,0.49081055887714,0.50918944112286,0.152089629334964,0.847910370665036,34055,24946,65542,95720,1065,30346,422034,330663,343045,102464,571244,0.143420213,0.000440302972612836,57024,22801,0.44051679,0.001441461,0.107026422,0.016814318,0.031033161,0.437251938,0.004251387,0.000327546,0.00863152,0.005981937,0.001177934,0.009809454,0.016118937,0.00113949,0.002626516,0.002132891,0.014863769,0.000130711,0,0,1.53777e-06,0,0.043437476,0,0.643423276749,0.252222030909533,0.0910646749036675,0.142805191566673,0.133969019219009,0.116284799943002,0.115088435939606,0.14856584751851,169924,61351,96209,90256,78342,77536,0.14856584751851,36,906.175011214515,129.963813123663,60845.4269258459,0.00213596682100783,7869040,9889190,605314,87203243,6446835,348231,612930,2079006,12035657,7928422,36699673,84514298
"280","OK-502","Oklahoma City CoC","Major City CoC","Sheltered and Unsheltered Count","40","Oklahoma","OK",1838,215,180,297,396,343,326,81,659,1140,15,15,4,2,2,1,1658,180,164,7,636,3,824,7,122,136,474,316,1522,171,19,1405,1146,232,27,433,1417,1128,259,30,0,1114,222,792668,24721024,1836035183,0,0,0.558583752,0.924086893,0.446034153,800487,0.0314658451667547,0.0340467740263115,0.145099170879727,0.138053459956252,0.00100438857845287,0.0509877112307883,0.599342650161714,0.491307166762234,0.508692833237766,0.196215553781635,0.803784446218365,25188,27254,116150,110510,804,40815,479766,393285,407202,157068,643419,0.155466222,0.000431728110299507,55519,23970,0.458200609,0.001680947,0.104628827,0.01796423,0.031217058,0.430838636,0.005348872,0.000175357,0.011626557,0.002841038,0.003799825,0.015426382,0.018442777,0.000801092,0.002009669,0.001347348,0,0.000452901,0,0,1.26156e-06,0,0.049371237,4.41985970200224e-09,0.58338779464,0.255164668508046,0.0930408613756376,0.149652648949952,0.135120245550521,0.111632043993219,0.113630827233921,0.141758704388703,204256,74478,119795,108162,89360,90960,0.141758704388703,35.1,883.605619379912,137.370827382965,59243.4488574538,0.00231875135617938,11446987,11679510,878876,2.06e+08,5227343,97328,863578,3616277,28909388,17052524,29117648,108889459
"281","OK-503","Oklahoma Balance of State CoC","Largely Rural CoC","Sheltered and Unsheltered Count","40","Oklahoma","OK",148,20,9,22,51,40,5,1,57,90,0,1,0,0,0,0,124,24,11,0,12,0,101,0,2,3,57,33,115,7,0,79,50,29,0,69,96,64,32,0,0,61,8,341811,295895674,48195982622,0.625,0.0625,15.898751116,3.518024451,0.269385713270021,354080,0.0471814279258925,0.0181173746046091,0.0294707410754632,0.111853253502033,0.0010901491188432,0.0453993447808405,0.746887708992318,0.503312810664257,0.496687189335743,0.138804789877994,0.861195210122006,16706,6415,10435,39605,386,16075,264458,178213,175867,49148,304932,0.123915943666752,7.09210563628956e-06,60777.9012407442,4428.8367957731,0.381405289861836,0.00170997540173232,0.15141160381652,0.0410660407191489,0.0483118496483203,0.408392357406385,0.00135641622268651,0.000251600973344919,0.00201280811175767,0.0010883208541621,0.00133992182887327,0.00335272994063093,0.00469265176813795,0.00134284733290327,0.00281734653651872,0.00316256658755277,0,0.000181386818317725,0,0,0,0,0.0255375048053661,0,1.97297002824,0.253487912336195,0.0878869182105739,0.130566538635337,0.139078739267962,0.115440013556258,0.118408269317668,0.155131608676005,89755,31119,46231,49245,40875,41926,0.155131608676005,37.1756900743393,236.408810320778,29.2948208220332,67657.3783783784,0.000432987820754745,380599,0,464467,2652863,0,315993,0,0,3090642,2469100,3292491,10013292
"282","OK-504","Norman/Cleveland County CoC","Largely Suburban CoC","Sheltered and Unsheltered Count","40","Oklahoma","OK",240,27,13,36,54,50,45,15,104,131,3,1,1,0,0,0,211,29,13,2,53,0,157,1,9,13,109,46,194,11,0,149,129,20,0,91,164,135,29,0,0,77,5,282189,49261324,1395713124,0,0,0.824737756,0.842850762,0.290004217,297545,0.0419096271152263,0.0462988791611353,0.0490177956275521,0.124035019912954,0.00131408694483187,0.0247391150918348,0.712685476146465,0.499164832210254,0.500835167789746,0.10630660908434,0.89369339091566,12470,13776,14585,36906,391,7361,212056,148524,149021,31631,265914,0.120425554,0.000202182665726657,65412,13111,0.436613121,0.000656982,0.068434346,0.007870079,0.017127981,0.411103906,0.004329937,0.000315391,0.005237624,0.001243847,0.000613064,0.005850688,0.007409926,0.000556365,0.001289916,0.000942631,0,2.83498e-05,0,0,0,0,0.018494697,0,0.198374916354,0.207629098119612,0.149849602581122,0.140617385605539,0.135001428355375,0.111744442017174,0.110595036044968,0.14456300727621,61779,44587,41840,40169,33249,32907,0.14456300727621,35.1,351.10946439949,42.2825517649519,49715.2958333333,0.000850493817973061,694371,2516894,364270,16487402,923028,358574,0,0,892389,933275,5248870,11931671
"283","OK-505","Northeast Oklahoma CoC","Largely Rural CoC","Sheltered and Unsheltered Count","40","Oklahoma","OK",293,40,23,42,84,52,34,18,185,106,0,1,0,0,1,0,286,7,99,0,14,0,154,3,16,10,135,61,232,22,3,76,76,0,0,217,80,80,0,0,0,61,1,476679,665958266,17717540026,1,0.0909090909090909,10.767925235,3.795092478,0.358528485611491,475751,0.172569264173906,0.0143205164045898,0.0171413197239733,0.129746442992238,0.00108039709848219,0.01898472099901,0.646157338607801,0.497289548524333,0.502710451475667,0.0608343440160925,0.939165655983908,82100,6813,8155,61727,514,9032,307410,236586,239165,28942,446809,0.154464988470556,2.69043557570908e-05,52356.3033341095,3270.54580755603,0.425639908599091,0.00133738022011727,0.169657385106424,0.04208295248287,0.0529716018818702,0.455125985989515,0.00241692347085145,0.00031257935838793,0.00147059125142706,0.00360410249152155,0.000776203743724813,0.00224679499515187,0.00616347684506135,0.000920955117462695,0.00258245065118455,0.00209155417950445,0.038827225,0.000178317026750706,0,0,0,1.20127638193472e-08,0.0152807235936993,0,1.7393557518,0.2323463324302,0.0876845240472432,0.120817402380657,0.121614037595297,0.120489499759328,0.132375969782512,0.184672234004763,110539,41716,57479,57858,57323,62978,0.184672234004763,39.8365048596645,407.85641457929,62.9995363756322,102493.365187713,0.000614669410651613,563923,0,676148,3790518,0,1189876,0,0,2157590,1807396,23635623,30030556
"284","OK-506","Southwest Oklahoma Regional CoC","Largely Rural CoC","Sheltered and Unsheltered Count","40","Oklahoma","OK",474,31,31,103,114,111,63,21,208,266,0,0,0,0,0,0,414,60,67,1,92,0,246,2,6,27,108,52,422,30,1,123,81,42,0,351,146,103,43,0,12,9,34,414831,368139433,36243233316,1,0.125,15.890250753,3.26731525,0.313563836849965,412459,0.0511493263572864,0.0112908192086971,0.065371346000451,0.121740585124825,0.00153469799422488,0.0291810822409015,0.719732143073615,0.511803597448474,0.488196402551526,0.125159106723335,0.874840893276665,21097,4657,26963,50213,633,12036,296860,211098,201361,51623,360836,0.149555328616989,1.14457503386396e-05,53736.3494194021,3482.61279171518,0.404044803698084,0.00177039676786188,0.180977139370765,0.0529824807833238,0.0660567018375049,0.449737362947569,NA,0.000115709807309483,0.00176939513213574,0.00315550200774773,0.00402332518315651,0.00579272031529225,0.00906393213034947,0.00143431928039611,0.00337727900643877,0.00277944494778114,0,0.000269989462547399,0,0,2.41062115897799e-06,0,0.0181085790672756,0,2.27984285127,0.239548658169661,0.0912599797798084,0.13594078441736,0.132662882856235,0.112723931348328,0.126238001837758,0.161625761590849,98804,37641,56070,54718,46494,52068,0.161625761590849,37.5888354534738,604.913977564626,90.4681086996873,79175.0548523207,0.00114263398829885,153972,1474220,288182,1425128,875747,683431,0,0,10193521,8536901,15323002,37528976
"285","OK-507","Southeastern Oklahoma Regional CoC","Largely Rural CoC","Sheltered and Unsheltered Count","40","Oklahoma","OK",818,190,71,170,173,106,98,10,360,451,0,0,7,0,0,0,778,40,136,2,108,0,479,0,88,11,67,275,543,64,20,384,384,0,0,434,490,490,0,0,0,76,178,532807,1493296725,45697275878,0.952380952380952,0.428571428571429,20.857540496,4.172679588,0.347157601137904,519920,0.132922372672719,0.00734343745191568,0.0447299584551469,0.132385751654101,0.00169641483305124,0.021118633635944,0.659803431297123,0.500184643791353,0.499815356208647,0.0686817202646561,0.931318279735344,69109,3818,23256,68830,882,10980,343045,260056,259864,35709,484211,0.18827288883378,1.16594915071624e-05,44839.6306373602,2770.15163839814,0.440679335787137,0.00243661830603498,0.206035615876984,0.060799849299906,0.0618818565300024,0.47975345682866,0.000983713695526523,0.000523641769691464,0.00289598298559141,0.00390197577747477,0.0049980575303365,0.00789404051592791,0.0123196580630941,0.00165350682922334,0.00341774785772334,0.00304050055820588,0.02089043,0.000163286103556635,0,0,0,2.00897608678543e-09,0.0212666124069485,0,3.17635421001,0.237798122788121,0.084062932758886,0.12426142483459,0.122126480997076,0.116314048315125,0.129231420218495,0.186205570087706,123636,43706,64606,63496,60474,67190,0.186205570087706,39.4178732636771,544.215878895062,102.461095668788,66738.3728606357,0.00153526511476013,264579,0,812474,16177063,0,622515,0,0,17292155,15313494,20286772,54591989
"286","OR-500","Eugene, Springfield/Lane County CoC","Other Largely Urban CoC","Sheltered and Unsheltered Count","41","Oregon","OR",3085,252,216,459,667,627,563,301,1061,1967,15,29,5,4,2,2,2783,302,110,13,113,1,2470,12,317,151,1500,425,2660,198,13,989,920,69,0,2096,1205,1088,117,0,368,976,407,377749,436058218,11795044831,0,0,0.97878103,0.819691308,0.186459792,382628,0.00952883740865802,0.0260069832840252,0.0116875921260336,0.0946742005289733,0.0022005707893829,0.0356560418997042,0.820245773963223,0.494127455387478,0.505872544612522,0.102041669715755,0.897958330284245,3646,9951,4472,36225,842,13643,313849,189067,193561,39044,343584,0.171762221,3.20260758150907e-05,54942,16666,0.536089581,0.001915659,0.055623804,0.008978285,0.023927831,0.433136818,0.002764371,0.000322966,0.008272689,0.002784918,0.00157512,0.009847809,0.012955693,0.001193914,0.003229658,0.002668439,0,0.000267373,0,0,2.64726e-06,2.29327134878123e-09,0.02420655,0,0.083023563965,0.177809778688439,0.124679845698694,0.130612500914727,0.125241749166292,0.112466939168069,0.124679845698694,0.204509340665085,68035,47706,49976,47921,43033,47706,0.204509340665085,40.2,577.418504550236,99.1786847880471,12144.1325769854,0.00816679858848071,10266424,4027418,788400,59317064,3017841,407410,0,0,4599643,3345708,11011805,37464649
"287","OR-501","Portland, Gresham/Multnomah County CoC","Major City CoC","Sheltered-Only Count","41","Oregon","OR",7384,894,361,1320,1910,1472,1051,376,2901,4222,51,135,36,30,6,3,6691,693,191,52,582,4,2022,142,270,522,2974,1425,5959,320,50,3440,2745,695,0,3944,3820,2995,825,0,887,5995,2430,809869,88031754,1116334868,0,0,0.627971811,0.987183418,0.310721857,803863,0.00928018829079084,0.0747266636230303,0.0552345362331641,0.117572272887295,0.00614034978597099,0.0373521358738989,0.699693853305849,0.497894541731613,0.502105458268386,0.130873046775383,0.869126953224617,7460,60070,44401,94512,4936,30026,562458,400239,403624,105204,698659,0.131832971,0.000725471382481265,71425,67069,0.516174576,0.002039725,0.05339025,0.008192574,0.015285454,0.436780516,0.005268818,0.000579106,0.012345206,0.004676065,0.000464273,0.012809479,0.01806465,0.002065766,0.004504432,0.006652928,0.026968423,0.000339561,0,1.23477e-06,1.23477e-06,3.52145699700588e-07,0.067139253,8.0950273271407e-08,0.602467218183,0.179245717242864,0.0774335925400224,0.181548348412603,0.170918427642521,0.136021934085783,0.110950497783826,0.143881482292381,144089,62246,145940,137395,109343,89189,0.143881482292381,38.5,1729.15834865836,227.960082433085,25002.4111592633,0.00911752394523065,57125473,19391002,4040292,3.05e+08,8020572,1822484,1457132,5055967,16073028,5365509,66266345,184617804
"288","OR-502","Medford, Ashland/Jackson County CoC","Largely Suburban CoC","Sheltered-Only Count","41","Oregon","OR",1163,143,74,201,247,223,190,85,414,732,5,9,0,3,0,0,977,186,13,1,10,0,516,5,33,84,306,219,944,66,1,607,333,264,10,556,831,493,338,0,29,133,478,218781,46774848,7208589510,0,0,0.975723005,0.794046377,0.199724839,222563,0.00668574740635236,0.0117000579611166,0.0066273369787431,0.10458611718929,0.00204885807614024,0.0390271518626187,0.829324730525739,0.490935150946024,0.509064849053976,0.142094597934068,0.857905402065932,1488,2604,1475,23277,456,8686,184577,109264,113299,31625,190938,0.137015798,3.0350042778341e-05,56327,9701,0.541172936,0.000713569,0.068813721,0.010517245,0.024907079,0.440248468,0.003333751,0.000745037,0.010000868,0.002129984,0,0.010000868,0.012875889,0.001001001,0.002097988,0.001860308,0,0.00041137,0,0,4.57078e-06,0,0.02622257,0,0.104871797226,0.204229813580874,0.0736645354349106,0.123812134092369,0.12530833966113,0.111788572224494,0.131890745541712,0.229305859464511,45454,16395,27556,27889,24880,29354,0.229305859464511,42.7,352.10906685922,48.2445047787514,9075.65004299226,0.00531581810120623,485889,1792741,1073415,37764984,1072826,151441,0,0,0,0,5978669,10554981
"289","OR-503","Central Oregon CoC","Largely Rural CoC","Sheltered and Unsheltered Count","41","Oregon","OR",1799,224,109,322,435,342,266,101,682,1095,5,5,11,0,0,1,1645,154,179,5,24,0,1377,8,95,91,322,365,1434,114,5,555,489,66,0,1244,719,628,91,0,150,142,70,239530,141942148,20145537167,0.333333333333333,0,2.975827748,1.539176549,0.159696071655221,253650,0.020307510348906,0.00995466193573822,0.00423418095801301,0.0745002956830278,0.00142716341415336,0.0293987778434851,0.860177409816677,0.498904001576976,0.501095998423024,0.0998896116696235,0.900110388330376,5151,2525,1074,18897,362,7457,218184,126547,127103,25337,228313,0.103089251431094,1.18899783120387e-05,66637.9339748675,7740.09064000334,0.512387806477339,0.000933143095985522,0.148086982712523,0.0132033073384169,0.0227894918956373,0.467674195150933,0.00778038313273911,0.00035486173219221,0.00498058734406964,0.000918465086248069,0,0.00498058734406964,0.00625391416250992,0.00137352290639586,0.00287646621229909,0.00169916061501273,0,0.000559428489445998,0,0,4.1748415536676e-06,0,0.0199014738206571,0,0.167137189343,0.197082594125764,0.0654878769958604,0.128929627439385,0.136073329390893,0.125164596885472,0.135556869702346,0.21170510546028,49990,16611,32703,34515,31748,34384,0.21170510546028,42.9748002337912,225.975666864918,23.2956623387467,3101.72873818788,0.00751054147705924,1392932,1636945,289634,26312802,0,0,0,0,0,0,2260499,5580010
"290","OR-504","Salem/Marion, Polk Counties CoC","Largely Suburban CoC","Sheltered-Only Count","41","Oregon","OR",1755,112,84,315,445,376,299,124,622,1110,5,15,0,3,0,0,1536,219,20,4,49,2,676,35,32,65,713,172,1583,92,0,877,674,198,5,878,1146,855,286,5,146,273,494,428472,34789563,4977355091,0,0,1.905395444,1.642414002,0.330324969090223,435085,0.013620327062528,0.0204971442361837,0.010501396278888,0.139522162336095,0.0096509877380282,0.0927772734063459,0.713430708941931,0.499288644747578,0.500711355252422,0.256483215923325,0.743516784076675,5926,8918,4569,60704,4199,40366,310403,217233,217852,111592,323493,0.131134505973025,8.60842741107136e-05,62577.9389645064,16691.0175460707,0.502283915002115,0.00288934407254958,0.0554545627704861,0.00678389934727123,0.0228443984186458,0.373599675085088,0.00300450575090088,0.000156369910257847,0.00935650384863422,0.00210282085626132,0.00114593248107228,0.0105024363297065,0.0127616270962257,0.00078884991078997,0.00175040605742266,0.0018227558354945,0.009355044,0.000177374597560634,0,0,0,0,0.0234717788256829,0,0.465206962506,0.23542985853339,0.0972729466655941,0.13686061344335,0.12986198099222,0.115802659250491,0.115873909695807,0.168898031419148,102432,42322,59546,56501,50384,50415,0.168898031419148,37.2790996844601,647.344378667577,84.8891852909875,20725.1504273504,0.00409595026046043,4628732,5670990,305802,79093795,2755971,0,0,4144662,3236360,3046564,12583558,36372639
"291","OR-505","Oregon Balance of State CoC","Largely Rural CoC","Sheltered and Unsheltered Count","41","Oregon","OR",6462,628,450,1159,1519,1365,974,367,2480,3906,15,26,25,5,3,2,5766,696,303,33,112,2,5295,40,244,389,1966,964,5498,471,22,1397,1034,363,0,5065,1686,1266,420,0,28,86,481,1091100,5383482999,196666486159,0.653846153846154,0,25.768072142,11.237674831,0.195087526318081,1118351,0.0132346642512056,0.014708262432814,0.00665265198493139,0.0995018558574187,0.00201189072124941,0.0383359070631671,0.825554767689214,0.502702639868878,0.497297360131122,0.127097843163729,0.872902156836271,14801,16449,7440,111278,2250,42873,923260,562198,556153,142140,976211,0.140816163859445,5.54797119382035e-06,56134.0300549904,4505.34361561727,0.49483528948534,0.00180290946334155,0.134809826645242,0.018436765360604,0.0281730122709697,0.460293281865988,NA,0.000295114985085693,0.00931995243492439,0.0022518558523985,0.000515993038136743,0.00983594547306113,0.0123829163105453,0.00116304648081569,0.00304096790928238,0.00221336257902392,0.0258649001,0.00102648693568509,0,0,2.74951720630556e-06,5.01533822371415e-09,0.0187471359763716,0,2.607304345015,0.201416192233029,0.0873214223441478,0.119927464633197,0.120184092471863,0.111832510544543,0.135961786594727,0.223356531178494,225254,97656,134121,134408,125068,152053,0.223356531178494,42.8062668866282,252.996032101012,35.6259307121254,6015.3904363974,0.00592246356887545,2574823,2480318,2813313,181494036,747583,850825,0,0,3972724,4514213,20917654,38871453
"292","OR-506","Hillsboro, Beaverton/Washington County CoC","Largely Suburban CoC","Sheltered-Only Count","41","Oregon","OR",874,161,61,133,198,149,131,41,354,500,4,11,2,1,1,1,712,162,12,4,62,0,408,35,59,70,407,299,575,43,11,644,567,77,0,230,817,705,112,0,2382,600,911,595761,6118186,1875855586,0,0,0.836843939,0.94504907,0.353341357,600266,0.00894603392495993,0.111780444003159,0.0229281685119597,0.122494027647743,0.00509940593003768,0.0690077399019768,0.659744180080164,0.499343624326549,0.500656375673451,0.181937674297728,0.818062325702272,5370,67098,13763,73529,3061,41423,396022,299739,300527,109211,491055,0.084519669,0.000317594277750547,86626,35737,0.463184573,0.001950323,0.038753275,0.00638705,0.017010585,0.389471617,0.004534389,8.39263e-05,0.004607552,0.001134683,0.00040956,0.005017112,0.0062357213,0.000854369,0.002056194,0.001131326,0,0.000132604,0,0,0,0,0.034176457,2.32544435734617e-08,0.305406152952,0.219945824018019,0.0799129052786598,0.15576261190872,0.155454415209257,0.132551235618876,0.113094861278167,0.143278146688302,132026,47969,93499,93314,79566,67887,0.143278146688302,37.8,650.326399408733,54.9653720199879,37467.0766590389,0.00146703124239418,9154819,6842148,0,75861637,3577955,506117,317705,0,2013263,1962237,8371981,32746225
"293","OR-507","Clackamas County CoC","Largely Suburban CoC","Sheltered-Only Count","41","Oregon","OR",353,54,12,57,85,73,58,14,131,216,1,0,0,2,0,3,315,38,14,2,13,4,120,0,15,35,225,83,270,11,4,175,156,19,0,178,235,198,37,0,113,969,365,415084,31863504,4845115802,0,0,0.930570562,0.828904061,0.190137418,422308,0.00576356592818512,0.0497480511853908,0.0105325970618601,0.0953285279937865,0.00205300396866742,0.034072288471921,0.802501965390189,0.496230239540809,0.503769760459191,0.0978290726199835,0.902170927380016,2434,21009,4448,40258,867,14389,338903,209562,212746,41314,380994,0.074796326,8.56706045763981e-05,82911,23006,0.505245857,0.001041863,0.056258441,0.007048594,0.018261189,0.406732131,0.004053005,0.000366191,0.004066647,0.000994979,0.001069663,0.00513631,0.00649748,0.000845612,0.001761089,0.001211803,0.00250548,0.000240915,0,0,0,0,0.036628731,1.96197678364592e-09,0.146475257004,0.210779809996495,0.0722340093012683,0.120764939333378,0.139180408611724,0.131053638576584,0.132566752228232,0.193420441952319,89014,30505,51000,58777,55345,55984,0.193420441952319,42.1,1596.65504238453,119.423931059737,140427.657223796,0.000850430274354107,7602296,4406852,3132888,46712696,2221169,537465,385824,0,4544926,3102840,23636703,49570963
"294","PA-500","Philadelphia CoC","Major City CoC","Sheltered and Unsheltered Count","42","Pennsylvania","PA",5191,916,374,872,1117,856,783,273,1965,3169,14,18,24,1,0,0,4602,589,34,26,3451,9,1259,19,90,236,1080,1469,3722,235,120,4215,3487,509,219,976,4751,3785,724,242,6,5362,1060,1581531,21606282,347981635,1,1,0,1,0.65866872,1582432,0.00443115407170735,0.0776962296010192,0.398981441224647,0.0734603445835271,0.000514398091039615,0.0835833704070696,0.36133306202099,0.47358117126044,0.52641882873956,0.152008427534327,0.847991572465673,7012,122949,631361,116246,814,132265,571785,749410,833022,240543,1341889,0.230694713,0.00454486915667259,49127,113531,0.522101436,0.001891947,0.110279617,0.03501417,0.040953621,0.435730314,0.002031586,0.001514988,0.011937167,0.005884172,0.007720367,0.019657534,0.027056694,0.001850106,0.004574681,0.007750718,0.02273485,0.000221937,1.20137e-05,2.71888e-05,0,1.01822447418765e-06,0.029625723,5.72367186983876e-07,2.02560908949,0.214051535863784,0.0977868243311561,0.18678148571313,0.134024716385917,0.108631524135002,0.115192311581161,0.143531601989849,338722,154741,295569,212085,171902,182284,0.143531601989849,35.1,2374.6243332049,547.813279031521,166901.114043537,0.0032822625670948,71972315,87925197,28087832,5.8e+08,26376276,4170588,7682117,19169358,3.26e+08,1.1e+08,1.85e+08,866383683
"295","PA-501","Harrisburg/Dauphin County CoC","Largely Suburban CoC","Sheltered and Unsheltered Count","42","Pennsylvania","PA",382,67,34,47,58,86,70,20,146,231,1,1,0,0,2,1,326,56,4,4,192,3,130,0,25,34,82,110,272,26,5,326,211,96,19,56,324,198,101,25,57,263,110,277071,86047350,1359407361,0,0,0.78039007,0.851735853,0.354995651,287484,0.00348541136202363,0.0613147166451002,0.176587218766957,0.0707135005774234,0.000511332804608256,0.0385308399771813,0.648856979866706,0.488416746671119,0.511583253328881,0.112788885642331,0.887211114357669,1002,17627,50766,20329,147,11077,186536,140412,147072,32425,255059,0.118876163,0.000203817492790522,63123,23633,0.417693963,0.000606545,0.089009722,0.012612714,0.026706921,0.450693144,0.002251483,0,0.008034042,0.005056466,0.008023214,0.016057256,0.021113722,0.000938388,0.001736017,0.001869557,0,0.000151586,0,0,3.60918e-06,0,0.065524721,0,0.46294962177,0.224475101223025,0.0815001878365405,0.138355525872744,0.123412085542152,0.122229411028092,0.133012619832756,0.177015068664691,64533,23430,39775,35479,35139,38239,0.177015068664691,39.4,3080.62215290212,366.212541189803,265620.091623037,0.00137870798459601,9259704,6865894,0,44046000,2250335,542308,337147,6962088,29136362,14621144,31491893,101466875
"296","PA-502","Upper Darby, Chester, Haverford/Delaware County CoC","Largely Suburban CoC","Sheltered and Unsheltered Count","42","Pennsylvania","PA",575,216,50,88,106,40,60,15,293,282,0,0,0,0,0,0,571,4,2,0,398,0,138,0,36,6,41,354,221,4,11,468,395,73,0,107,448,362,86,0,0,417,198,565328,17591835,476068778,0,0,0.1137261,0.992151934,0.340970198,576195,0.00112982584021035,0.0613056343772508,0.220229262662814,0.0492558942719045,0.000565780681887208,0.0229505636112774,0.644563038554656,0.484332561025347,0.515667438974653,0.0481312750023863,0.951868724997614,651,35324,126895,28381,326,13224,371394,279070,297125,27733,548462,0.09909637,0.00118749228289027,76238,42080,0.508190415,0.001388385,0.067409431,0.013472987,0.021090475,0.397549741,0.000579732,0.000217573,0.006911032,0.002007684,0.002418065,0.009329097,0.011554354,0.000495288,0.00147525,0.000711092,6.97728e-05,4.06843e-05,1.76888e-06,0,1.76888e-06,5.11602215459615e-07,0.023349277,1.80014330147901e-07,0.94118066752,0.221034545596543,0.0972049393000634,0.127552304341412,0.129246175339946,0.119572366993813,0.13515216202848,0.170237506399743,127359,56009,73495,74471,68897,77874,0.170237506399743,39,1320.40497498869,130.84733995132,128646.373913043,0.00101710865196841,8778148,14675985,1027467,87639661,4230369,173942,780522,0,16229395,8886739,19189098,73971665
"297","PA-503","Wilkes-Barre, Hazleton/Luzerne County CoC","Largely Suburban CoC","Sheltered and Unsheltered Count","42","Pennsylvania","PA",167,40,14,28,29,29,21,6,98,67,2,0,0,0,0,0,139,28,1,7,57,0,87,1,6,8,6,62,105,13,0,160,94,66,0,7,220,110,110,0,0,380,120,317547,42104649,2304768924,0,0,0.868897806,0.777775389,0.197447937,325978,0.000981661339108774,0.0110222162231807,0.0524790016504181,0.0775451104062237,0.00153998122572689,0.0733515758732184,0.783080453282123,0.49806121885526,0.50193878114474,0.159265349195344,0.840734650804655,320,3593,17107,25278,502,23911,255267,162357,163621,51917,274061,0.146137924,0.000137778237416047,53194,13067,0.43027243,0.00069979,0.134429394,0.030558791,0.03358738,0.473111067,0.000911233,8.81759e-05,0.005778672,0.010105591,0.010165424,0.015944096,0.0261378629,0.000969935,0.001854844,0.001593465,0,9.76233e-05,0,0,3.14914e-06,0,0.065549352,0,0.35940287007,0.202624103467105,0.0853186411352913,0.125925675965863,0.119581689561872,0.126864389621385,0.14026406690022,0.199421433348263,66051,27812,41049,38981,41355,45723,0.199421433348263,42.1,2130.96655407884,311.415028326515,592149.149700599,0.000525906401257137,7853342,12252746,0,30267532,2461213,326411,707683,0,22499368,21630166,31157979,98888908
"298","PA-504","Lower Merion, Norristown, Abington/Montgomery County CoC","Largely Suburban CoC","Sheltered and Unsheltered Count","42","Pennsylvania","PA",467,81,18,75,126,88,51,28,210,255,1,0,1,0,0,0,426,41,2,4,198,1,225,0,21,10,86,129,338,11,3,366,339,27,0,101,264,237,27,0,0,258,281,827180,10983227,1250888781,0,0,0.238680458,0.966634873,0.251478517,861225,0.00179511741995414,0.0781386977851316,0.092663357426921,0.0620337310226712,0.000294928735231792,0.0210653429707684,0.744008824639322,0.489895207408052,0.510104792591948,0.0647809805799878,0.935219019420012,1546,67295,79804,53425,254,18142,640759,421910,439315,55791,805434,0.057845904,0.000661273817915871,93518,36305,0.448610327,0.000593131,0.052176008,0.008242387,0.018439033,0.406427863,0.001961788,0,0.002543582,0.002706787,0.000715685,0.003259267,0.005966054,0.000465437,0.001381803,0.000947799,0,0.000134191,2.41785e-06,0,0,0,0.04282502,6.76324410011636e-08,0.9686939544,0.214782432000929,0.079501872333014,0.122791372753926,0.13317077418793,0.127159569218265,0.13878487038811,0.183809109117826,184976,68469,105751,114690,109513,119525,0.183809109117826,41.1,2600.06759467965,150.40326047535,266403.788008565,0.000564568775840809,7126043,11590104,1229435,63990635,3040565,3280755,576743,0,4418435,3586319,89562170,124410569
"299","PA-505","Chester County CoC","Largely Suburban CoC","Sheltered and Unsheltered Count","42","Pennsylvania","PA",213,63,14,33,29,32,27,15,114,99,0,0,0,0,0,0,170,43,4,1,66,0,102,0,29,6,23,101,112,5,2,194,149,45,0,19,226,170,56,0,8,224,77,521980,22412287,1943905796,0,0,0.62026845,0.806877827,0.211887429,540896,0.000602703662071822,0.064359876944921,0.0526274921611548,0.0698729515470626,0.000271771283204165,0.028462033366858,0.783803171034728,0.495856874519316,0.504143125480684,0.0819547565520913,0.918045243447909,326,34812,28466,37794,147,15395,423956,268207,272689,44329,496567,0.062628762,0.000268521242682688,104161,19958,0.449677912,0.001352675,0.043447438,0.006191904,0.013633096,0.386442009,0.002739961,0.000804629,0.003327714,0.001756772,0.000346757,0.003674471,0.006235872,0.000645619,0.001178206,0.001046017,0,5.36419e-05,0,0,0,0,0.036374957,1.67235566985264e-08,0.48369850878,0.223148257705733,0.089739986984559,0.114323271016979,0.128993373957286,0.131287715198485,0.139383541383186,0.173123853753772,120700,48540,61837,69772,71013,75392,0.173123853753772,40.7,1019.47341981058,63.8483581746427,156467.44600939,0.000408061611555998,3625671,5014125,4276874,41524220,2390284,0,441993,0,3213147,1629045,12736427,33327566
"300","PA-506","Reading/Berks County CoC","Largely Suburban CoC","Sheltered and Unsheltered Count","42","Pennsylvania","PA",761,119,78,133,130,129,119,53,252,505,3,0,1,0,0,0,430,331,5,3,161,0,447,2,40,20,109,187,574,61,14,529,453,76,0,232,510,330,180,0,71,414,103,419062,24220126,2218072315,0,0,0.861470486,0.734451987,0.294970673,429989,0.00536757917062995,0.013686396628751,0.0473453972078356,0.119461195518955,0.000190702552856003,0.0910697715522955,0.722878957368677,0.495880127166044,0.504119872833956,0.239720085862662,0.760279914137338,2308,5885,20358,51367,82,39159,310830,213223,216766,103077,326912,0.117033041,0.000188930720232176,66154,18892,0.475182139,0.000428419,0.06641236,0.010297647,0.023460726,0.3997356,0.001083295,0.000202834,0.002500823,0.002653545,0.004333488,0.006834311,0.00969069,0.000818495,0.001384043,0.00150813,0,8.82924e-05,0,0,0,0,0.033780204,0,0.3503567851,0.221217286953852,0.0950187097809479,0.12422178241769,0.12046819802367,0.123777585007989,0.138126789289959,0.177169648525893,95121,40857,53414,51800,53223,59393,0.177169648525893,39.9,1423.51321924739,166.598080952222,91741.0315374507,0.00181596040681331,6233084,9412664,646718,18969683,3458888,0,827982,0,16368907,11168897,21697785,69814925
"301","PA-508","Scranton/Lackawanna County CoC","Largely Suburban CoC","Sheltered and Unsheltered Count","42","Pennsylvania","PA",182,40,13,30,36,23,27,13,69,113,0,0,0,0,0,0,161,21,0,0,39,0,134,4,0,29,31,68,114,7,1,133,70,56,7,49,139,67,61,11,0,252,192,210162,15908159,1188509486,0,0,0.834992967,0.824471042,0.159510283,215834,0.000759843212839497,0.029601452968485,0.0307412177877443,0.0733434028003002,0.000412353938675093,0.0308987462586988,0.834242983033257,0.491076475439458,0.508923524560542,0.0916537709536032,0.908346229046397,164,6389,6635,15830,89,6669,180058,105991,109843,19782,196052,0.138407877,0.000176828205812065,54064,15299,0.443963427,0.0009916,0.127654709,0.014884267,0.024826997,0.478564155,0.002082662,0,0.007456153,0.008174646,0.012837716,0.020293869,0.028468515,0.001541668,0.00215548,0.002122172,0,0.000104681,0,0,0,0,0.040154738,0,0.4296972252,0.205245698082786,0.0888553239989992,0.121547114912386,0.120064494009285,0.122205027938138,0.139537792933458,0.202544548124948,44299,19178,26234,25914,26376,30117,0.202544548124948,41.9,2754.68323591234,381.269858490117,440266.131868132,0.000865998610595636,6546404,5576719,0,22707053,1547656,0,486648,0,25251138,16046180,24673691,80128436
"302","PA-509","Eastern Pennsylvania CoC","Largely Rural CoC","Sheltered and Unsheltered Count","42","Pennsylvania","PA",2262,540,207,362,411,342,299,101,978,1260,8,4,7,3,0,2,1886,376,16,11,512,9,1307,10,201,92,226,833,1429,137,32,1770,1362,408,0,492,2000,1414,586,0,233,1019,1252,3105522,584014477,53903355442,0.0909090909090909,0,31.198535254,12.615281278,0.161840746892025,3134089,0.00169140059519688,0.0206847986767447,0.0421430278463694,0.0612452294749766,0.000271211187684842,0.0324234570237157,0.841540875195312,0.501672096740073,0.498327903259927,0.0916974597722017,0.908302540227798,5301,64828,132080,191948,850,101618,2637464,1572285,1561804,287388,2846701,0.114019106693585,5.76127770624881e-05,61318.4617571539,10899.6185868269,0.458746394988327,0.000978588334994645,0.142769530003303,0.0244023113960452,0.0321201458701539,0.458892579098775,0.00174484226965451,0.000158749424379412,0.00485168017772857,0.00365639009711926,0.00368794701296078,0.00853962719068936,0.012354766712188,0.000889383607303056,0.00174592222746417,0.00175590452365496,0,8.95178995847397e-05,0,0,1.28802840796813e-06,0,0.0415685349881022,4.22979724194217e-12,9.30774506408,0.199965604039962,0.0957726471711556,0.118285090180911,0.11809109441372,0.12377025668384,0.1421599705688,0.201955336941612,626710,300160,370716,370108,387907,445542,0.201955336941612,42.3496204824825,1078.81306964432,123.005302490209,168875.187002653,0.000728379963175273,31008762,29258838,4301010,241208065,9423629,904575,771751,0,81798321,77895106,146633681,381995673
"303","PA-510","Lancaster City & County CoC","Largely Suburban CoC","Sheltered and Unsheltered Count","42","Pennsylvania","PA",597,132,25,110,92,106,92,40,269,324,3,0,1,0,0,0,489,108,5,2,135,2,402,0,25,28,49,210,387,15,8,475,297,178,0,122,605,286,319,0,72,250,37,543050,103368819,2444751632,0,0,0.805911428,0.721245099,0.186666053,555151,0.00177789466289352,0.0235719651049895,0.0399458885960757,0.0650615778409838,0.000931278156753748,0.0400449607404112,0.828666434897893,0.491779713987726,0.508220286012274,0.112715279266362,0.887284720733638,987,13086,22176,36119,517,22231,460035,273012,282139,62574,492577,0.091097538,0.000222128903767514,69588,17294,0.471094917,0.001406842,0.038447398,0.007866704,0.018108974,0.390682258,0.002387734,0.000294632,0.002832152,0.002561458,0.001038578,0.00387073,0.00672682,0.000541387,0.001336893,0.001117761,0,6.62922e-05,0,0,1.84145e-06,0,0.049579228,0,0.39317960405,0.232536733249152,0.0873996444210674,0.129317969345277,0.118241703608568,0.112001959827146,0.128518186943732,0.191983802605057,129093,48520,71791,65642,62178,71347,0.191983802605057,39.1,891.414437792699,81.205660620569,73867.2261306533,0.00109934628487248,3930199,8962086,1850820,32218817,4136793,0,512468,0,4201628,7503829,13000911,44098734
"304","PA-511","Bristol, Bensalem/Bucks County CoC","Largely Suburban CoC","Sheltered and Unsheltered Count","42","Pennsylvania","PA",407,107,16,65,74,44,68,33,194,213,0,0,0,0,0,0,384,23,1,2,118,0,243,0,33,11,70,167,240,10,1,316,233,83,0,91,240,147,93,0,136,100,243,627668,45293815,1565303838,0,0,0.560719877,0.897031574,0.173641161,645993,0.0012322114945518,0.0490485191016002,0.0374787342896904,0.0606012758652184,0.000126936359991517,0.0276690304693704,0.823843292419577,0.494367586026474,0.505632413973526,0.0633938757850317,0.936606124214968,796,31685,24211,39148,82,17874,532197,319358,326635,40952,605041,0.05637672,0.000400987964612657,93181,26495,0.488290562,0.001304187,0.042208193,0.006472453,0.010116441,0.4004872,0.001271912,7.96599e-05,0.00371534,0.002243224,0.001011681,0.004727021,0.0070499049,0.00043335,0.001059477,0.00150398,0.006631099,6.21348e-05,0,0,0,0,0.036183141,3.79785725983763e-08,0.66760023816,0.201051714182661,0.0769559422470522,0.109208613715628,0.12322114945518,0.132323415269206,0.157668891148975,0.199570273981297,129878,49713,70548,79600,85480,101853,0.199570273981297,44.1,1075.21780391081,60.6172530700944,93482.8255528256,0.000648431973591134,2878900,6301442,819061,52285216,2694083,183086,374405,0,4458852,3028915,17308766,38047510
"305","PA-512","York City & County CoC","Largely Suburban CoC","Sheltered and Unsheltered Count","42","Pennsylvania","PA",391,102,33,62,67,54,49,24,163,226,2,0,0,0,0,0,310,81,5,0,151,0,183,2,20,15,41,137,254,30,5,315,227,88,0,76,341,239,102,0,130,233,170,447628,16503210,2342295974,0,0,0.813790625,0.715433421,0.174144602,459312,0.00140427421883164,0.0142669906294632,0.0588096979830703,0.0627286027798098,0.000239488626467412,0.0333520569895844,0.829198888772773,0.496947608597206,0.503052391402794,0.090949071654997,0.909050928345003,645,6553,27012,28812,110,15319,380861,228254,231058,41774,417538,0.087385574,0.000191106506166927,68940,14843,0.47187932,0.001215422,0.056631836,0.010422075,0.019324377,0.413057271,0.002083338,4.2446e-05,0.002852815,0.001822942,0.002301018,0.005153833,0.007019221,0.000522756,0.001257741,0.000831047,0,7.81899e-05,0,0,0,0,0.038826883,0,0.306271106252,0.21995941756366,0.0786371790852405,0.123201658132163,0.125002177169332,0.128287525690598,0.140610304107012,0.184301738251994,101030,36119,56588,57415,58924,64584,0.184301738251994,40.9,1111.82067681391,97.1570880284522,111228.217391304,0.000873493168434504,3527515,7294352,262408,20674954,3039909,86863,388043,0,9124182,5615712,14151249,43490233
"306","PA-600","Pittsburgh, McKeesport, Penn Hills/Allegheny County CoC","Largely Suburban CoC","Sheltered and Unsheltered Count","42","Pennsylvania","PA",1164,196,86,186,268,176,178,74,451,699,5,4,4,1,0,0,1126,38,6,13,605,0,455,0,71,121,278,329,835,55,10,995,857,123,15,169,1103,921,170,12,0,2131,618,1218380,37045297,1890570512,0,0,0.267084354,0.975853565,0.221437483,1240476,0.00098107500669098,0.0413849199823294,0.124997178502446,0.0523839235906217,0.000229750515124839,0.0110264124416756,0.768996739961112,0.48756848177635,0.51243151822365,0.0281214630512803,0.97187853694872,1217,51337,155056,64981,285,13678,953922,604817,635659,34884,1205592,0.112994693,0.000644450969835078,62320,37053,0.438825591,0.000415983,0.094155866,0.028976654,0.032743154,0.494440158,0.001613453,0.000783828,0.009401829,0.010262808,0.005592672,0.014994501,0.026041137,0.001068632,0.002312907,0.004365633,0.018141626,0.000224889,1.64152e-06,3.28305e-06,8.20762e-07,8.09820714947973e-07,0.035667033,1.85086962987604e-08,0.7749627828,0.187258761959119,0.0867497638003476,0.149029082384504,0.129796948913159,0.113337138324321,0.136419406743863,0.197408897874687,232290,107611,184867,161010,140592,169225,0.197408897874687,40.6,3924.97555267328,443.501407606822,464221.000859107,0.00095536696268816,28043775,57507331,10517423,2.28e+08,11575764,4977755,4764070,2685751,1.71e+08,43281376,2.06e+08,540353245
"307","PA-601","Western Pennsylvania CoC","Largely Rural CoC","Sheltered and Unsheltered Count","42","Pennsylvania","PA",774,156,85,133,143,112,112,33,317,454,2,0,0,0,1,0,766,8,1,3,128,5,598,0,34,61,39,253,521,57,17,725,564,161,0,49,1071,794,277,0,100,1097,821,1695949,380040357,39451240444,0.25,0,19.246198234,7.202418462,0.0678369455689847,1694927,0.000650765490195153,0.00767171683500233,0.0252152452583504,0.0356015332813744,0.000199418618028977,0.00581617969387472,0.924845140823174,0.499544228158499,0.500455771841501,0.0166939343110352,0.983306065688965,1103,13003,42738,60342,338,9858,1567545,846691,848236,28295,1666632,0.117129406488644,4.29884835283533e-05,57110.95881362,6408.58361247891,0.42695995084331,0.000878001415104761,0.149628697992639,0.0408118425790823,0.0481761317620577,0.496022580908026,0.00155657948343907,0.000440461312541828,0.00508034140405814,0.00596126414035505,0.00464282836849398,0.00972316977255212,0.016124895225449,0.0009705481171981,0.00178484144169135,0.00198355039551602,0.0446122967,0.000117928057125662,0,0,1.7689226241591e-06,2.36816920567991e-08,0.0318824444254332,0,5.25011109058,0.191262514550774,0.0826106375082821,0.11072984264219,0.114196068621244,0.126170035641653,0.152961749975073,0.222069151060783,324176,140019,187679,193554,213849,259259,0.222069151060783,45.0512932877109,1398.13175366481,163.762342499686,358827.624031008,0.000456381648268904,23904520,16081031,5768120,114533990,3605268,2230554,1269065,0,64167501,49751123,110955399,277732581
"308","PA-603","Beaver County CoC","Largely Suburban CoC","Sheltered and Unsheltered Count","42","Pennsylvania","PA",101,25,6,22,25,9,9,5,44,57,0,0,0,0,0,0,98,3,1,0,48,0,47,0,3,5,6,39,62,4,1,88,79,9,0,13,101,89,12,0,0,195,101,164781,24162295,1125854815,0,0,0.803996433,0.710786791,0.11047997,166993,0.0010000419179247,0.00450917104309762,0.0620085871862892,0.0479481175857671,0.000131742049067925,0.00750330852191409,0.876899031695939,0.491062499625733,0.508937500374267,0.0226416676148102,0.97735833238519,167,753,10355,8007,22,1253,146436,82004,84989,3781,163212,0.098091803,0.000146360789867919,59014,8704,0.417024443,0.000152596,0.094249061,0.02817043,0.040609647,0.482986509,0.001292896,0.000916368,0.003629059,0.007233844,0.011184542,0.014813601,0.022963813,0.000946711,0.001996589,0.001923765,0.010721539,0.000145648,0,0,0,4.55254978440583e-07,0.023121598,0,0.47595014478,0.194828525746588,0.069631661207356,0.118070817339649,0.120526010072278,0.118831328259268,0.155808926122652,0.222302731252208,32535,11628,19717,20127,19844,26019,0.222302731252208,44.7,3392.41884043449,332.768480589388,542910.128712871,0.00061293474369011,3074995,6511058,853007,8005619,1289312,55329,572758,0,16262683,11610643,14604138,54833923
"309","PA-605","Erie City & County CoC","Largely Suburban CoC","Sheltered and Unsheltered Count","42","Pennsylvania","PA",454,73,23,74,102,81,76,25,170,281,2,1,0,0,0,0,412,42,5,5,135,3,264,0,30,37,105,116,338,20,3,378,301,67,10,76,413,302,101,10,90,343,146,272046,1966272916,2069143908,0,0,0.895978678,0.760174397,0.163696581,269544,0.00139494850562431,0.0197370373668121,0.0689905915175259,0.0619787492951058,0.000181788502062743,0.012825364318998,0.834891520493871,0.496805716320898,0.503194283679102,0.0463263882705607,0.953673611729439,376,5320,18596,16706,49,3457,225040,133911,135633,12487,257057,0.154935944,0.000131477563715206,52863,14500,0.485084077,0.000561655,0.092300988,0.011191238,0.029158067,0.447031017,0.001213446,0.001389471,0.006980437,0.005208678,0.007495056,0.014475493,0.021073642,0.000746197,0.001712946,0.001731325,4.51647e-05,6.24894e-05,0,0,3.67585e-06,2.03430618600862e-09,0.020853091,0,0.47315872596,0.209012257738996,0.0992602320956875,0.126142670584394,0.118607722672365,0.11772474994806,0.137105630249607,0.192146736710889,56338,26755,34001,31970,31732,36956,0.192146736710889,40.1,1608.82309606011,249.264525117076,149364.354625551,0.00166883541753968,5221441,6151284,649509,23834932,1865967,2625127,543379,0,15945738,14108955,20700017,67811417
"310","PR-502","Puerto Rico Balance of Commonwealth CoC","Largely Suburban CoC","Sheltered and Unsheltered Count","72","Puerto Rico","PR",1067,77,30,137,259,246,212,106,282,778,3,1,0,0,2,1,89,978,34,4,273,3,479,5,110,23,312,135,932,13,6,391,144,235,12,676,591,265,314,12,255,1300,120,1217050,NA,NA,1,1,NA,NA,0.988994700248337,1240631,0.00174669180441243,0.00255998761920345,0.0732756153924898,0.351151954126569,4.91685279506961e-05,0.243745319921878,0.327471262607496,0.469351483237159,0.530648516762841,0.986771247856937,0.0132287521430627,2167,3176,90908,435650,61,302398,406271,582292,658339,1224219,16412,0.402841522910719,NA,23861.3204749189,NA,0.519748556177582,0.00161499629985097,0.212161638683364,0.0610686764671739,0.130499836351876,0.487794256668377,NA,0.000249784274770141,0.00979335274835134,0.00655683819476603,0.0199884968827361,0.0297818496310875,0.0365884721006236,NA,NA,NA,NA,0.000116675675804856,6.57325836235159e-06,1.64331862024568e-06,NA,NA,0.0255527710159854,NA,NA,0.165146606847644,0.0910504412673873,0.133161270353554,0.119476298754424,0.127211072430078,0.136041256425158,0.227913053921754,204886,112960,165204,148226,157822,168777,0.227913053921754,44.328667680046,2294.27088717749,924.227578160306,1054199.78819119,0.000876710077646769,10763270,27243176,4582607,259333484,10954920,464359,1545123,17215799,5.59e+08,3.53e+08,140061920,1124831174
"311","PR-503","South-Southeast Puerto Rico CoC","Largely Rural CoC","Sheltered and Unsheltered Count","72","Puerto Rico","PR",1029,16,24,111,234,217,237,190,259,768,1,0,1,0,0,0,56,973,49,26,198,3,518,0,189,36,144,34,995,16,1,140,105,35,0,889,256,212,44,0,0,465,222,1395073,NA,NA,1,1,NA,NA,0.991770323080238,1366900,0.00211354159046017,0.00128246396956617,0.0771687760626235,0.240887409466676,4.09686151144926e-05,0.277883532079889,0.40062330821567,0.476362572243763,0.523637427756237,0.989025532226205,0.0109744677737947,2889,1753,105482,329269,56,379839,547612,651140,715760,1351899,15001,0.457196928169305,NA,20265.969604458,NA,0.523854482703676,0.00106421973574915,0.235397064777634,0.0742179929505961,0.132495698813479,0.471427660061539,NA,0.000437253163151319,0.00711002224991595,0.0043080183838731,0.0131978757109219,0.0203078979608379,0.0250531695078623,NA,NA,NA,NA,0.000158414681047085,0,0,NA,NA,NA,NA,NA,0.168999926841759,0.0899063574511669,0.129339381081279,0.120983246762748,0.131193942497622,0.135336893701075,0.22424025166435,231006,122893,176794,165372,179329,184992,0.22424025166435,44.2978092185857,188.852353977228,86.3427161159309,117059.66180758,0.000737595810398452,2443395,21840813,12674129,74832878,5394790,2209224,710911,0,0,0,75181130,120454392
"312","RI-500","Rhode Island Statewide CoC","Largely Suburban CoC","Sheltered and Unsheltered Count","44","Rhode Island","RI",2442,517,142,414,494,379,334,162,1041,1373,7,8,12,0,0,1,1842,600,67,19,589,6,1310,6,256,130,936,877,1565,73,22,1908,1738,170,0,534,1886,1673,213,0,921,1355,609,1057798,1323686975,2677763373,0,0,2.641435818,4.442928951,0.285583825987879,1095371,0.0044322882384142,0.0348274694144724,0.0583017078231942,0.107015796474437,0.000611664906228118,0.0714388093166607,0.723372263826594,0.490402795034742,0.509597204965258,0.171177619272374,0.828822380727626,4855,38149,63862,117222,670,78252,792361,537173,558198,187503,907868,0.115879975589441,0.000395030423772997,70141.2017360592,27942.0231575405,0.473363013186284,0.000919052306828649,0.116258851097386,0.010362262325877,0.0235852427545316,0.443647085506824,0.00100011335690084,0.00119493486035614,0.00833713061995769,0.0153441396494643,0.00854132829180713,0.0168784589117648,0.0334175334215852,0.00105218583907797,0.00163830874235818,0.00129703391083364,0.025868302,0.000395160731310704,0,0,2.83607757261783e-06,9.06558466959305e-09,0.0260427794621847,1.48086203871234e-08,3.49421217069,0.19032820843349,0.100774988565518,0.138501932222051,0.124939404092312,0.122177782687327,0.140763266509703,0.182514417489599,208480,110386,151711,136855,133830,154188,0.182514417489599,40.6167157623667,5000.77791457992,579.490022669735,251016.947993448,0.00230856931096485,8498821,21530449,16580602,216215542,5517761,9683615,1431569,4921963,90785374,59790229,394243004,612983387
"313","SC-500","Charleston/Low Country CoC","Largely Suburban CoC","Sheltered and Unsheltered Count","45","South Carolina","SC",476,54,35,84,86,85,99,33,181,289,1,1,3,0,1,0,444,32,6,4,218,1,201,0,18,80,139,97,379,12,3,191,97,94,0,285,247,126,121,0,0,431,204,1067092,2709716264,14084040597,0.428571428571429,0.285714285714286,6.36346352,3.703080927,0.365900971731974,1097715,0.0033624392488032,0.0172695098454517,0.236067649617615,0.058754776968521,0.00143753159973217,0.0385755865593528,0.644532506160524,0.491215843821028,0.508784156178972,0.084358872749302,0.915641127250698,3691,18957,259135,64496,1578,42345,707513,539215,558500,92602,1005113,0.124113897734255,7.57660411904307e-05,64834.5260408662,10583.9805424462,0.504606480634829,0.000412233986507875,0.155323065114727,0.0156021595234403,0.0169209119963696,0.451630224995562,0.00763286833508451,0.000171494217282109,0.00533787179331679,0.00297725022346808,0.00209635137563209,0.00743422316894888,0.0105829676096991,0.001015844979774,0.00311688203431288,0.00172150089830774,0.046656319,9.09011617207326e-05,0,0,0,6.64276769997274e-09,0.0273069239176941,0,1.576009184687,0.210158374441453,0.0867438269496181,0.138487676673818,0.132263838974597,0.116621345248995,0.130643199737637,0.185081737973882,230694,95220,152020,145188,128017,143409,0.185081737973882,40.106843177533,696.94866911796,86.5010158449318,193917.105042017,0.000446072128738665,4800690,8768252,2180109,105023923,5391139,477583,316348,2239202,21088039,13070090,33973090,92304542
"314","SC-501","Greenville, Anderson, Spartanburg/Upstate CoC","Largely Suburban CoC","Sheltered and Unsheltered Count","45","South Carolina","SC",1669,211,101,242,324,325,345,121,587,1079,2,0,1,0,0,0,1617,52,13,4,695,0,908,3,42,101,356,344,1325,82,8,1054,850,192,12,615,1248,982,254,12,0,369,131,1537282,572117335,18933265183,0.384615384615385,0,11.850392405,5.159746141,0.294328561759689,1595100,0.00324242994169645,0.0175813428625165,0.174127013980315,0.0652397968779387,0.000480847595762021,0.0297410820638205,0.709587486677951,0.488468434580904,0.511531565419096,0.0812876935615322,0.918712306438468,5172,28044,277750,104064,767,47440,1131863,779156,815944,129662,1465438,0.142945807567635,8.11947640906816e-05,54037.851381204,10674.3209111926,0.480959782035448,0.00107266862444363,0.117652139240494,0.0257494590245355,0.0336261553287946,0.436835271456145,0.00488223502301009,0.000341511990505971,0.00525733068408334,0.00428353406420553,0.00219868570259263,0.00745601638667596,0.0120810624413875,0.00072205374927632,0.00280690208290867,0.00112991653552048,0.000140404,0.000162624420858437,0,0,6.50497808814518e-07,0,0.0340718230569479,0,3.770753058894,0.22212902012413,0.093315152655006,0.130808726725597,0.122130900883957,0.123799761770422,0.1310576139427,0.176758823898188,354318,148847,208653,194811,197473,209050,0.176758823898188,39.5316586026507,766.921187001965,109.628168416725,100976.279209107,0.00108568239269048,5762075,12504379,3201266,126554493,6273741,2579512,467295,1634903,31352755,24438300,80315184,168529410
"315","SC-502","Columbia/Midlands CoC","Largely Suburban CoC","Sheltered and Unsheltered Count","45","South Carolina","SC",1423,173,102,182,261,245,328,132,473,943,3,2,1,0,1,0,1381,42,19,3,864,2,490,4,20,131,344,264,1159,87,7,1044,764,262,18,379,1074,731,323,20,27,289,119,1487656,513041432,21993514053,0.461538461538462,0.307692307692308,12.038324166,4.852867927,0.417185827860614,1510695,0.00281459857879982,0.0214841513343196,0.312274813910154,0.057053872555347,0.000486531033729509,0.0215364451461082,0.584349587441542,0.484148686531696,0.515851313468304,0.0645663088843215,0.935433691115679,4252,32456,471752,86191,735,32535,882774,731401,779294,97540,1413155,0.145560421398632,6.76406688087699e-05,57071.1889240523,10994.7408547406,0.494165686056475,0.00256775310571391,0.114148574878255,0.0324347239776736,0.0338295632696242,0.433998854656482,0.0056046876858185,0.000407352274083525,0.00481159603886517,0.00395857655927177,0.00255704284575668,0.00736863888462185,0.0117345677179771,0.000942422280983641,0.00309614591180354,0.00124289493941677,0.04527241,0.000147883594717798,0,0,6.72198143824916e-07,0,0.0298630865835691,0,3.52358047285,0.222964926739017,0.0988743591525755,0.128332323864182,0.128276058370485,0.124081300328657,0.128415067237265,0.169055964307819,336832,149369,193871,193786,187449,193996,0.169055964307819,38.8977836273977,898.83862391443,130.835328866351,136780.015460295,0.000956538339508596,7831260,10593847,5328395,149170899,7416261,6403328,471704,11504201,35080344,27637761,82370861,194637962
"316","SC-503","Sumter City & County CoC","Largely Rural CoC","Sheltered and Unsheltered Count","45","South Carolina","SC",1025,105,101,177,253,166,147,76,425,597,3,0,0,0,0,0,992,33,9,4,451,0,524,2,28,76,120,185,840,88,11,458,338,120,0,567,578,413,165,0,315,409,363,999487,1279509005,22855240136,0.923076923076923,0.461538461538462,12.470744771,5.033728601,0.398065207289184,1009264,0.00367396439385532,0.0101717687344441,0.307147584774648,0.0465289557538959,0.00055684142107516,0.0202900331330554,0.611630851789026,0.483207565116758,0.516792434883242,0.0486453494823951,0.951354650517605,3708,10266,309993,46960,562,20478,617297,487684,521580,49096,960168,0.179996177288885,4.37311966119173e-05,46873.7823423416,4782.83325546005,0.493741800697387,0.00235752451631136,0.250132211232499,0.0258160506736456,0.0347567270756918,0.520267897384671,0.00566618358224169,0.000412211309399722,0.00382596258423471,0.00317262769814215,0.00295251483051706,0.00677847741475177,0.0103633164222936,0.00101852223819419,0.00278042644686024,0.00166685519054075,0.07849762,0.000109055878392615,0,0,2.00102751952752e-06,7.81549571821888e-10,0.019136817222164,0,2.911768671196,0.20333431094342,0.0811502243218821,0.116023161432489,0.112564205202999,0.120435287496631,0.145478289129504,0.221014521473073,205218,81902,117098,113607,121551,146826,0.221014521473073,43.778889070093,601.991872166444,108.356235748939,105659.169756098,0.00102552609488668,5778751,5144196,2581836,52369450,4120033,2097809,340183,0,23862417,20113971,44261453,108300649
"317","SD-500","South Dakota Statewide CoC","Largely Rural CoC","Sheltered and Unsheltered Count","46","South Dakota","SD",1338,220,154,255,277,216,175,41,508,803,6,3,7,0,11,0,1227,111,723,9,116,3,383,4,55,42,151,294,1044,147,15,1111,912,199,0,227,1570,1326,244,0,194,536,376,879336,3387681983,196341552329,0.333333333333333,0.181818181818182,65.728937474,11.797122764,0.186513460264359,899194,0.0773070105005149,0.0139613920911394,0.0224078452480777,0.0564828057126716,0.000673936881251432,0.013953607341686,0.815213402224659,0.506672642388628,0.493327357611372,0.0459088917408257,0.954091108259174,69514,12554,20149,50789,606,12547,733035,455597,443597,41281,857913,0.128125911724198,4.47860368612416e-06,59959.8496456417,7864.21268661808,0.38434201972406,0.00213804806923332,0.123328889616706,0.029975028063026,0.0304863614900334,0.451268912124199,NA,0.000205837057761766,0.0057918703099657,0.00557693525547913,0.00173767463478238,0.00752954494474808,0.013312317257989,0.001374901071811,0.0032342585867052,0.00293403213389535,0.013453598,0.000470809791108746,0,0,5.68610500448065e-06,0,NA,0,7.2188439157,0.244463374978036,0.092568455750372,0.126903649268122,0.124866269125461,0.106443103490459,0.128927684126006,0.175827463261543,219820,83237,114111,112279,95713,115931,0.175827463261543,37.9443261733854,624.770114695045,80.0492405633342,52608.5044843049,0.00152160266382816,1269530,3153240,483234,75616536,1145634,408840,0,0,8776374,7861512,47291815,70390179
"318","TN-500","Chattanooga/Southeast Tennessee CoC","Largely Rural CoC","Sheltered and Unsheltered Count","47","Tennessee","TN",975,103,46,143,237,220,182,44,385,585,1,1,0,0,0,3,941,34,11,0,277,0,655,5,23,37,166,163,812,42,2,295,270,25,0,680,283,253,30,0,8,308,146,700948,323782615,11219460260,0.636363636363636,0.0909090909090909,10.320327051,2.641098024,0.207994030916644,716335,0.00179943741405906,0.0138482693153343,0.107900633083683,0.0581543551550601,0.000199627269364194,0.0234345662294876,0.794663111533012,0.49130085783886,0.50869914216114,0.0639449419615124,0.936055058038488,1289,9920,77293,41658,143,16787,569245,351936,364399,45806,670529,0.143918360195902,6.24760892018169e-05,52803.1468539749,9838.44208129562,0.458604037019505,0.00167390276473156,0.110292589737523,0.0269072555779131,0.0294163904497752,0.446194296667041,0.00389418789296638,0.00023824861943254,0.00543834907151172,0.005495414523735,0.00418433292339517,0.0096226819949069,0.0153563451380744,0.00128968198358651,0.00404594937788252,0.00239104753233906,0.08236297,0.000164063743487534,0,0,1.42663707025343e-06,3.39734077995509e-08,NA,1.2371361599172e-10,2.65180608135,0.210231246553638,0.084933725142566,0.132632078566592,0.122668863031961,0.127110918774037,0.135569251816538,0.186853916114667,150596,60841,95009,87872,91054,97113,0.186853916114667,40.6881975553108,928.049493835962,133.563361333508,96021.5087179487,0.00139097336749659,6347724,3849216,791651,68791917,1833219,487928,0,0,25674127,17562159,37074947,93620971
"319","TN-501","Memphis/Shelby County CoC","Major City CoC","Sheltered and Unsheltered Count","47","Tennessee","TN",784,197,61,122,101,99,120,84,366,406,2,4,0,1,0,5,763,21,2,3,617,0,134,0,14,76,58,284,500,53,6,626,519,107,0,158,868,635,233,0,36,1412,238,936611,51308328,1969826786,1,0,0.490767747,0.965972354,0.647691518,922195,0.00390806716583803,0.028598073075651,0.528157276931668,0.0476949018374639,0.00105617575458553,0.0405543296157537,0.350031175619039,0.475536085101307,0.524463914898693,0.0848540709936619,0.915145929006338,3604,26373,487064,43984,974,37399,322797,438537,483658,78252,843943,0.189678542,0.000475478862738949,52092,23762,0.533056853,0.000762744,0.12171388,0.038248782,0.059599632,0.433505479,0.002010669,0.000522095,0.008401567,0.007175871,0.002344623,0.01074619,0.018444156,0.000825316,0.004796015,0.002075568,0.013015534,7.04668e-05,2.13536e-06,0,1.06768e-06,3.11840839013503e-07,0.102003927,5.3817075079108e-09,0.522615825446,0.254711855952374,0.087233177364874,0.14772797510288,0.127699673062639,0.119044236847955,0.119789198596826,0.143793883072452,234894,80446,136234,117764,109782,110469,0.143793883072452,35.8,2148.64243547654,407.55136444052,486884.044642857,0.000837060423163939,16242319,15166552,5886672,1.32e+08,9364046,1574600,1140477,8746344,15627453,13968628,2.94e+08,381717091
"320","TN-502","Knoxville/Knox County CoC","Largely Suburban CoC","Sheltered and Unsheltered Count","47","Tennessee","TN",899,32,41,126,210,176,226,88,329,567,0,0,2,0,0,1,866,33,14,1,181,1,658,3,31,86,310,58,841,37,2,585,444,141,0,314,623,451,172,0,171,338,89,466184,45529220,1316601438,0,0,0.452213137,0.908067503,0.180872788,487401,0.00163110046963383,0.0222855513222172,0.081472955533534,0.0621192816592498,0.000773490411386107,0.0195178097705996,0.812199810833379,0.489623533804814,0.510376466195186,0.0606871959638983,0.939312804036102,795,10862,39710,30277,377,9513,395867,238643,248758,29579,457822,0.131998224,0.000354081338926807,59250,16966,0.465734312,0.000575089,0.087061861,0.019791822,0.028216231,0.445341324,0.004199554,0.000347502,0.007263227,0.013185781,0,0.007263227,0.02079651,0.00086232,0.004064919,0.00127632,0.02192401,9.43833e-05,0,0,0,4.39278179507578e-08,0.049203748,0,0.400604031984,0.210658164427238,0.118641529254146,0.138307061331429,0.128467114347324,0.121370288530389,0.12174574939321,0.160810092716264,102675,57826,67411,62615,59156,59339,0.160810092716264,37.3,3028.99484015709,399.8219394059,207331.024471635,0.00192842311190431,2923547,5650805,542026,66097725,3370002,427104,301876,0,5090051,3085180,1.65e+08,186390591
"321","TN-503","Central Tennessee CoC","Largely Rural CoC","Sheltered and Unsheltered Count","47","Tennessee","TN",276,29,13,60,53,40,50,31,117,159,0,0,0,0,0,0,256,20,2,4,81,0,170,3,4,3,32,53,223,9,4,181,125,56,0,95,244,161,83,0,0,38,83,1209599,133966729,23042713421,0.368421052631579,0,18.136655389,5.940234677,0.192003300184946,1296670,0.00252570044807083,0.0202248837406588,0.0833581404675052,0.0667694941658248,0.000648584450939715,0.0198038051316063,0.806669391595394,0.497393322896342,0.502606677103658,0.0718725658802934,0.928127434119707,3275,26225,108088,86578,841,25679,1045984,644955,651715,93195,1203475,0.107226626817047,5.24937744049549e-05,69299.5152798572,6946.63143736065,0.428431889358149,0.00131703167263038,0.0897067753515837,0.019049455947533,0.028477701157849,0.401624836077589,0.00647576324435305,0.000292659039614781,0.00309110706796302,0.00209160233863867,0.00281911606664688,0.0059102231346099,0.00829448451286335,0.00078786436111389,0.00317212576955999,0.00180721055720036,0.072777389,3.88558626995393e-05,0,0,0,0,NA,0,4.03106665641,0.243472124750322,0.0823208680697479,0.131655702684569,0.135615075539652,0.128549283935003,0.127595301811563,0.150791643209143,315703,106743,170714,175848,166686,165449,0.150791643209143,38.5937434637429,681.624240778972,73.0882680954597,320317.014492754,0.00022817479181117,3171170,2829415,2316563,14869121,1210814,932684,0,0,29298784,21000885,27647181,88407496
"322","TN-504","Nashville-Davidson County CoC","Major City CoC","Sheltered and Unsheltered Count","47","Tennessee","TN",2094,191,96,281,426,462,458,180,673,1398,4,7,7,2,0,3,1950,144,34,12,879,0,1018,8,63,251,634,302,1792,80,10,1369,1091,276,2,725,1540,1104,429,7,875,1162,875,690540,56424538,1303999197,0,0,0.414122959,0.968574518,0.439884728,709846,0.00335988369308273,0.0339721573411698,0.251971554393488,0.0912028806248116,0.000493064692905222,0.0484851643877686,0.570515294866774,0.484035973999994,0.515964026000006,0.135918213246253,0.864081786753747,2385,24115,178861,64740,350,34417,404978,343591,366255,96481,613365,0.14232949,0.000529555540822929,62515,38245,0.493883009,0.002067838,0.095540425,0.007280939,0.015328127,0.463027486,0.00946769,0.000270803,0.009379616,0.015144669,0.000108611,0.009488227,0.024903699,0.001125206,0.004390767,0.001506068,0.020295996,4.63405e-05,0,0,1.44814e-06,1.2405957103273e-07,0.075383034,1.62653513919303e-08,0.58712265798,0.208650890474835,0.0964490889573231,0.201846597712743,0.144128444761258,0.112280691868377,0.109640682626936,0.127003603598527,148110,68464,143280,102309,79702,77828,0.127003603598527,34.6,2234.79204731047,318.076812349755,104892.436485196,0.00303240941871579,15414360,9996229,1575769,2.3e+08,5473172,862012,901641,8775277,492601,153701,1.76e+08,219644762
"323","TN-506","Upper Cumberland CoC","Largely Rural CoC","Sheltered and Unsheltered Count","47","Tennessee","TN",594,67,47,116,107,126,103,28,276,315,3,0,0,0,0,0,580,14,0,0,52,0,542,0,0,35,122,127,467,30,4,272,260,12,0,322,307,277,30,0,0,130,45,593585,361873913,18086945028,0.777777777777778,0.111111111111111,17.535055371,3.27861278,0.102293689809294,618212,0.00250076025699922,0.0091247015586886,0.0315361073547586,0.045733502423117,0.000744081318382691,0.0173807690565696,0.892980078031484,0.498222292676299,0.501777707323701,0.0487437966264,0.9512562033736,1546,5641,19496,28273,460,10745,552051,308007,310205,30134,588078,0.150109027246217,3.28184222974684e-05,53053.473603612,4107.2619944911,0.432040890319038,0.0015156931146533,0.128083730672514,0.0365272452080561,0.0389308412204352,0.447634290088496,NA,0.000503718849192618,0.00182450702255616,0.00300546681542155,0.00437342587140174,0.0061979328939579,0.00970711855857207,0.00105123957940649,0.00405502169997557,0.00234675733193561,0.106656917,8.59185827568082e-05,0,0,0,2.76339044865055e-09,NA,1.60668563292545e-09,3.64368919938,0.213591777577918,0.0823325978790447,0.119119331232652,0.11995076122754,0.128784300531209,0.140016693302621,0.196204538249015,132045,50899,73641,74155,79616,86560,0.196204538249015,42.529939604269,533.645101354094,80.1049470589722,80048.9814814815,0.00100069914165621,1481433,0,1358544,3123953,0,725024,0,0,17117076,13669876,13197142,47549095
"324","TN-507","Jackson/West Tennessee CoC","Largely Rural CoC","Sheltered and Unsheltered Count","47","Tennessee","TN",819,112,73,157,130,203,96,48,321,497,1,0,0,0,0,0,795,24,4,0,258,0,447,0,86,13,123,179,640,58,14,54,45,9,0,765,32,23,9,0,0,115,159,664901,734455447,28714138850,0.826086956521739,0.0434782608695652,22.683706403,5.224777798,0.246914954193615,670076,0.00248479276977537,0.00541878831654917,0.180091512007593,0.0457843587891523,0.000456664617147906,0.0152415546893188,0.750522328810463,0.492733660062441,0.507266339937559,0.0359153290074559,0.964084670992544,1665,3631,120675,30679,306,10213,502907,330169,339907,24066,646010,0.171963578095181,2.31558746537161e-05,46923.3178352868,3113.05699495113,0.469170945315943,0.00131708951299227,0.159813801631046,0.025562195878409,0.0440171730185005,0.462345522069271,0.00172366456258601,0.00047826665431395,0.00417505774565386,0.00574371219425147,0.0051315910465934,0.00930664879224727,0.0155286276408127,0.00108286799586856,0.00360955997018203,0.00219431167142477,0.137582574,9.92630092615292e-05,0,0,1.50398660552473e-06,1.4977076630218e-08,0.0219476283257989,0,3.80198094723,0.217711125305189,0.0873050221168942,0.120159504295035,0.119483461577493,0.123459130009133,0.140878049654069,0.191003707042186,145883,58501,80516,80063,82727,94399,0.191003707042186,41.2974116447411,751.566666705797,129.242093183797,104924.538461538,0.00123176232251117,3818244,1160066,3093180,22880142,787337,243434,0,0,24930434,20367479,31533023,85933197
"325","TN-509","Appalachian Regional CoC","Largely Rural CoC","Sheltered and Unsheltered Count","47","Tennessee","TN",688,72,34,124,173,150,99,36,256,428,2,0,2,0,0,0,677,11,5,2,54,1,611,0,8,40,88,125,563,28,0,273,198,75,0,415,407,320,87,0,0,408,158,510989,119480263,7504237101,0.875,0.25,7.289706808,3.261167179,0.0782482599956085,521855,0.00175910933113604,0.00839888474767895,0.0235161107970605,0.0403272939801286,0.000229948932174646,0.00826858035277999,0.917500071859041,0.492772896685861,0.507227103314139,0.0327025706374376,0.967297429362562,918,4383,12272,21045,120,4315,478802,257156,264699,17066,504789,0.16805836274692,6.80933975196368e-05,45593.1419189063,6016.61255721747,0.442029478171487,0.00174322669600849,0.13319491461905,0.0298082560013366,0.0379370421297327,0.481640504917345,0.00255329195067506,0.000655591564534657,0.0049961934607653,0.00618408609028961,0.00334645171694694,0.00834264517771224,0.0151823228325365,0.000996107496674097,0.00392376362122472,0.00229750537253444,0,6.65376295321426e-05,0,0,1.95698847742319e-06,0,0.0225406025121245,0,1.70413013564,0.188632857786167,0.0886663920054421,0.120535397763747,0.113102298531201,0.132753351026626,0.144499908978548,0.21180979390827,98439,46271,62902,59023,69278,75408,0.21180979390827,44.0413709492768,737.324463625685,123.913542170184,92032.6409883721,0.00134640863110556,3254206,2424281,1052941,29944795,2531696,30891,0,1133529,12995362,10970616,28924935,63318457
"326","TN-510","Murfreesboro/Rutherford County CoC","Other Largely Urban CoC","Sheltered and Unsheltered Count","47","Tennessee","TN",367,21,19,61,82,85,75,24,148,212,0,1,6,0,0,0,358,9,7,0,103,0,220,1,30,14,135,39,328,13,2,97,57,40,0,270,182,94,88,0,0,368,229,324139,12406556,1603892838,0,0,0.76210449,0.840359488,0.303989955,351591,0.00155009656106101,0.0355128544246013,0.150177336735013,0.0909494270331152,0.00182882952066464,0.0397279793851378,0.680253476340407,0.493229348874118,0.506770651125882,0.115546188611199,0.884453811388801,545,12486,52801,31977,643,13968,239171,173415,178176,40625,310966,0.103420896,0.000202095172645194,68718,11871,0.46367746,0.001518451,0.055885509,0.008298449,0.014483374,0.376600779,0.009230159,0.00015117,0.002872225,0.003149883,0.000141914,0.003014139,0.006315192,0.000555317,0.00240329,0.001011912,0,1.54255e-05,0,0,0,0,0.043595495,0,0.279979923335,0.247930123353556,0.116945541836964,0.14700319405218,0.143644177467569,0.127548771157396,0.107753042597791,0.109175149534544,87170,41117,51685,50504,44845,37885,0.109175149534544,34,372.184697257707,38.4916748678808,33996.3297002725,0.00113223030860217,1440213,1909571,534099,16119750,1031614,0,0,0,388747,690202,6482207,12476653
"327","TN-512","Morristown/Blount, Sevier, Campbell, Cocke Counties CoC","Largely Rural CoC","Sheltered and Unsheltered Count","47","Tennessee","TN",784,189,84,124,142,139,78,28,348,426,0,0,10,0,0,0,737,47,3,0,60,0,655,2,19,15,55,310,474,49,28,180,157,23,0,604,270,235,35,0,0,47,31,674772,482963231,12030553875,0.5,0.25,10.994033716,4.930459515,0.0988941448963443,691901,0.00182974153816803,0.00807919052003104,0.0182641736317768,0.0556365722841852,0.00118947652915663,0.0168275519185548,0.898173293578127,0.493771507773511,0.506228492226489,0.0596226916856602,0.94037730831434,1266,5590,12637,38495,823,11643,621447,341641,350260,41253,650648,0.14957600951276,5.60881907026911e-05,50652.6446147736,4887.0850050091,0.418176505550596,0.00115675505740384,0.178982904001895,0.0301059888063627,0.0358565531421206,0.47850236807909,0.00350625847633838,0.000413472905652576,0.00254308112941408,0.00352563525136491,0.00476012631577333,0.00730320744518741,0.0112423156022049,0.000972180324159864,0.00365308564281861,0.00188508133087769,0.041538272,0.000127450463819483,0,0,1.48198254405933e-06,4.14111133048139e-09,0.0207847984739645,0,2.76729666939,0.205941312413192,0.0743386698386041,0.118589220134094,0.113839985778312,0.131601197281114,0.147534112539222,0.208155502015462,142491,51435,82052,78766,91055,102079,0.208155502015462,43.8505049112886,707.713357044533,105.8569398256,91108.799744898,0.00116187393667787,1173612,1096658,1006656,15811585,0,446413,0,0,22990877,20285954,24429129,71429299
"328","TX-500","San Antonio/Bexar County CoC","Major City CoC","Sheltered and Unsheltered Count","48","Texas","TX",3398,633,178,535,766,589,522,175,1250,2118,9,7,9,0,0,5,1678,1720,46,18,766,2,1832,9,53,249,465,996,2402,104,34,2484,2181,276,27,914,2438,2075,333,30,2233,2161,816,1978826,40788665,3212426750,0,0,0.533256246,0.952923471,0.729075725,2037344,0.0104601873812179,0.0323303281134654,0.0790499787959225,0.28122889408956,0.00158539745865205,0.101338311055963,0.494006903105219,0.496085099030895,0.503914900969105,0.595311837372579,0.404688162627421,21311,65868,161052,572960,3230,206461,1006462,1010696,1026648,1212855,824489,0.155990558,0.000615991010534326,58288,34092,0.502051601,0.002746055,0.078732673,0.014871807,0.024022148,0.353566205,0.003522626,0.000422978,0.006099576,0.001983499,0.003056863,0.009156439,0.011562916,0.001008174,0.004032694,0.002084064,0,2.8805e-05,0,0,5.0535e-07,0,0.027183795,0,0.486179738766,0.249356515149135,0.100433701917791,0.15604139507123,0.142468822152764,0.119162988675452,0.106008116449652,0.126528460583976,508025,204618,317910,290258,242776,215975,0.126528460583976,34.6,864.901163354522,134.916415086521,78568.6021188935,0.0017171797823558,27361067,31066622,7273617,3.19e+08,13965756,2587384,2677581,2714440,58774699,37514401,83040543,266976110
"329","TX-503","Austin/Travis County CoC","Major City CoC","Sheltered-Only Count","48","Texas","TX",2975,520,163,502,708,543,413,126,1070,1875,7,12,4,0,0,7,2073,902,17,49,611,9,788,2,61,264,1169,841,2134,87,36,1709,1277,420,12,1266,2152,1657,480,15,210,1778,1820,1250884,79595808,2575210685,0,0,0.589532074,0.948893495,0.514093233,1307625,0.00702571455883759,0.0757082496893222,0.0815914348532645,0.15674295000478,0.000679093776885575,0.0803380173979543,0.597914539718956,0.509634642959564,0.490365357040436,0.325097027052863,0.674902972947137,9187,98998,106691,204961,888,105052,781848,666411,641214,425105,882520,0.11376366,0.000485740451173998,80668,48268,0.460801953,0.003403651,0.072801698,0.00528366,0.012481962,0.423800288,0.012217188,0.000174277,0.004442458,0.003070628,0,0.004442458,0.007687363,0.000928943,0.002610154,0.001198353,0,8.95367e-05,0,0,7.99435e-07,0,0.041462678,1.02791422796539e-08,0.42424981744,0.204697065290125,0.0896900869897715,0.196345282477775,0.166890354650607,0.131592773157442,0.103794283529299,0.10699015390498,267667,117281,256746,218230,172074,135724,0.10699015390498,35.5,1125.51364387867,128.042551507574,53837.4383193277,0.00237831805347258,16922080,18081500,1961108,1.83e+08,7125202,2859869,1326270,19348353,0,0,92541997,160166379
"330","TX-600","Dallas City & County, Irving CoC","Major City CoC","Sheltered and Unsheltered Count","48","Texas","TX",3718,540,186,533,722,667,764,306,1323,2364,3,7,20,1,0,0,3171,547,40,51,2117,8,1042,10,99,287,663,805,2913,161,29,2632,1557,1021,54,1086,3345,1885,1405,55,1034,2487,1705,3628672,207185717,4440303683,0.5,0,0.83612017,1.932721738,0.639439166547199,3720417,0.00614393494062628,0.100825256953723,0.189860168900422,0.152615150398463,0.00063917566229807,0.093413184597318,0.456503128547149,0.496181207644197,0.503818792355803,0.333388703470606,0.666611296529394,22858,375112,706359,567792,2378,347536,1698382,1846001,1874416,1240345,2480072,0.122723525293147,0.000817212573521179,72591.41419726,54930.3173513616,0.457284485283633,0.0042006802296975,0.0744387997109285,0.00773416918898374,0.0179545620944235,0.386918134128866,0.0074428910217253,0.00022983632407338,0.00580735891467402,0.00131425450047951,0.000863952289272219,0.00667131120394624,0.00821540202849913,0.000842181714777197,0.00262961197172519,0.00284594477557465,0,5.07072878031963e-05,2.48024296283599e-06,2.75582872649829e-07,2.75582872649829e-07,0,0.0612689712609654,4.07478828059112e-08,1.242864981624,0.2531638254529,0.0927812661860216,0.153790018699517,0.144268236598209,0.130041605551206,0.111450141207289,0.114504906304858,941875,345185,572163,536738,483809,414641,0.114504906304858,34.9149147126001,1203.08390480124,147.646698020653,144099.364981173,0.00102461727045046,41981616,55813094,7283483,798024935,20673961,298804,3667615,21103881,36670054,15557030,332711901,535761439
"331","TX-601","Fort Worth, Arlington/Tarrant County CoC","Major City CoC","Sheltered and Unsheltered Count","48","Texas","TX",2463,267,172,409,463,457,512,183,907,1549,3,1,2,0,1,0,2134,329,23,23,1170,1,1052,7,26,124,424,422,2041,140,21,1496,1286,190,20,967,2398,2156,222,20,673,2050,1102,2215600,116293581,4581609282,0,0,1.164489825,1.344237692,0.51831422618348,2293822,0.00536266545529688,0.0554044734072653,0.16425468061602,0.148225537988562,0.00214489180067154,0.0809888474345438,0.54361890329764,0.491889082936688,0.508110917063312,0.287669226295676,0.712330773704324,12301,127088,376771,340003,4920,185774,1246965,1128306,1165516,659862,1633960,0.111682954690689,0.000483585540282656,71173.5120513631,29897.7700347536,0.480511553494563,0.00402086386335749,0.0756375720568335,0.00900966172314181,0.0213656711703854,0.375140368407816,0.00512471847047572,0.000197689539852862,0.00543599916461229,0.00156706978678417,0.000119155043708702,0.005555154208321,0.00731991353495803,0.000847626188645514,0.00209514322211049,0.0013811161414443,0,7.17638565294728e-05,0,0,4.51344834123488e-07,0,0.0658372452609329,1.64712966554096e-08,1.050559285685,0.256183784094843,0.0924470163770336,0.145703982261919,0.140163447730469,0.126265246387906,0.116505552741233,0.122730970406597,587640,212057,334219,321510,289630,267243,0.122730970406597,35.362446921827,495.254434836848,55.3114786062466,49755.6280958181,0.00111166275500993,31205566,28862546,3632828,275124632,12624673,1069989,2315324,4808884,4626010,4053387,29348905,122548112
"332","TX-603","El Paso City & County CoC","Major City CoC","Sheltered and Unsheltered Count","48","Texas","TX",913,196,94,126,186,116,129,66,331,573,3,1,2,0,0,3,256,657,8,9,278,3,251,4,17,80,99,288,625,79,13,724,588,136,0,189,1268,943,325,0,48,164,617,836915,5322143,2624264473,1,1,0.75679384,0.959763509,0.882501807,866275,0.00914490202302964,0.0126841938183602,0.0330068396294479,0.388529046780757,0.00179850509364809,0.162906698219388,0.39192981443537,0.496884938385617,0.503115061614383,0.827154194684136,0.172845805315864,7922,10988,28593,336573,1558,141122,339519,430439,435836,716543,149732,0.1948601,0.000318914121884696,48292,18076,0.499065993,0.006899021,0.08494752,0.012863338,0.021048795,0.357344533,0.004276025,0.000292742,0.006777271,0.008178847,0.000556807,0.007334078,0.015805667,0.000626109,0.002087428,0.001695513,0,7.28867e-05,0,0,1.19486e-06,0,0.035100339,2.94292038190466e-09,0.388634033975,0.264113589795388,0.109389050821044,0.151541946841361,0.128050561311362,0.114191221032582,0.104364087616519,0.128349542581744,228795,94761,131277,110927,98921,90408,0.128349542581744,33.3,756.67075431456,147.444938852811,135157.591456736,0.00109091126338995,5784640,12723255,1235534,87625277,6100086,265580,1083468,2068889,4089483,4357129,85690817,123398881
"333","TX-604","Waco/McLennan County CoC","Largely Rural CoC","Sheltered and Unsheltered Count","48","Texas","TX",229,73,15,31,47,33,24,6,110,114,2,3,0,0,0,0,184,45,2,0,87,0,103,0,9,14,34,93,136,25,0,173,79,94,0,56,267,165,102,0,0,80,37,368971,311859418,14315307314,0.833333333333333,0.166666666666667,5.894541731,1.603466394,0.415815877092392,377879,0.00470256351901005,0.0154335117855186,0.131655900433737,0.151699353496754,0.000344025468470066,0.0397746368546545,0.656390008441856,0.492861471529246,0.507138528470754,0.250365857853969,0.749634142146031,1777,5832,49750,57324,130,15030,248036,186242,191637,94608,283271,0.179388172033943,2.57745776536111e-05,50297.1170823723,8663.01846757604,0.506326123344149,0.00300882896779014,0.154819758095218,0.0419357382131414,0.0483629127806955,0.424410048720591,0.00299748977776302,0.000352330962053928,0.00637990541036558,0.00214108972785937,0.00385125141617092,0.0102311568265365,0.0127245775164498,0.00125213074748693,0.0031384582032138,0.00182670172218142,0,5.69150420379922e-05,0,0,2.71023975854471e-06,0,0.0256470018973713,0,0.987363364035,0.236083508212946,0.122655664908608,0.124939464749298,0.119281568967844,0.109831453983947,0.118458554193274,0.168749784984082,89211,46349,47212,45074,41503,44763,0.168749784984082,36.5550200422255,454.680217164717,81.5642530171748,131418.532751092,0.000620644982939039,4767806,2770537,147425,38278705,1589560,0,0,0,9198148,7997619,3623749,30094844
"334","TX-607","Texas Balance of State CoC","Largely Rural CoC","Sheltered and Unsheltered Count","48","Texas","TX",10081,1332,653,1772,2083,1904,1588,749,3669,6297,41,23,28,4,11,8,6937,3144,177,94,2572,19,4127,28,196,568,1751,2024,8057,531,65,3713,2990,723,0,6368,6020,4892,1128,0,835,1727,1479,11357298,17050529193,580827091156,0.55868544600939,0.164319248826291,207.926051595,69.650668083,0.521306916429112,11807793,0.00536831904150081,0.0269171385372355,0.0843757169523551,0.199504852430933,0.000932943184217406,0.0668098602338303,0.616091169619928,0.501439430721728,0.498560569278272,0.394292820004551,0.605707179995449,63388,317832,996291,2355712,11016,788877,7274677,5920893,5886900,4655728,7152065,0.150095077108094,1.95536643743596e-05,NA,9869.16353396732,0.468157013357827,0.003782421741946,0.142843674810218,0.0337598869539143,0.0388921352130378,0.396928301042803,NA,0.000121507759615535,0.00499555446929261,0.00201341913208274,0.0020023248980747,0.00699787936736731,0.00913280625906558,0.00121305256906977,0.00367552216150408,0.00236579163243625,0.1218807624,4.84270330775841e-05,0,0,1.14463937908295e-06,1.583528766291e-08,NA,1.08614032387577e-10,28.70480212078,0.253573805028594,0.0970279543349041,0.133263345656551,0.133863373112994,0.119656569182742,0.114948492067908,0.147666460616307,2994147,1145686,1573546,1580631,1412880,1357288,0.147666460616307,36.3749045591654,397.038223682339,59.5934827984614,67138.2742783454,0.000887623094859358,8291817,91004734,8749152,850533662,26997037,5468179,3696526,0,147760741,125630774,259221983,676820943
"335","TX-611","Amarillo CoC","Other Largely Urban CoC","Sheltered and Unsheltered Count","48","Texas","TX",540,52,25,107,142,97,79,38,195,344,0,1,0,0,0,0,419,121,4,11,87,2,341,4,12,12,61,70,470,24,3,277,202,75,0,263,424,202,222,0,206,118,0,254328,60393247,4716628013,0.5,0,1.899685952,1.717584518,0.421310276538325,260425,0.00615532302966305,0.0335720456945378,0.0673476048766439,0.138527407122972,0.00130171834501296,0.046216761063646,0.706879139867524,0.503296534510896,0.496703465489104,0.304675050398387,0.695324949601613,1603,8743,17539,36076,339,12036,184089,131071,129354,79345,181080,0.146835550251097,5.3921572636006e-05,56771.8557374729,12166.8310252902,0.448737397222362,0.00313875389382531,0.106261462830928,0.0296659507945881,0.0416100285768968,0.413760969921299,0.00343360371447108,0.00046789989386147,0.00906703176450882,0.00191485006511277,0.000173005196399925,0.00924003696090875,0.011622786919883,0.000719543421522601,0.00314554458321931,0.0017772328951708,0,1.17957980247948e-05,0,0,3.93192937906955e-06,0,0.0337595545339365,0,0.32600406792,0.252602476720745,0.0949640011519631,0.137644235384468,0.140051838341173,0.113598924834405,0.112397043294615,0.148741480272631,65784,24731,35846,36473,29584,29271,0.148741480272631,36.0090957346419,275.280611031973,40.420979994338,19037.3833333333,0.00212324242710201,692981,3212839,985973,45070048,1693464,16996,0,0,314567,210870,3152497,10280187
"336","TX-624","Wichita Falls/Wise, Palo Pinto, Wichita, Archer Counties CoC","Largely Rural CoC","Sheltered and Unsheltered Count","48","Texas","TX",272,45,18,58,62,51,28,10,108,164,0,0,0,0,0,0,231,41,9,1,63,0,187,0,3,24,4,55,217,24,0,201,185,16,0,71,299,287,12,0,0,29,0,335660,598758380,35941901765,0.625,0,15.863287103,4.358075704,0.285631293545522,337167,0.00546020221433296,0.0133257406567072,0.0528729086773023,0.0894423238335899,0.000788926555683089,0.0428393051514531,0.795270592910931,0.51088036492302,0.48911963507698,0.197857441564566,0.802142558435434,1841,4493,17827,30157,266,14444,268139,172252,164915,66711,270456,0.149185576530182,9.3389604755657e-06,54704.3213400465,4634.1352410177,0.435806538823953,0.00161317579200941,0.184288652049988,0.07600415546562,0.0563715446528571,0.450577965898487,NA,0,0.00361675526104987,0.00271107681601323,0.00595245191273312,0.009569207173783,0.0122802839897962,0.0012631830668057,0.00309837350224632,0.00235953059165227,0,5.06464535416791e-05,0,0,0,0,0.0166448191918906,0,2.06318411915,0.230796608208988,0.0958397470689599,0.129508522482924,0.124166955840874,0.114450702470882,0.131578713219265,0.173658750708106,77817,32314,43666,41865,38589,44364,0.173658750708106,38.826890603587,759.035892924841,113.237207293094,139739.709558824,0.000810343800274087,785843,2424960,0,12895588,909327,0,0,0,12245984,11268969,10374118,38009201
"337","TX-700","Houston, Pasadena, Conroe/Harris, Fort Bend, Montgomery
Counties CoC","Major City CoC","Sheltered and Unsheltered Count","48","Texas","TX",3280,495,201,606,647,567,553,211,1237,2024,8,2,9,0,0,0,2862,418,29,35,1879,4,975,7,87,213,504,738,2542,175,17,2173,1615,545,13,1107,3006,2185,806,15,812,6723,3340,6061689,332815380,9352422761,0.333333333333333,0,1.682032022,2.711920358,0.670947816406645,6273022,0.00743198413778877,0.088108092080659,0.179294445324757,0.182072851011841,0.000761674357271503,0.11258784043799,0.429743112649693,0.496680069032119,0.503319930967881,0.391122651889313,0.608877348110687,46621,552704,1124718,1142147,4778,706266,2695788,3115685,3157337,2453521,3819501,0.138969552445822,0.000648141038413864,69843.1302724373,43970.7556158028,0.493017677575458,0.00404930998967555,0.0833366232656324,0.0115037986256939,0.0199997202706399,0.376092208308601,0.00765541703173126,0.000324826773847025,0.00389214935181251,0.00175198676336447,0.0004165507882605,0.00430870014007301,0.0063855136772845,0.000421664656581524,0.00104673820665362,0.0014522357280126,0.004258047,1.91365656575288e-05,3.29941180198291e-07,0,3.29941180198291e-07,3.03471712291662e-07,0.0492430410600598,4.19730853937282e-09,1.164350011947,0.262381193625656,0.0904355189572107,0.146277663301675,0.146248012520919,0.127679131366031,0.109547360108095,0.117431120120414,1645923,567304,917603,917417,800934,687193,0.117431120120414,35.0248975821755,651.806271226086,90.5812257936691,167400.981707317,0.000541103312954525,87504050,96492987,19297548,535152449,39217629,3058244,7723792,27211616,32290615,18995279,217283460,549075220
"338","TX-701","Bryan, College Station/Brazos Valley CoC","Other Largely Urban CoC","Sheltered and Unsheltered Count","48","Texas","TX",118,3,8,19,24,24,30,10,31,86,1,0,0,0,0,0,107,11,3,0,54,0,53,0,3,2,19,7,111,5,3,66,66,0,0,52,104,104,0,0,0,0,74,346599,170849655,14098389939,0.714285714285714,0.142857142857143,6.84508169,1.565133312,0.426267819696569,358574,0.00529040030788624,0.039433980154724,0.113075683122591,0.11812903333761,0.00094262272222749,0.0507844963661615,0.6723437839888,0.50754098177782,0.49245901822218,0.257996954603513,0.742003045396487,1897,14140,40546,42358,338,18210,241085,181991,176583,92511,266063,0.206785660156541,2.45842966111479e-05,51384.780948589,12930.3543951367,0.536250819621684,0.00365884588570759,0.156714352130096,0.0268967805640149,0.027891608367641,0.427361302086001,0.0059822847787169,0.000320254505656393,0.00506060318918693,0.0015926184598513,0.00283901578053601,0.00789961896972294,0.00981249193523063,0.00119157901247263,0.00319389284368103,0.00242932045026673,0,4.03924776969928e-05,0,0,2.8851808386637e-06,0,0.0173716597783173,0,1.12109383357,0.210963427353907,0.203294159643477,0.135882690881101,0.118028635651218,0.0981582602196478,0.100291711055459,0.13338111519519,75646,72896,48724,42322,35197,35962,0.13338111519519,31.8462952864838,398.006086031055,82.3019512462529,241743.847457627,0.000340451068814394,507723,4113521,1326200,30263597,1911340,0,0,0,6678955,7765368,6222667,28525774
"339","UT-500","Salt Lake City & County CoC","Largely Suburban CoC","Sheltered and Unsheltered Count","49","Utah","UT",2404,332,171,339,474,455,462,171,847,1504,9,27,17,0,0,0,1638,766,103,36,251,3,1452,57,95,91,654,567,1837,123,22,1991,1739,252,0,413,1784,1434,350,0,691,2353,420,1146215,136855044,1949876462,0,0,0.594846113,0.993085777,0.294978691,1184689,0.00974010900751168,0.0413382752773091,0.0180114781178858,0.0965915949249128,0.0156437681112933,0.090845783154904,0.727828991406183,0.505363854986414,0.494636145013586,0.199760443458157,0.800239556541843,11539,48973,21338,114431,18533,107624,862251,598699,585990,236654,948035,0.085992935,0.000587839805412247,77128,42034,0.451135848,0.001400904,0.052468175,0.005685329,0.010095167,0.352944256,0.005527072,0.000293139,0.005324481,0.001702996,0.000348975,0.005673456,0.007669591,0.000734592,0.002742941,0.003631081,0,0.00017187,0,0,8.72437e-07,0,0.060126591,6.13457864132112e-08,0.52601640294,0.258586008648683,0.0977902217375193,0.163304462183746,0.148422075329475,0.117038311320524,0.099101114300884,0.115757806479169,306344,115851,193465,175834,138654,117404,0.115757806479169,33.8,988.760996840324,85.0264601318252,40540.1846921797,0.00209733775949538,17645062,16744157,1941260,1.4e+08,5756775,432233,1025384,2432398,3242957,3858670,44379708,97458604
"340","UT-503","Utah Balance of State CoC","Largely Suburban CoC","Sheltered and Unsheltered Count","49","Utah","UT",1260,213,96,226,278,214,166,67,505,744,0,7,3,0,1,0,987,273,79,8,71,4,878,16,47,27,218,323,937,88,7,761,634,127,0,499,1019,840,179,0,170,541,458,1308785,5359036428,198887119519,0.24,0.04,24.353713669,9.292469594,0.17844336554325,1384359,0.013193831946771,0.0134416000473866,0.00839883296168118,0.0693273926777664,0.00526814215098829,0.0337304124146988,0.856639787800708,0.506078986736822,0.493921013263178,0.124045858046937,0.875954141953063,18265,18608,11627,95974,7293,46695,1185897,700595,683764,171724,1212635,0.094635052851476,6.58054178252086e-06,70445.7021940196,9918.37032362076,0.41330319214971,0.00174827107508997,0.125043422840728,0.0108001459642309,0.0179435588861364,0.369515237352552,0.00633669484858705,0.00020247789069022,0.00249086000112318,0.00176270370104333,0.000402663470715969,0.00289352347183915,0.0048587050635727,0.000798450424855114,0.00278273342549999,0.00145936884423874,0,0.00015969020863358,0,0,3.82033819432527e-06,0,NA,3.14449171477017e-10,1.98760203199,0.286859839102429,0.105843932101427,0.133333188862138,0.136149654822196,0.106228225481974,0.0974320967321338,0.134153062897702,397117,146526,184581,188480,147058,134881,0.134153062897702,33.2584222007434,333.793744506181,31.5885886528345,32811.6436507937,0.000962724970105862,1570309,6412940,1550432,60415558,858031,553597,0,0,3109920,3396831,23890611,41342671
"341","UT-504","Provo/Mountainland CoC","Largely Suburban CoC","Sheltered and Unsheltered Count","49","Utah","UT",205,44,26,32,36,28,26,13,77,125,1,2,0,0,0,0,150,55,5,1,3,0,142,1,6,3,34,56,149,29,0,109,42,67,0,96,157,74,83,0,217,172,160,696239,467877620,13084280766,0,0,2.892618556,2.232686924,0.178665659526744,762139,0.00533367272899038,0.0148345642986384,0.00630724841531532,0.0851655669110228,0.00742253053576841,0.041219515075334,0.839716902034931,0.508133030851328,0.491866969148672,0.137291229027776,0.862708770972224,4065,11306,4807,64908,5657,31415,639981,387268,374871,104635,657504,0.0946176907280488,5.32118663953775e-05,79263.300753046,16953.8457196451,0.473594871616255,0.00244258866657483,0.113972358992339,0.00396713499090973,0.0108439936006228,0.319147591500378,0.00837046052759756,5.88878316394227e-05,0.00258101036308509,0.000159427622681292,0.000356199754230947,0.00293721011731604,0.00315552557163675,0.000710962867021238,0.00243450847721257,0.00109014253832664,0,5.88877664738689e-05,0,0,1.43628400440079e-06,0,0.0168850068769819,2.59219535948316e-09,0.3252189515,0.315783603778313,0.159543075475733,0.14519661111687,0.125908790916093,0.095667588195854,0.0736965304229281,0.0842038000942085,240671,121594,110660,95960,72912,56167,0.0842038000942085,26.9311203480414,954.409991842639,90.3040694359265,306698.609756098,0.000294439122197981,3284678,7459644,147121,36961101,3172496,0,0,0,1125165,1620007,46064104,62873215
"342","VA-500","Richmond/Henrico, Chesterfield, Hanover Counties CoC","Largely Suburban CoC","Sheltered and Unsheltered Count","51","Virginia","VA",681,94,48,93,99,130,160,57,246,426,2,4,3,0,0,0,649,32,6,1,445,2,187,1,20,86,160,152,529,37,5,475,402,43,30,206,450,357,52,41,107,1005,264,1096347,201650804,5490438590,0,0.125,5.820760718,3.604479092,0.423790095781868,1132803,0.00274187126976182,0.0463478645448503,0.268365285049563,0.0628520581248461,0.000549963232795111,0.0442283433218309,0.574914614456353,0.483294977149601,0.516705022850399,0.0840534497172059,0.915946550282794,3106,52503,304005,71199,623,50102,651265,547478,585325,95216,1037587,0.0996453137965024,0.000199682954654448,75263.0083960644,24302.663293647,0.48224121767905,0.000803231144478913,0.0631948521702127,0.00812109183620332,0.0144602547333736,0.40709556392675,0.0044952415566951,0.000201578537447542,0.00511608100413099,0.00523465641832923,0.00318968362707519,0.00830576463120618,0.013741999586983,0.000698683980639341,0.00187075804275836,0.0011237317519736,0.071035771,7.0233214380666e-05,0,0,9.12121390727571e-07,2.97544067652217e-08,0.0432700598722567,0,3.91673623542,0.214148444169021,0.0877804878694707,0.14351127248074,0.136210797464343,0.124892854273868,0.130954808558946,0.162501335183611,242588,99438,162570,154300,141479,148346,0.162501335183611,39.0351147948597,1960.80640089732,195.385169111604,314552.046989721,0.000621153704073619,9667992,15173976,1719779,2.55e+08,6694687,635247,924505,7019038,48855741,28634292,94884687,214209944
"343","VA-501","Norfolk, Chesapeake, Suffolk/Isle of Wight, Southampton
Counties CoC","Largely Suburban CoC","Sheltered and Unsheltered Count","51","Virginia","VA",670,108,27,102,114,110,155,54,240,428,0,1,1,0,0,0,647,23,8,1,491,1,123,1,32,59,117,170,500,22,1,547,530,17,0,123,483,439,44,0,297,633,351,641281,351494852,4439386880,0,0,3.986767873,4.045646887,0.490507281726298,648472,0.00322296105306012,0.0317068431636216,0.347512305851294,0.0768714763320544,0.000673891856548933,0.0276542395045584,0.512358282238863,0.497714627616921,0.502285372383079,0.0752013965136506,0.924798603486349,2090,20561,225352,49849,437,17933,332250,322754,325718,48766,599706,0.118920103087545,0.000144452605130914,69214.572745801,20767.4394610163,0.516172076592757,0.00126659759475674,0.0759230163613631,0.0110308822328605,0.0154607194397604,0.397017843959207,0.00444757030672201,0.00048028862152317,0.0106599137594346,0.00459081121589756,0.00438809205786543,0.0150480058173001,0.0201191056547208,0.00142527243422306,0.00345558364168594,0.00314838575182954,0.059873864,5.61376284058003e-05,1.5593796151765e-06,0,1.5593796151765e-06,1.45094686122458e-07,0.0405017457333291,2.56386987610325e-09,3.40349181301,0.225292688042043,0.103859534413205,0.151887822450314,0.135214781825584,0.114407406950493,0.126577554620708,0.142760211697652,146096,67350,98495,87683,74190,82082,0.142760211697652,36.4903232748202,1627.57189399858,193.551017416702,185254.611940299,0.00104478379992546,6959113,12075158,2449739,147745319,4899700,1989078,772640,0,37995814,27098725,29880623,124120590
"344","VA-502","Roanoke City & County, Salem CoC","Largely Suburban CoC","Sheltered and Unsheltered Count","51","Virginia","VA",401,68,24,57,80,58,92,22,150,247,2,1,1,0,0,0,386,15,5,3,151,3,219,0,8,18,94,109,292,13,1,325,325,0,0,76,397,397,0,0,0,142,94,277741,26497218,4219088328,0.285714285714286,0,3.830201518,4.673656557,0.230671741022096,280336,0.00171223103704126,0.0263184178985218,0.139397009303122,0.0509281719079961,0.000820444038582273,0.0171972204782832,0.763626505336453,0.481365218880201,0.518634781119799,0.0518627646823811,0.948137235317619,480,7378,39078,14277,230,4821,214072,134944,145392,14539,265797,0.122666670357261,6.58296244135897e-05,59091.1245512906,14412.8961766538,0.432450865262381,0.00129160972749215,0.106537416518302,0.0204992547385262,0.0336629145891424,0.459820480055699,0.00172972544360033,0.000424856345048084,0.0067904989086235,0.00692731736229797,0.00460861001162234,0.0113991089202458,0.0187512826275919,0.001584209590615,0.00393172055259396,0.00207747509084363,0,0.000190825093093926,0,0,3.60048465728863e-06,0,0.0537263134105156,0,4.06902433925,0.206823240682609,0.0790016266194852,0.125256834655556,0.121407881970207,0.124789538268364,0.138680012556361,0.204040865247417,57980,22147,35114,34035,34983,38877,0.204040865247417,42.123341170371,1666.74420940238,204.453962504636,141609.097256858,0.00144379115794931,1940548,3603708,469912,31700272,1455140,0,316365,0,13488977,11915072,23595526,56785248
"345","VA-503","Virginia Beach CoC","Major City CoC","Sheltered and Unsheltered Count","51","Virginia","VA",311,52,19,50,56,43,68,23,130,177,1,1,2,0,0,0,275,36,0,1,160,0,125,1,7,25,63,76,235,20,0,228,215,13,0,83,170,154,16,0,388,224,186,450882,654697226,633818766,0,0,0.453818755,0.981853005,0.389483279,457066,0.00231257630189076,0.0725431338143725,0.189023029496834,0.0941898981766309,0.00168903396883601,0.0240402917740545,0.616202036467381,0.491095377910411,0.508904622089589,0.0893831525425212,0.910616847457479,1057,33157,86396,43051,772,10988,281645,224463,232603,40854,416212,0.07197727,0.000711373698897391,78136,22994,0.476632467,0.000893002,0.071515869,0.005497079,0.009201281,0.411937048,0.002786257,0.00029276,0.004209527,0.002643707,0,0.004209527,0.007145994,0.001062362,0.005526945,0.001372865,0.007205379,1.55251e-05,0,0,0,4.58227388557776e-09,0.013427016,0,0.410051478726,0.220987778570272,0.0849658473830913,0.156646961270364,0.140555193341881,0.117464436208338,0.12569081926899,0.153688963957065,101006,38835,71598,64243,53689,57449,0.153688963957065,37.4,1436.70095188942,103.409812323402,149921.617363344,0.000689759183112211,3040149,3982646,1247659,44932966,2337415,0,344503,2676916,0,0,32996335,46625623
"346","VA-504","Charlottesville CoC","Largely Rural CoC","Sheltered and Unsheltered Count","51","Virginia","VA",125,7,0,33,30,23,25,7,55,70,0,0,0,0,0,0,124,1,1,1,60,0,55,0,7,32,13,14,111,0,0,106,92,14,0,19,80,60,20,0,80,131,35,254109,73503994,5541550391,0,0.166666666666667,4.935443223,1.956817972,0.24496967857896,261949,0.0011987066184639,0.0409965298588657,0.112544808340555,0.0641346216248201,0.000255774979098985,0.0234931227070918,0.757376435871105,0.483021504185929,0.516978495814071,0.0623174740121169,0.937682525987883,314,10739,29481,16800,67,6154,198394,126527,135422,16324,245625,0.111444320983125,4.58552177767249e-05,74181.8185345659,12839.9039231196,0.464259104687008,0.000385102484310373,0.129665289480863,0.0123686248887682,0.0194566257352986,0.449602335744484,0.00574560551147342,8.6576970426077e-05,0.00492701929260672,0.00165676937358771,0.0011176306581467,0.00604464995075342,0.00778799629476721,0.00102711852093393,0.00238480319920192,0.00186140599155481,0.000358466,1.9676603952241e-05,0,0,3.93531837845177e-06,0,0.0186101241334388,0,2.61125730008,0.193545308437902,0.112521903118546,0.129876426327262,0.123432423868768,0.114892593596463,0.132720491393363,0.193010853257695,50699,29475,34021,32333,30096,34766,0.193010853257695,40.3572419709652,574.129035344381,63.9834205006513,130070.104,0.000491914886918606,999110,825375,0,15882543,1533111,129241,0,0,3944600,2532669,6294657,16258763
"347","VA-505","Newport News, Hampton/Virginia Peninsula CoC","Other Largely Urban CoC","Sheltered and Unsheltered Count","51","Virginia","VA",412,73,22,64,90,52,75,36,152,259,0,0,0,0,0,1,388,24,4,1,287,0,93,0,18,39,64,117,295,14,6,362,342,20,0,50,217,199,18,0,350,518,92,486327,895521054,1014630549,0,0,2.040383578,5.690838548,0.48156692937605,500864,0.00211634295936622,0.0333683395093279,0.329806095067723,0.0917115224891388,0.000960340531561462,0.0217584014822387,0.520278957960644,0.485269454382826,0.514730545617174,0.0821899757219525,0.917810024278048,1060,16713,165188,45935,481,10898,260589,243054,257810,41166,459698,0.120311513933547,0.000479314367657582,67785.6636028845,15672.0512268494,0.509103433223917,0.00300885431283666,0.0969951929717137,0.0110638955497659,0.0106135172403321,0.431596436122738,0.00271508476520119,0.000370121347887327,0.0121482047604492,0.00757103758742574,0.00246953164379111,0.0146177364042404,0.0225588953395534,0.00128103072978469,0.00427284524630547,0.00157095949803527,0.0171930991,0.000123373942193216,0,0,2.05623083065509e-06,1.56333433306416e-08,0.0194210889731785,0,4.26448192985,0.218300776258625,0.109744361742908,0.140501213902377,0.12629376437516,0.105825134168157,0.128070693841043,0.17126405571173,109339,54967,70372,63256,53004,64146,0.17126405571173,37.5232937920371,1429.16943756771,171.945538701326,202965.432038835,0.00084716661834527,3699464,4383536,667772,116214314,2876128,365737,0,0,13259114,11697456,46672551,83621758
"348","VA-507","Portsmouth CoC","Other Largely Urban CoC","Sheltered and Unsheltered Count","51","Virginia","VA",123,29,4,21,16,22,20,11,53,70,0,0,0,0,0,0,120,3,7,0,103,0,11,0,2,6,34,45,78,2,2,71,63,8,0,52,85,75,10,0,89,148,92,94961,34658275,86248205,0,0,0,1,0.629784859,97299,0.00283661702586871,0.0149025169837306,0.516994008160413,0.0756739534835918,0.000585823081429408,0.0201646471186754,0.368842434146291,0.480004933247001,0.519995066752998,0.0507918889197217,0.949208111080278,276,1450,50303,7363,57,1962,35888,46704,50595,4942,92357,0.157492708,0.00110102001543105,53213,23498,0.555490235,0.000354707,0.10345165,0.019594413,0.031189608,0.430481987,0.001529913,0,0.019565927,0.007897979,0.00592875,0.025494677,0.033392656,0.001695433,0.003011763,0.001800739,0.010374783,4.21226e-05,0,0,0,2.88530316814671e-07,0.028790767,0,0.94939823697,0.231903719462687,0.0911006279612329,0.165623490477806,0.130432995200362,0.106455359253435,0.122724796760501,0.151759010883976,22564,8864,16115,12691,10358,11941,0.151759010883976,35.8,2103.80895176618,331.334568928297,255803.756097561,0.00129526858394499,2624761,3084587,0,38271266,975726,0,0,0,5254447,4388663,15135678,31463862
"349","VA-508","Lynchburg CoC","Largely Rural CoC","Sheltered and Unsheltered Count","51","Virginia","VA",147,16,8,25,29,33,25,11,68,79,0,0,0,0,0,0,142,5,4,1,63,0,65,0,13,10,7,26,121,7,0,74,74,0,0,73,87,87,0,0,0,79,97,262937,68485365,5491999817,0,0,4.037265015,2.084279749,0.243605882686107,262716,0.00246273542532621,0.0132995325751001,0.163998386089922,0.0510627445606663,0.000635667412719439,0.0148220892522724,0.753718844683993,0.481546613072672,0.518453386927328,0.0350720930586641,0.964927906941336,647,3494,43085,13415,167,3894,198014,126510,136206,9214,253502,0.120416126619582,4.78763672180217e-05,56607.6759756139,6889.51300121322,0.439449207274918,0.000272123819986042,0.136136478163804,0.0185563888365274,0.0208944411671617,0.445197899123775,0.00287923375903734,0.000551462953642888,0.00448776720879526,0.00497077252052773,0.00124744709382856,0.00573521430262382,0.0112574497767944,0.000844308800712718,0.00190920268053564,0.00129308542715175,0,0.000125505653715529,0,0,3.80319518211587e-06,0,0.0209137548614573,0,1.89214075456,0.197060704334719,0.128374366235783,0.123601151052848,0.106335358333714,0.113221120906226,0.137041520120586,0.194365779016124,51771,33726,32472,27936,29745,36003,0.194365779016124,39.8317676857955,710.644968199569,85.573114472288,153063.523809524,0.000559069282755945,856161,1423688,370091,13736684,799117,0,0,0,3234328,2383486,13433467,22500338
"350","VA-513","Harrisonburg, Winchester/Western Virginia CoC","Largely Rural CoC","Sheltered and Unsheltered Count","51","Virginia","VA",373,56,18,65,78,77,62,17,150,221,1,1,0,0,0,0,347,26,7,3,57,1,261,6,20,8,105,96,277,16,0,275,275,0,0,98,286,286,0,0,0,119,62,401410,49234654,6497072239,0.222222222222222,0.111111111111111,5.899372073,4.90829152,0.199571510583536,410494,0.00273816426062257,0.018102578844027,0.056064156845167,0.0733067962016497,0.000450676501970796,0.0460347776094169,0.803302849737146,0.494857415699133,0.505142584300867,0.11636223671966,0.88363776328034,1124,7431,23014,30092,185,18897,329751,203136,207358,47766,362728,0.117675833882574,6.17832133049798e-05,65658.5438778306,9010.44003637179,0.426529139562069,0.000981937131578342,0.115829406397681,0.0139020242017164,0.0201629977663287,0.420281009252383,0.00408753489587454,0,0.0038663710419571,0.00330086446318477,0,0.0038663710419571,0.00716723550514188,0.000984031261308886,0.00316384717227025,0.00158939734874069,0.012195175,6.97541912167111e-05,0,0,0,0,0.0379188361080292,5.08538027354385e-10,5.80774728256,0.212441594761434,0.119867769078233,0.122179617728883,0.120164971960613,0.11943901737906,0.130355133083553,0.175551896008224,87206,49205,50154,49327,49029,53510,0.175551896008224,38.347568570788,259.530579132599,30.540477317456,32866.6300268097,0.000929224483694975,965278,1975327,0,12390627,1401365,88353,0,0,0,0,7828930,12259253
"351","VA-514","Fredericksburg/Spotsylvania, Stafford Counties CoC","Largely Suburban CoC","Sheltered and Unsheltered Count","51","Virginia","VA",213,63,17,31,40,26,29,7,86,126,0,0,1,0,0,0,198,15,0,2,108,0,81,0,21,3,23,98,115,9,0,199,187,12,0,14,202,188,14,0,0,216,120,342128,107019403,3569429507,0,0,3.620624771,1.493125796,0.359517490261823,363405,0.00268295703141124,0.0292703732749962,0.183717890507836,0.0982017308512541,0.0002669198277404,0.0673298386098155,0.618530289896947,0.501253422490059,0.498746577509941,0.131528184807584,0.868471815192416,975,10637,66764,35687,97,24468,224777,182158,181247,47798,315607,0.0633015732051133,9.58494906060068e-05,98673.2583243698,8044.25227984848,0.478638150217688,0.000347182886988103,0.0601098304750086,0.0123063339233036,0.0133748928553027,0.354481363456557,0.00540489283732112,0.000113992487101319,0.00349576742311942,0.000540733458299233,0,0.00349576742311942,0.00415049336851997,0.000821329872196955,0.00212493568269478,0.000780409567498129,0.038371182,1.46144189205502e-05,0,0,0,0,0.0193494834980592,9.85341283186182e-09,0.9495253896,0.251488009245883,0.0866994125012039,0.126960278477181,0.139703636438684,0.134483565168338,0.128226083845847,0.132439014322863,91392,31507,46138,50769,48872,46598,0.132439014322863,37.5203768764907,236.214302903274,14.9527369873264,24017.6056338028,0.000622574007389047,489406,0,0,0,0,216564,0,0,0,0,4409780,5115750
"352","VA-521","Virginia Balance of State CoC","Largely Rural CoC","Sheltered and Unsheltered Count","51","Virginia","VA",1329,327,65,248,248,205,173,63,628,692,3,1,5,0,0,0,1282,47,13,5,342,3,852,4,92,37,29,488,841,48,16,895,712,183,0,434,1096,878,218,0,97,469,235,1688700,5978324968,61896887552,0.535211267605634,0.0985915492957746,59.390522077,20.951445269,0.241916859126532,1694995,0.00176106714179098,0.011359915515975,0.165668925277066,0.0474880456874504,0.000716226301552512,0.0158230555252375,0.757182764550928,0.500030973542695,0.499969026457305,0.047680966610521,0.952319033389479,2985,19255,280808,80492,1214,26820,1283421,847550,847445,80819,1614176,0.155297771119829,2.72824703597788e-05,54416.811101439,3998.60467400959,0.451078889888126,0.000927459302981642,0.189707978012645,0.0424928041770101,0.0428480809127376,0.487429975693329,0.00227030169304495,0.00056078635957186,0.00550364181769645,0.00337774617074258,0.00171670517536152,0.00722034699305797,0.0111588795233724,0.00138449692462249,0.00340439394349855,0.0019594954258246,0.157002648,0.000174098402025878,0,0,5.92170457985433e-07,8.36356261940159e-10,0.0201219874173607,0,27.88488742615,0.193016498573742,0.0952592780509677,0.116894150130236,0.114025705090575,0.122556113734849,0.144860604308567,0.213387650111062,327162,161464,198135,193273,207732,245538,0.213387650111062,43.4632472315983,423.88726943589,65.8287481494641,83645.6034612491,0.000786995914016699,439013,6798104,4057187,81605817,1950005,1220252,0,0,23508628,19935165,53256653,111165007
"353","VA-600","Arlington County CoC","Other Largely Urban CoC","Sheltered and Unsheltered Count","51","Virginia","VA",243,42,10,39,52,33,45,22,87,153,3,0,0,0,0,0,194,49,0,3,122,7,60,1,21,13,35,74,169,8,1,212,201,11,0,31,234,220,14,0,13,259,177,236434,273562,67332992,0,0,0,1,0.391855655,235463,0.00521950370121845,0.104980400317672,0.0943417861829672,0.113495538577186,0.000373731754033542,0.0551806440927025,0.62640839537422,0.503089657398402,0.496910342601598,0.157366550158624,0.842633449841376,1229,24719,22214,26724,88,12993,147496,118459,117004,37054,198409,0.064121587,0.00351141384003848,122604,130244,0.38520896,0.001279879,0.06575597,0.003819421,0.007767876,0.491672095,0.007025523,0.000516,0.006543052,0.003988428,0,0.006543052,0.01104748,0.001065837,0.003205969,0.008704332,0.000463731,2.11476e-05,4.22951e-06,3.38361e-05,4.22951e-06,0,0.045974775,3.43457357097691e-07,2.201318757,0.181574175135796,0.0827391140009258,0.226969842395621,0.163643544845687,0.128597699001542,0.100444655848265,0.116030968772164,42754,19482,53443,38532,30280,23651,0.116030968772164,35.5,4283.6696142773,274.675693851138,267253.798353909,0.001027770963567,4627138,2673890,2804596,46418231,1685391,0,0,0,0,0,53151658,64942673
"354","VA-601","Fairfax County CoC","Largely Suburban CoC","Sheltered and Unsheltered Count","51","Virginia","VA",1278,419,88,206,194,170,139,62,576,701,0,1,0,0,0,0,941,337,5,62,626,10,394,5,60,26,184,694,584,38,20,1192,1056,136,0,86,639,489,150,0,746,644,328,1187060,40155928,1034202494,0,0,0.203900636,2.984582404,0.496351489841741,1183545,0.00482364422138575,0.197727167112362,0.0968226810133962,0.112686885585254,0.000478224317622059,0.0705194986248939,0.516941899125086,0.499285620741079,0.500714379258921,0.173369833846622,0.826630166153378,5709,234019,114594,133370,566,83463,611824,590927,592618,205191,978354,0.0591978763867547,0.00114780229876336,127739.109200883,53326.3427754284,0.456594396263553,0.00280592556930004,0.040007158425585,0.00302711989609203,0.00591273215513538,0.362448401754698,0.00161032806724597,0,0.00414806282479908,0.00256010603779253,0,0.00414806282479908,0.00670816886259161,NA,NA,NA,0.000312191,4.21208883969639e-06,3.36967107175711e-06,8.42417767939279e-07,0,0,0.0240779738032703,8.76336759945968e-08,4.109109182541,0.231678558905661,0.0828671491155807,0.13022487526879,0.145195155232796,0.138577747360683,0.126182781389808,0.145273732726681,274202,98077,154127,171845,164013,149343,0.145273732726681,38.8746055801729,1632.01325394303,96.6117188684649,89737.0164319249,0.00107660943844456,19020243,11601395,0,1.65e+08,4856602,788970,1035346,0,0,0,77381351,114683907
"355","VA-602","Loudoun County CoC","Largely Suburban CoC","Sheltered and Unsheltered Count","51","Virginia","VA",303,53,69,60,43,36,28,14,125,174,1,2,1,0,0,0,222,81,8,12,111,4,111,1,5,9,41,92,211,63,3,174,149,25,0,129,113,87,26,0,0,14,37,405312,14496364,1335753247,0,0,0.748242473,0.880534684,0.448994848,427082,0.00298303370312961,0.210413925194693,0.0770086306610908,0.110969322050566,0.000615806800567573,0.0443685287602849,0.553640752829667,0.500426147671876,0.499573852328124,0.141579368833151,0.858420631166849,1274,89864,32889,47393,263,18949,236450,213723,213359,60466,366616,0.032287752,0.000303433288229169,147111,23617,0.442395492,0.000671369,0.028101585,0.005593924,0.008504524,0.336525936,0.009148377,0,0.001120125,0.000476176,0,0.001120125,0.001596301,0.000979492,0.002227913,0.001176871,0,4.93447e-06,2.46724e-06,0,2.46724e-06,0,0.038641836,8.38404381374489e-09,0.234374906496,0.271083773139584,0.0768798497712383,0.110255173479566,0.169262577209997,0.157808102425295,0.111004444111435,0.103706079862883,115775,32834,47088,72289,67397,47408,0.103706079862883,37.8,723.069655620691,23.3462937194063,31229.4818481848,0.000747572240644244,354487,2784764,0,18304108,515805,0,0,0,0,0,5807477,9462533
"356","VA-603","Alexandria CoC","Other Largely Urban CoC","Sheltered and Unsheltered Count","51","Virginia","VA",187,55,5,27,39,20,26,15,87,100,0,0,0,0,0,0,169,18,1,2,133,5,31,1,5,2,18,84,103,1,4,169,153,16,0,18,175,147,28,0,30,50,102,158309,1069028,38682338,0,0,0,1,0.484084923,156788,0.00631425874429165,0.0634870015562416,0.210685766767865,0.129002219557619,0.00027425568283287,0.0544238079444855,0.535812689746664,0.485043498226905,0.514956501773095,0.182029236931398,0.817970763068602,990,9954,33033,20226,43,8533,84009,76049,80739,28540,128248,0.094209741,0.0040925395977875,102227,81414,0.42939809,0.002987838,0.066421341,0.001781014,0.004989458,0.48235413,0.003648407,0,0.009083501,0.00744746,0.004535434,0.013618935,0.021066395,0.001756059,0.0033921,0.001654991,0.000315769,1.89503e-05,1.89503e-05,0,0,0,0.020624222,5.86080318180354e-07,1.6113323256,0.183126259662729,0.0582442533867388,0.200346965328979,0.18667244942215,0.134474577136005,0.111360563308416,0.125774931754981,28712,9132,31412,29268,21084,17460,0.125774931754981,37.5,7174.63531882472,675.920535155929,572215.529411765,0.0011812341686196,1196803,2237847,19457079,55556420,1405842,1760584,0,0,9040922,4188913,67716314,107004304
"357","VA-604","Prince William County CoC","Largely Suburban CoC","Sheltered and Unsheltered Count","51","Virginia","VA",345,91,18,45,74,46,45,26,148,196,0,0,0,0,0,1,294,51,4,2,195,1,98,0,14,16,49,141,204,11,4,256,228,28,0,89,277,236,41,0,9,216,88,525420,30989944,901656332,0,0,0.56656402,2.954050568,0.587649879820113,544222,0.00716619320791883,0.0950567966748864,0.196293056877524,0.140337950321744,0.000714781835353955,0.093103549654369,0.467327671428204,0.503570234205894,0.496429765794106,0.276513996126581,0.723486003873419,3900,51732,106827,76375,389,50669,254330,274054,270168,150485,393737,0.0612708066759811,0.000582727566316254,105158.68150432,18779.2509877812,0.5039875865734,0.00108642799581857,0.0423659600703272,0.00156633016441323,0.00570569494333295,0.321609379313688,0.00365779504618781,0.000146549412416733,0.00373034914472612,0.000746069892592593,0,0.00373034914472612,0.00462296844973545,0.000711811367393704,0.00238285566412775,0.00159681774173043,0.000676526,7.61296296635073e-06,0,0,0,0,0.012997220867329,3.43101623479754e-08,1.651845390212,0.265955804800247,0.0883756996225805,0.131462895656552,0.151175439434642,0.138763225301439,0.116342227987843,0.107924707196695,144739,48096,71545,82273,75518,63316,0.107924707196695,35.8750846941494,503.042452097028,30.8218168322485,46940.2869565217,0.000656617563092383,2200390,5233278,1014863,62455832,2003045,427094,458540,0,0,0,4857189,16194399
"358","VT-500","Vermont Balance of State CoC","Largely Rural CoC","Sheltered and Unsheltered Count","50","Vermont","VT",2647,589,182,417,573,377,338,171,1256,1370,7,6,8,0,0,0,2565,82,28,4,134,1,2366,4,98,81,680,1037,1610,94,39,2567,2498,69,0,80,2770,2656,114,0,167,826,64,460926,813683331,22482136526,0.153846153846154,0,12.902608934,2.083778771,0.0609403679972902,476423,0.00221231972427863,0.00872124141781568,0.0074324707245452,0.0456883903589877,0.000130136454369331,0.00667893867424537,0.929136502645758,0.498009122145656,0.501990877854344,0.0236869336702888,0.976313066329711,1054,4155,3541,21767,62,3182,442662,237263,239160,11285,465138,0.106174570206252,2.05018770999345e-05,60894.4375821715,3180.28540806984,0.473821249705519,0.00189535721469662,0.263838592932554,0.0231388049436981,0.0225810482467771,0.578734981410758,0.002192245839113,0.000297227836539922,0.00967400406929095,0.00526765699144982,0.00091337872710153,0.0105873827963925,0.0161522676243822,0.000839614137349596,0.00179204466529117,0.00269891467137675,0.1277528235,0.000785375601864507,0,0,2.16954169367751e-06,0,0.0205933273694367,0,3.0695897999,0.184191359359225,0.0826240546741026,0.110597095438297,0.118535419154827,0.123516286997059,0.156820724440256,0.223715059936233,87753,39364,52691,56473,58846,74713,0.223715059936233,45.4463527768015,991.718198279255,105.295253468019,18335.2172270495,0.00574278734547411,3404036,0,1666107,93075216,0,182407,0,1497540,3558343,2323896,35900991,48533320
"359","VT-501","Burlington/Chittenden County CoC","Other Largely Urban CoC","Sheltered and Unsheltered Count","50","Vermont","VT",811,148,61,151,193,123,107,28,366,433,1,5,5,0,1,0,765,46,13,11,146,0,609,5,26,27,226,268,543,37,13,724,719,5,0,87,808,798,10,0,128,139,56,163414,217071279,1390433438,0,0,0.874283898,0.739346376,0.120246735,168831,0.00129715514330899,0.0387665772281157,0.0257417180494104,0.0548418240725933,0.000343538805077267,0.00729131498362268,0.871717871717872,0.491959415036338,0.508040584963662,0.0282708744247206,0.971729125575279,219,6545,4346,9259,58,1231,147173,83058,85773,4773,164058,0.112449721,0.000117527380695803,76316,13667,0.541355904,0.001654683,0.056514334,0.00556344,0.010346296,0.431174808,0.004066749,0.000673137,0.017942159,0.004412107,0,0.017942159,0.023027403,0.001272841,0.002680309,0.002876131,0.004712155,0.000526271,0,0,6.11943e-06,0,0.038062834,0,0.36566170296,0.174280789665405,0.152323921554691,0.142041449733757,0.127512127512128,0.114481345250576,0.126132049208972,0.163228317074471,29424,25717,23981,21528,19328,21295,0.163228317074471,37,1875.58794114717,210.909340692964,42497.5819975339,0.00496285507973613,2122909,1467476,1356477,54469945,874846,711152,0,0,0,0,27932679,34465539
"360","WA-500","Seattle/King County CoC","Major City CoC","Sheltered and Unsheltered Count","53","Washington","WA",16868,2109,883,3623,4259,3119,2298,577,5510,11169,29,82,41,3,20,14,13305,3563,776,335,4008,57,6469,584,2270,1017,8397,3701,13167,828,83,7058,5601,1399,58,9810,6991,5173,1742,76,1505,7768,1990,2225064,496550780,5479725584,0,0,0.760629638,0.967056517,0.417814049,2262713,0.00645773458675493,0.198745930217398,0.0652499897247243,0.106072665866153,0.00749321721314192,0.0486044849700338,0.567375977421794,0.506585236395424,0.493414763604576,0.108418522366734,0.891581477633266,14612,449705,147642,240012,16955,109978,1283809,1146257,1116456,245320,2017393,0.08424871,0.000406053910162374,99158,68219,0.450839678,0.002332064,0.05489928,0.006837865,0.016710348,0.428007464,0.006548929,0.00028179,0.00946175,0.00186107,0.003410239,0.012871989,0.015014849,0.002022414,0.004848849,0.005647029,0.000797807,4.94368e-05,3.14598e-06,4.04483e-06,8.98851e-07,1.28889055102884e-07,0.054343156,2.03721713321475e-08,0.427230088512,0.19760393828117,0.0800450609511679,0.182177324300519,0.158348849367993,0.129704916178057,0.114511650394902,0.137608260526191,447121,181119,412215,358298,293485,259107,0.137608260526191,37.3,3197.61820515606,269.395208856914,35536.0197415224,0.00758090553799801,1.14e+08,36700711,12824046,9.37e+08,15605740,1452145,2203737,5607136,1.2e+08,49028066,2.42e+08,599421581
"361","WA-501","Washington Balance of State CoC","Largely Rural CoC","Sheltered and Unsheltered Count","53","Washington","WA",7505,1218,490,1362,1631,1205,1025,574,3123,4287,31,30,34,0,0,0,5560,1945,527,46,300,0,5107,78,373,357,2553,1967,5538,475,49,4046,3134,912,0,3459,6419,4928,1491,0,2450,1871,3201,2588615,11299691028,150717923440,0.235294117647059,0,32.891535622,15.59714377,0.293021557907286,2664678,0.0180997478869867,0.0275613038423404,0.0151601807047606,0.120954576875705,0.00411419315954873,0.0810334306809303,0.733076566849728,0.50354526888427,0.49645473111573,0.199400077607876,0.800599922392124,48230,73442,40397,322305,10963,215928,1953413,1341786,1322892,531337,2133341,0.125947238417901,1.71752299986439e-05,64383.1431518399,7439.74320321871,0.476937821767053,0.00267327145320911,0.120026675323555,0.0139946870224139,0.0214930132135899,0.435033019589075,0.00401955835970625,0.000216331917454855,0.00528506557524545,0.00212237059380402,0.00093486293695818,0.00621992851220363,0.00855863102346251,0.00128794750009754,0.00436874533335355,0.00304989347099858,0.071086624709,0.000137525265449671,0,0,2.31783853662287e-06,5.75237125453108e-09,0.0191326248855739,0,4.847446161827,0.221858701126365,0.0911671128744261,0.129378108724581,0.124845103235738,0.11058484364715,0.127430781505308,0.194735348886432,591182,242931,344751,332672,294673,339562,0.194735348886432,39.7805664032697,401.263835064223,50.5380719033151,17431.5271152565,0.00289923376013814,7161280,15880619,4124340,269451431,11373206,1283904,0,2975001,14031170,14180464,59813627,130823611
"362","WA-502","Spokane City & County CoC","Other Largely Urban CoC","Sheltered and Unsheltered Count","53","Washington","WA",1993,224,151,404,470,367,271,106,688,1268,6,6,24,0,0,1,1813,180,138,14,142,0,1433,40,159,121,531,348,1645,135,25,1550,1280,270,0,443,1643,1381,262,0,923,1131,822,513402,43407953,4569318506,0,0,0.900822642,0.853739485,0.161405682,544323,0.0103321006093808,0.0228504031613582,0.0199624120237433,0.0830407680733682,0.00674783171021618,0.0190273054785486,0.838039178943385,0.499155832107039,0.500844167892961,0.0686283695526369,0.931371630447363,5624,12438,10866,45201,3673,10357,456164,271702,272621,37356,506967,0.129125664,0.000112358549601182,60101,18033,0.50132833,0.000808709,0.061200924,0.009056027,0.018421196,0.428443987,0.00492493,0.000471366,0.008698836,0.004135161,0,0.008698836,0.013305363,0.000849237,0.002682109,0.002695743,0.005084361,8.18072e-05,0,0,1.94779e-06,0,0.03260408,0,0.241411375038,0.217563836178152,0.0895626310113664,0.148944652347963,0.132987215311497,0.115870540102108,0.125034216816118,0.170036908232796,118425,48751,81074,72388,63071,68059,0.170036908232796,38.2,741.422979762372,95.7367345666748,24662.0326141495,0.00388194825886927,6333005,9623970,2274195,85581930,4781938,2489613,704317,0,0,0,22944393,49151431
"363","WA-503","Tacoma, Lakewood/Pierce County CoC","Largely Suburban CoC","Sheltered and Unsheltered Count","53","Washington","WA",2661,294,174,566,647,439,385,156,1025,1627,6,3,0,0,0,0,2429,232,132,59,617,5,1414,85,231,203,651,483,2178,151,13,1445,1311,134,0,1216,2007,1831,176,0,809,1432,878,891862,356079568,4320041415,0,0,0.791376386,0.932183297,0.342961131,924106,0.0110344484290763,0.0658127963675163,0.071649789093459,0.140477391121798,0.0154549369877482,0.0366916782273895,0.658878959773013,0.502138282837683,0.497861717162317,0.125087381750578,0.874912618249422,10197,60818,66212,129816,14282,33907,608874,464029,460077,115594,808512,0.095252691,0.000206447557864442,76438,19210,0.505071609,0.001262844,0.057911574,0.007707502,0.015563006,0.393946597,0.004212666,0.000391316,0.007762412,0.001771575,0.000144641,0.007907053,0.010069944,0.001011367,0.003592484,0.002690999,0,7.96087e-05,0,0,0,5.05505129544529e-08,0.03598763,9.15570145421858e-09,0.374148595068,0.232050219347131,0.0877074707879832,0.15422581392178,0.142508543392208,0.119075084460008,0.120171279052403,0.144261589038487,214439,81051,142521,131693,110038,111051,0.144261589038487,36.8,692.93592798787,66.0040118314268,22121.9353626456,0.00298364545187484,8187859,12148403,2768877,1.97e+08,6164761,0,967528,0,620734,822177,27186131,58866470
"364","WA-504","Everett/Snohomish County CoC","Largely Suburban CoC","Sheltered and Unsheltered Count","53","Washington","WA",1161,174,55,228,247,223,166,68,446,702,4,4,3,2,0,0,1048,113,69,22,119,2,755,63,64,43,649,263,898,62,4,536,514,22,0,625,546,525,21,0,676,1483,766,811572,282924414,5404046467,0,0,0.890940356,0.882039768,0.319206429,834648,0.0102402449895046,0.128191764672053,0.0363254929023972,0.107036738840805,0.00525850418379964,0.0485186569667692,0.664428597444671,0.504262874888576,0.495737125111424,0.118392424111721,0.881607575888279,8547,106995,30319,89338,4389,40496,554564,420882,413766,98816,735832,0.072078083,0.000150178575435258,89273,21333,0.500995798,0.001338621,0.048632558,0.008478462,0.011831004,0.387014338,0.004872716,0.000655518,0.008563627,0.00116071,0,0.008563627,0.010379855,0.000862524,0.003264036,0.002507479,0.002518035,2.95722e-05,0,0,0,4.94832615823674e-08,0.017074271,5.58044063102613e-09,0.176158195176,0.223609234072327,0.0731541919467848,0.147661049927634,0.153440731901352,0.128756074417,0.129416232950897,0.143962484784005,186635,61058,123245,128069,107466,108017,0.143962484784005,38.4,915.912397532783,66.0172098100969,46147.9061154177,0.00143055699309488,16098480,8792249,2682634,2.43e+08,4460908,569233,544661,0,0,1746600,18682954,53577719
"365","WA-508","Vancouver/Clark County CoC","Largely Suburban CoC","Sheltered and Unsheltered Count","53","Washington","WA",1366,267,87,290,257,193,187,85,577,766,3,9,6,4,0,1,1202,164,36,11,104,4,886,187,52,39,343,472,894,72,10,697,483,214,0,669,685,448,237,0,72,638,304,481950,70187041,1627806032,0,0,0.7922625,0.86518872,0.225280631,510516,0.00588032500450525,0.047412813702215,0.0211119729841964,0.105610793785112,0.00811727742127573,0.0389977983060276,0.772869018796668,0.496666118201976,0.503333881798024,0.119851287716741,0.880148712283259,3002,24205,10778,53916,4144,19909,394562,253556,256960,61186,449330,0.090532737,0.000296073359187552,77184,22013,0.490176835,0.001613644,0.042073455,0.004143476,0.017330678,0.386589895,0.006333449,0.000558149,0.005033717,0.001776118,0.000392157,0.005425874,0.007760141,0.001149497,0.002392364,0.002033406,0.010500172,3.94232e-05,0,0,0,9.97333166531411e-08,0.023104056,0,0.35089478235,0.231326736086626,0.0803677063990159,0.136387498139138,0.136506985089596,0.127923512681287,0.124883451253242,0.162604110351096,118096,41029,69628,69689,65307,63755,0.162604110351096,38.9,671.207312407083,60.7662350866272,21439.4487554905,0.00283431891275029,3217444,5775381,4699063,60274448,2787708,433433,0,0,1228607,1297636,9847015,29286287
"366","WI-500","Wisconsin Balance of State CoC","Largely Rural CoC","Sheltered and Unsheltered Count","55","Wisconsin","WI",3201,869,190,498,632,454,413,145,1475,1710,11,4,0,1,0,0,2807,394,242,27,654,10,1938,18,216,175,513,1375,1826,124,38,2860,2281,579,0,341,3173,2463,710,0,1128,928,937,4119477,25591415508,135706715268,0.101449275362319,0.0144927536231884,66.592246299,22.670591241,0.116937659781929,4202702,0.00843195639376763,0.0214956949124635,0.0167437519957399,0.0525985425566695,0.000362147970519918,0.0167125815725217,0.883655324598318,0.504258212930634,0.495741787069366,0.0551292953913934,0.944870704608607,35437,90340,70369,221056,1522,70238,3713740,2119247,2083455,231692,3971010,0.0921963457412861,3.03557343633634e-05,65793.9442475343,8694.4007897119,0.401994998158747,0.000617572684267986,0.142555766192486,0.0161664838756124,0.0212224788762612,0.4784478708741,0.00280654307127944,0.000218959894407227,0.0033533383394897,0.00460932296668728,0.001719393064163,0.0050727314036527,0.0099010142647472,0.000845010201857178,0.00194879102518961,0.00236195029719913,0.0854537701,0.000174779468704741,2.42749270244742e-07,0,1.45649601622488e-06,1.09411684094016e-09,0.0405566046543382,9.7983354846814e-11,16.36981583853,0.212889231737106,0.0878039889575802,0.113239292245798,0.122777917634893,0.121643171464453,0.148709568272982,0.192936829687187,894710,369014,475911,515999,511230,624982,0.192936829687187,42.0018143565312,739.878328125332,68.2140781463278,87787.04342393,0.000777040386437405,7429618,20312429,5705515,160109748,8268106,2696932,0,0,27383314,37629209,171581203,281006326
"367","WI-501","Milwaukee City & County CoC","Major City CoC","Sheltered and Unsheltered Count","55","Wisconsin","WI",885,174,59,140,132,131,163,86,321,555,2,0,7,0,0,0,794,91,7,4,560,0,270,3,28,94,40,245,640,60,7,824,641,142,41,61,825,614,164,47,33,2024,683,949180,2455452227,625371984,0,0,0.07098911,0.997230409,0.497079584,927656,0.00615206498960822,0.046840639202463,0.26052545340083,0.106934035892615,0.000228532990677579,0.0554882413308382,0.523831032192968,0.485901023655321,0.514098976344679,0.166387109014549,0.833612890985452,5707,43452,241678,99198,212,51474,485935,450749,476907,154350,773306,0.183408627,0.00151778465342957,52260,45126,0.48676656,0.001834752,0.08491808,0.014469009,0.036664997,0.441760256,0.001057254,0.00069323,0.007785668,0.009806359,0.002501106,0.010286774,0.020786363,0.000668999,0.002781348,0.002882488,0.002330433,0.000469879,0,0,1.05354e-06,5.70160770144766e-09,0.038457405,6.78156807644904e-09,1.5213362122,0.238827755116121,0.0937179299222988,0.161002569918159,0.133099985339393,0.112380020179894,0.117084350233276,0.143887389290858,221550,86938,149355,123471,104250,108614,0.143887389290858,35.4,1487.63162118961,272.84447312417,292631.092655367,0.000932383741756042,26491547,39977522,5642533,1.22e+08,14607769,1414931,2962535,5793224,15185094,16903362,1.3e+08,258978517
"368","WI-502","Racine City & County CoC","Largely Suburban CoC","Sheltered and Unsheltered Count","55","Wisconsin","WI",227,54,11,30,30,26,49,27,90,136,1,0,0,0,0,0,194,33,0,0,96,0,102,1,21,36,18,76,151,9,3,208,151,57,0,19,251,176,75,0,184,132,46,195859,1190103013,861537604,0,0,0.7818894,0.856529457,0.291097167,196888,0.0038346674251351,0.0124385437406038,0.10593332249807,0.101341879647312,0.000731380277111861,0.0338618910243387,0.741858315387428,0.497755068871643,0.502244931128357,0.146194790947137,0.853805209052863,755,2449,20857,19953,144,6667,146063,98002,98886,28784,168104,0.123426764,0.000227336565566789,62556,12975,0.46394488,0.000489388,0.064222616,0.009219422,0.021343264,0.423656814,0.001257323,0,0.006902925,0.006913136,0,0.006902925,0.013816061,0.000648426,0.001776788,0.001587877,0,0.000342083,0,0,0,0,0.030205403,0,0.58638421869,0.229277558815164,0.0813558977692902,0.119199748080127,0.123471212059648,0.124441306732762,0.145722441184836,0.176531835358173,45142,16018,23469,24310,24501,28691,0.176531835358173,40.5,792.268338680004,97.7871172629289,84372.1894273128,0.00115899703358028,1858098,3673003,0,19149708,1364974,293629,323898,0,0,0,11638885,19152487
"369","WI-503","Madison/Dane County CoC","Other Largely Urban CoC","Sheltered and Unsheltered Count","55","Wisconsin","WI",736,125,32,119,140,127,123,70,232,483,6,4,11,0,0,0,650,86,11,10,297,0,362,1,33,46,208,217,519,23,3,647,620,27,0,89,538,506,32,0,877,909,395,542459,106222414,3098893820,0,0,0.862544158,0.864230709,0.212640955,564777,0.00254436706877228,0.0595810381796709,0.0513229115208303,0.0775155503853733,0.000621484231829554,0.0188251292102901,0.789589519403234,0.500271788688279,0.499728211311721,0.0758901300867422,0.924109869913258,1437,33650,28986,43779,351,10632,445942,282542,282235,42861,521916,0.110006998,0.000175049237408205,75179,25734,0.455450168,0.000759047,0.040651646,0.004110888,0.010846648,0.4354283,0.005894044,0.000114294,0.005032638,0.004098006,0.001577999,0.006610637,0.010822937,0.00063968,0.002274826,0.00253291,0,9.77032e-05,0,0,1.84346e-06,0,0.037682111,0,0.439938046213,0.199916073069548,0.134849684034584,0.15435295700781,0.138553800880702,0.112943692820352,0.112370015067894,0.147013777119111,112908,76160,87175,78252,63788,63464,0.147013777119111,35.6,1868.12398158776,205.506711106277,151465.985054348,0.0013567845680503,8302897,6067527,839490,91040755,4217444,1109233,334402,2049567,4650822,5203061,78704522,111478965
"370","WV-500","Wheeling, Weirton Area CoC","Largely Rural CoC","Sheltered and Unsheltered Count","54","West Virginia","WV",129,6,15,21,45,28,12,2,53,75,0,1,0,0,0,0,125,4,1,0,12,0,110,0,3,9,56,9,120,14,0,87,68,19,0,42,89,64,25,0,0,30,12,139346,56745615,2437526325,0.4,0,4.490089516,2.81131581,0.0588606776881862,136977,0.00046723172503413,0.00402987362841937,0.0173824802704104,0.0424085795425509,0.000795754031698752,0.00567978565744614,0.92923629514444,0.494280061616184,0.505719938383816,0.0147689028085007,0.985231097191499,64,552,2381,5809,109,778,127284,67705,69272,2023,134954,0.148713449143578,5.71669723402885e-05,47732.7062491927,6317.55161253283,0.438359210497115,0.000981536602766747,0.169266848941036,0.105592675480595,0.110112116197501,0.501851506501895,0.000577355570055832,0.000258349820590473,0.00473641158542764,0.00941541218722461,0.00835330754596472,0.0130897191313924,0.0227634811392074,0.00144962897595912,0.00581286867752932,0.0023825585797583,0.106104714,0.00062434520974409,0,0,0,3.17205299810391e-07,0.025677091515745,0,1.5559642712,0.191053972564737,0.081845857333713,0.111347160472196,0.110514903961979,0.125407915197442,0.146966279010345,0.232863911459588,26170,11211,15252,15138,17178,20131,0.232863911459588,45.3014166176281,1251.35762942775,186.093709184333,201018.713178295,0.000925753161195872,823056,3086515,329913,8954457,731641,373680,0,0,7122833,5858675,7605101,25931414
"371","WV-501","Huntington/Cabell, Wayne Counties CoC","Other Largely Urban CoC","Sheltered and Unsheltered Count","54","West Virginia","WV",278,24,15,46,81,80,25,7,101,172,3,2,0,0,0,0,275,3,1,0,25,0,232,0,20,21,32,41,237,15,0,208,201,0,7,70,220,212,0,8,98,367,148,133280,33929110,2038395725,0.5,0,1.832040386,1.181514662,0.0805372147235294,131798,0.000576640009711832,0.00891515804488687,0.0325422237059743,0.0383465606458368,9.10484225860787e-05,0.00418064007041078,0.915347729100593,0.488611359808191,0.511388640191809,0.0144918739282842,0.985508126071716,76,1175,4289,5054,12,551,120641,64398,67400,1910,129888,0.214983914363746,6.53847525116842e-05,42142.862665066,8888.67599039616,0.564088893314286,5.80903598069697e-05,0.170333850325149,0.0650805258220888,0.0575826258798319,0.49308223272449,0.00122189324069628,0.000435174066626651,0.0144807925991597,0.0081857740907563,0.00597989216590636,0.020460684765066,0.029081632922449,0.00131302530168067,0.0022659064937575,0.00216086431272509,0.029341321,0.00052521040240096,0,0,7.50299039615846e-06,1.17892909351292e-07,0.0199354738897959,0,0.61156910144,0.200154782318396,0.118089804094144,0.119925947282963,0.112991092429324,0.12171656626049,0.124979134736491,0.202142672878192,26380,15564,15806,14892,16042,16472,0.202142672878192,40.8587515006002,1095.13700330874,235.436839735894,112874.179856115,0.00208583433373349,5629936,3318318,444928,19205347,1494018,1048910,292625,0,6387639,4309189,8453459,31379022
"372","WV-503","Charleston/Kanawha, Putnam, Boone, Clay Counties CoC","Largely Suburban CoC","Sheltered and Unsheltered Count","54","West Virginia","WV",335,27,16,50,96,89,47,10,125,208,1,1,0,0,0,0,327,8,2,2,53,0,262,0,16,34,81,28,307,23,0,193,178,15,0,142,213,198,15,0,0,131,57,268114,45447687,5415317922,0.75,0.25,3.833764652,1.366834906,0.0985103352736709,264706,0.000502444221135902,0.0100677733032119,0.0438070916412926,0.0441433137140828,0.00067244414558038,0.00382310941195137,0.896983823562745,0.489675337922072,0.510324662077928,0.0137208827907188,0.986279117209281,133,2665,11596,11685,178,1012,237437,129620,135086,3632,261074,0.163032053310446,4.95102972460349e-05,50142.6690847923,8100.59347516355,0.487923550177085,0.00119238209918878,0.155010722096002,0.0530990134140664,0.0421662278396689,0.493954064182594,0.00123598522975675,0.000313299901318096,0.0116107327273809,0.00552376979167071,0.00567668990398487,0.0172874226313658,0.0231244923243546,0.00098838539880051,0.00248401793398331,0.00209985340687543,0.023080009,0.000164109139403388,0,0,3.72975365710108e-06,2.42036342720808e-07,0.0331873755297224,0,0.93553942649,0.204887686716584,0.0751626332610519,0.117020392435381,0.12195416802037,0.128361276283877,0.141194381691386,0.21141946159135,54235,19896,30976,32282,33978,37375,0.21141946159135,43.5619203025579,1324.43734933544,215.925740543202,172814.071641791,0.0012494685096638,2865041,2986066,711326,51693569,1646834,624788,0,1505483,13179050,8909735,25464391,57892714
"373","WV-508","West Virginia Balance of State CoC","Largely Rural CoC","Sheltered and Unsheltered Count","54","West Virginia","WV",1037,64,65,226,316,214,121,31,396,622,6,3,7,2,1,0,1015,22,5,6,104,1,874,2,31,68,217,109,928,56,2,503,444,59,0,534,771,654,117,0,139,506,272,1266686,352923451,52375216951,0.704545454545455,0.25,43.146404243,7.582228853,0.084785811171535,1250981,0.00100641016929913,0.00722792752248036,0.0321771473747403,0.0430478160739452,0.000171065747601283,0.00776510594485448,0.908604527167079,0.502352154029518,0.497647845970482,0.0228300829509001,0.9771699170491,1259,9042,40253,53852,214,9714,1136647,628433,622548,28560,1222421,0.170654454153433,2.41848353809218e-05,49551.1533671328,4872.28275042118,0.453516776215807,0.00120508502087919,0.185154988618621,0.0634152051731431,0.0520058237263102,0.4938319363299,NA,0.000136576868534112,0.00631727200606307,0.00576938567989857,0.00225233407395677,0.00856960608001983,0.0144755686284525,0.00122524435200436,0.00288548227301794,0.00170444763496399,0.148653575,0.000282627234212188,3.9473121427094e-06,0,3.15784624460995e-06,3.11682774222901e-08,0.0191531287138328,6.53152710825131e-10,9.08558436566,0.201942315670662,0.0872739074374431,0.120117731604237,0.121857166495734,0.126973151470726,0.13840657851718,0.203429148804019,252626,109178,150265,152441,158841,173144,0.203429148804019,42.6852658038377,554.713037643891,94.6642506509111,115631.514946962,0.000818671715010666,1999182,4165369,4915321,108705122,1826985,1838522,0,0,20494980,17583637,67085885,119909881
"374","WY-500","Wyoming Statewide CoC","Largely Rural CoC","Sheltered and Unsheltered Count","56","Wyoming","WY",501,86,66,55,101,90,76,27,212,283,3,1,1,0,0,1,437,64,56,2,23,1,371,2,10,37,126,102,399,80,5,412,259,153,0,89,704,480,224,0,0,254,73,581348,1867504105,251458711911,0.0434782608695652,0,22.955555314,9.487033354,0.16432842283385,579761,0.0205722702975881,0.00826547491121341,0.0085931961618667,0.0708378107530517,0.000860699495136789,0.0312559830688853,0.859614565312258,0.511669463796288,0.488330536203712,0.104493058346457,0.895506941653543,11927,4792,4982,41069,499,18121,498371,296646,283115,60581,519180,0.108074651709793,2.31190240171818e-06,65916.4380336735,4474.19329386185,0.390749209440992,0.00110190905030273,0.162530745671146,0.0333477142155697,0.030487923618239,0.479050413853862,0.00346944626135637,0.000228778582446314,0.00424186550257849,0.00375162565201738,0.00114561345605042,0.00538747895862891,0.00936788319309261,0.00132450787071599,0.0043003502833862,0.00280038805905069,0,0.000294144073293793,0,0,1.37611188014752e-05,0,0.0322835892699072,0,1.675233290666,0.228299247448518,0.0895161971916014,0.127669850162395,0.133565382976778,0.111382104004926,0.129629278271564,0.179937939944218,132359,51898,74018,77436,64575,75154,0.179937939944218,39.0873094944852,573.866637580548,62.020436984388,71966.9800399202,0.000861790184192601,117229,917617,1076290,33954395,0,200172,0,0,5065468,4180849,24497832,36055457
"375",NA,NA,NA,NA,"12","Florida","FL",NA,NA,NA,NA,NA,NA,NA,NA,NA,NA,NA,NA,NA,NA,NA,NA,NA,NA,NA,NA,NA,NA,NA,NA,NA,NA,NA,NA,NA,NA,NA,NA,NA,NA,NA,NA,NA,NA,NA,NA,NA,NA,NA,60701,902081654,3972574504,0.666666666666667,0,2.985554905,0.385045472,0.221775588605394,60689,0.00125228624627198,0.00550346850335316,0.114106345466229,0.0843975020184877,0.000197729407306102,0.00604722437344494,0.788495443984907,0.563248694162039,0.436751305837961,0.0429567137372506,0.957043286262749,76,334,6925,5122,12,367,47853,34183,26506,2607,58082,0.138153740998369,1.52800155010007e-05,54808.4871583664,1784.31328973164,0.359213015587486,0.00545911542821646,0.212902959835751,0.021588301646019,0.0146193371681686,0.399120278024283,0.00216364322266519,0,0.00156504819544983,0.0024876033216092,0.0037561161746594,0.00532116437010922,0.00780876769171842,0.000724864507454572,0.00210869675639611,0.00172979017049143,0.002463279,0.000296535595700236,0,0,0,0,0.0242170640913329,0,0.4812097294,0.217469393135494,0.0740826179373527,0.137339550824696,0.131292326451251,0.128243998088616,0.131407668605513,0.180164444957076,13198,4496,8335,7968,7783,7975,0.180164444957076,40.7270077922934,321.463918773684,44.4114429745803,NA,NA,0,0,0,1558386,0,0,0,0,1542256,1153563,0,2695819
"376",NA,NA,NA,NA,"35","New Mexico","NM",NA,NA,NA,NA,NA,NA,NA,NA,NA,NA,NA,NA,NA,NA,NA,NA,NA,NA,NA,NA,NA,NA,NA,NA,NA,NA,NA,NA,NA,NA,NA,NA,NA,NA,NA,NA,NA,NA,NA,NA,NA,NA,NA,1995,29090018,6016818946,1,0,1,0,0.693734336,1580,0.000632911392405063,0,0.000632911392405063,0.142405063291139,0,0.463924050632911,0.392405063291139,0.631012658227848,0.368987341772152,0.635443037974683,0.364556962025316,1,0,1,225,0,733,620,997,583,1004,576,0.139311044,3.31570555455434e-07,31532,504,0.674074074,0,0.461613217,0.034985423,0.031098154,0.515789474,NA,0,0,0,0.023558897,0.023558897,0.023558897,0.003508772,0.016541353,0.009022556,0,0.000501253,0,0,0,0,0.00802005,0,0.062645394,0.241772151898734,0.0658227848101266,0.188607594936709,0.108860759493671,0.0550632911392405,0.100632911392405,0.239240506329114,382,104,298,172,87,159,0.239240506329114,35.1,2074.90831890023,289.057644110276,NA,NA,0,0,0,0,0,0,0,0,273471,303199,0,576670
"377",NA,NA,NA,NA,"40","Oklahoma","OK",NA,NA,NA,NA,NA,NA,NA,NA,NA,NA,NA,NA,NA,NA,NA,NA,NA,NA,NA,NA,NA,NA,NA,NA,NA,NA,NA,NA,NA,NA,NA,NA,NA,NA,NA,NA,NA,NA,NA,NA,NA,NA,NA,47401,13203700,1926268077,0,0,0.978350855,0.38042579,0.227822198,50905,0.0313721638345939,0.0058147529712209,0.0648462822905412,0.104940575581966,0,0.0126903054709753,0.780335919850702,0.499793733425007,0.500206266574993,0.0859640506826441,0.914035949317356,1597,296,3301,5342,0,646,39723,25442,25463,4376,46529,0.13138161,2.46076860048592e-05,70456,2763,0.481953291,0.00248915,0.106472769,0.01140576,0.021271742,0.369928904,0.000544481,0,0.00223624,0.001476762,0.004620156,0.006856396,0.008333158,0.000611801,0.001329086,0.001561148,0,0.000168773,0,0,0,0,0.010780363,0,0.17046252818,0.223357234063452,0.103545820646302,0.102485021117768,0.141439937137806,0.122541989981338,0.138021805323642,0.168608191729693,11370,5271,5217,7200,6238,7026,0.168608191729693,40.2,501.24399892313,65.854243581359,NA,NA,0,0,0,0,0,0,0,0,1418506,1088622,614429,3121557
"378",NA,NA,NA,NA,"72","Puerto Rico","PR",NA,NA,NA,NA,NA,NA,NA,NA,NA,NA,NA,NA,NA,NA,NA,NA,NA,NA,NA,NA,NA,NA,NA,NA,NA,NA,NA,NA,NA,NA,NA,NA,NA,NA,NA,NA,NA,NA,NA,NA,NA,NA,NA,643519,NA,NA,1,1,NA,NA,0.989370943058009,647354,0.00083725442339122,0.00170849334367286,0.0639093911522907,0.331296323186386,7.87822427914248e-05,0.304916629850128,0.297253125801339,0.475095542778758,0.524904457221242,0.988185753081004,0.0118142469189964,542,1106,41372,214466,51,197389,192428,307555,339799,639706,7648,0.4429318576016,NA,20606.3636893394,NA,0.553107083295337,0.0015504577700796,0.238013155047968,0.0596779935492083,0.127890886088861,0.479597339045916,NA,0,0.0102980641615632,0.0062313623298302,0.0151106649629195,0.0254087291244827,0.0316400914543129,NA,NA,NA,NA,0.000135194136238557,3.10790156623192e-06,0,NA,NA,NA,NA,NA,0.166900953728563,0.0973686730907664,0.131262029739524,0.115216712957671,0.122107842077132,0.133690376517331,0.233453411889013,108044,63032,84973,74586,79047,86545,0.233453411889013,44.097850102328,287.923023405448,127.530279603244,NA,NA,906700,15013545,0,51962541,3660674,264567,377753,0,0,0,61844919,82068158
